# Made in Blockbench 5.1.4
mtllib bamboo_wheel.mtl

o tire
v 2.041446875 0.2500662880218032 -0.1575277962131198
v 2.041446875 -0.2500662880218032 0.1575277962131198
v 1.95829 0.24767832166650866 -0.023636425979874448
v 1.95829 0.2049258037508001 -0.141098003578113
v 2.041446875 0.29281880593751175 -0.04006621861488126
v 1.86658625 -0.595090318573603 0.15008405188103868
v 1.86658625 -0.5523378006578943 0.26754562947927724
v 2.041446875 -0.29281880593751175 0.04006621861488126
v 1.755325625 -0.6154804738288812 0.15750546146602654
v 1.755325625 -0.5727279559131725 0.2749670390642651
v 1.95829 -0.24767832166650866 0.023636425979874448
v 1.95829 -0.2049258037508001 0.141098003578113
v 1.86658625 0.595090318573603 -0.15008405188103868
v 1.86658625 0.5523378006578943 -0.26754562947927724
v 1.755325625 0.6154804738288812 -0.15750546146602654
v 1.755325625 0.5727279559131725 -0.2749670390642651
vt 0.40625 0.359375
vt 0.375 0.359375
vt 0.375 0.234375
vt 0.40625 0.234375
vt 0.296875 0.5625
vt 0.40625 0.5625
vt 0.40625 0.59375
vt 0.296875 0.59375
vt 0.328125 0.109375
vt 0.328125 0.234375
vt 0.359375 0.21875
vt 0.359375 0.125
vt 0.359375 0.21875
vt 0.328125 0.234375
vt 0.328125 0.109375
vt 0.359375 0.125
vt 0.46875 0.28125
vt 0.5 0.28125
vt 0.5 0.359375
vt 0.46875 0.359375
vt 0.40625 0.59375
vt 0.296875 0.59375
vt 0.296875 0.5625
vt 0.40625 0.5625
vt 0.265625 0.203125
vt 0.265625 0.234375
vt 0.234375 0.234375
vt 0.234375 0.203125
vt 0.421875 0.5625
vt 0.453125 0.5625
vt 0.453125 0.59375
vt 0.421875 0.59375
vt 0.3125 0.234375
vt 0.3125 0.15625
vt 0.28125 0.140625
vt 0.28125 0.234375
vt 0.28125 0.140625
vt 0.3125 0.15625
vt 0.3125 0.234375
vt 0.28125 0.234375
vt 0.453125 0.359375
vt 0.421875 0.359375
vt 0.421875 0.28125
vt 0.453125 0.28125
vt 0.296875 0.5625
vt 0.40625 0.5625
vt 0.40625 0.59375
vt 0.296875 0.59375
vt 0.234375 0.234375
vt 0.234375 0.203125
vt 0.265625 0.203125
vt 0.265625 0.234375
vt 0.453125 0.59375
vt 0.421875 0.59375
vt 0.421875 0.5625
vt 0.453125 0.5625
vt 0.3125 0.234375
vt 0.3125 0.15625
vt 0.28125 0.140625
vt 0.28125 0.234375
vt 0.28125 0.140625
vt 0.3125 0.15625
vt 0.3125 0.234375
vt 0.28125 0.234375
vn 1 0 0
vn -1 0 0
vn 0 0.34202014332566866 0.9396926207859084
vn 0 -0.34202014332566866 -0.9396926207859084
vn 0.8785790887620982 -0.4487942687693898 0.16334775514132374
vn -0.8877427953697716 0.43257791087375613 -0.15744548355910537
vn 0.19141993614731334 -0.9223160421624603 0.33569558593334714
vn 0.5002097206862057 0.8136838693900824 -0.2961567085605382
vn 0 -0.34202014332566866 -0.9396926207859084
vn 0 0.34202014332566866 0.9396926207859084
vn 0.8785790887620982 0.4487942687693898 -0.16334775514132374
vn -0.8877427953697716 -0.43257791087375613 0.15744548355910537
vn 0.19141993614731334 0.9223160421624603 -0.33569558593334714
vn 0.5002097206862057 -0.8136838693900824 0.2961567085605382
vn 0 0.34202014332566866 0.9396926207859084
vn 0 -0.34202014332566866 -0.9396926207859084
usemtl m_c97099ae-11ae-4572-7525-66d5e2ac8a47
f 1/1/1 5/2/1 2/3/1 8/4/1
f 12/5/2 3/6/2 4/7/2 11/8/2
f 2/9/3 5/10/3 3/11/3 12/12/3
f 4/13/4 1/14/4 8/15/4 11/16/4
f 7/17/5 6/18/5 8/19/5 2/20/5
f 11/21/6 9/22/6 10/23/6 12/24/6
f 9/25/7 6/26/7 7/27/7 10/28/7
f 2/29/8 8/30/8 11/31/8 12/32/8
f 8/33/9 6/34/9 9/35/9 11/36/9
f 10/37/10 7/38/10 2/39/10 12/40/10
f 14/41/11 13/42/11 5/43/11 1/44/11
f 3/45/12 15/46/12 16/47/12 4/48/12
f 15/49/13 13/50/13 14/51/13 16/52/13
f 1/53/14 5/54/14 3/55/14 4/56/14
f 5/57/15 13/58/15 15/59/15 3/60/15
f 16/61/16 14/62/16 1/63/16 4/64/16
o tire
v 1.6891809615926774 0.25006625933725474 -1.157146509032431
v 1.846708762077296 -0.2500663029353068 -0.8843003396104966
v 1.6841106793158125 0.24767829972230457 -0.9996147434975844
v 1.6253798918139601 0.2049257766723638 -1.1013394522574356
v 1.7479117490945297 0.29281878238719555 -1.05542180027258
v 1.6915531502857968 -0.5950903319452706 -0.8033164850552919
v 1.7502839377876491 -0.5523378088953298 -0.7015917762954407
v 1.7879779745754436 -0.2928188259852476 -0.9860250483703478
v 1.5989093271818362 -0.6154804856880941 -0.741259043132673
v 1.6576401146836885 -0.5727279626381533 -0.6395343343728218
v 1.7077471112356424 -0.24767834154442128 -0.9586752312189797
v 1.7664778987374947 -0.20492581849448052 -0.8569505224591285
v 1.5414690853374895 0.5950902920816202 -1.063269740845257
v 1.4827382978356372 0.5523377690316794 -1.1649944496051081
v 1.441403852230228 0.6154804482005752 -1.0140665592043594
v 1.3826730647283756 0.5727279251506344 -1.1157912679642106
vt 0.40625 0.359375
vt 0.375 0.359375
vt 0.375 0.234375
vt 0.40625 0.234375
vt 0.296875 0.5625
vt 0.40625 0.5625
vt 0.40625 0.59375
vt 0.296875 0.59375
vt 0.328125 0.109375
vt 0.328125 0.234375
vt 0.359375 0.21875
vt 0.359375 0.125
vt 0.359375 0.21875
vt 0.328125 0.234375
vt 0.328125 0.109375
vt 0.359375 0.125
vt 0.46875 0.28125
vt 0.5 0.28125
vt 0.5 0.359375
vt 0.46875 0.359375
vt 0.40625 0.59375
vt 0.296875 0.59375
vt 0.296875 0.5625
vt 0.40625 0.5625
vt 0.265625 0.203125
vt 0.265625 0.234375
vt 0.234375 0.234375
vt 0.234375 0.203125
vt 0.421875 0.5625
vt 0.453125 0.5625
vt 0.453125 0.59375
vt 0.421875 0.59375
vt 0.3125 0.234375
vt 0.3125 0.15625
vt 0.28125 0.140625
vt 0.28125 0.234375
vt 0.28125 0.140625
vt 0.3125 0.15625
vt 0.3125 0.234375
vt 0.28125 0.234375
vt 0.453125 0.359375
vt 0.421875 0.359375
vt 0.421875 0.28125
vt 0.453125 0.28125
vt 0.296875 0.5625
vt 0.40625 0.5625
vt 0.40625 0.59375
vt 0.296875 0.59375
vt 0.234375 0.234375
vt 0.234375 0.203125
vt 0.265625 0.203125
vt 0.265625 0.234375
vt 0.453125 0.59375
vt 0.421875 0.59375
vt 0.421875 0.5625
vt 0.453125 0.5625
vt 0.3125 0.234375
vt 0.3125 0.15625
vt 0.28125 0.140625
vt 0.28125 0.234375
vt 0.28125 0.140625
vt 0.3125 0.15625
vt 0.3125 0.234375
vt 0.28125 0.234375
vn 0.8660254075115164 -1.0678223499871464e-8 -0.49999999354451186
vn -0.8660254075115164 1.0678223499871464e-8 0.49999999354451186
vn 0.4698463000148187 0.34202018439952614 0.8137976700788097
vn -0.4698463000148187 -0.34202018439952614 -0.8137976700788097
vn 0.8425456955505627 -0.4487942710111414 -0.29782621311227236
vn -0.8475305623423368 0.43257791347134744 0.3075195842096201
vn 0.333622330635343 -0.9223160295332682 0.1950109796073784
vn 0.2851159645716789 0.8136838511037541 -0.5065841264778485
vn -0.4698463000148187 -0.34202018439952614 -0.8137976700788097
vn 0.4698463000148187 0.34202018439952614 0.8137976700788097
vn 0.6791979312020231 0.4487942522478136 -0.5807528643065121
vn -0.6900850699087014 -0.43257789451231543 0.5802231996985253
vn -0.002073274219731996 0.9223160254452185 -0.3864309132832735
vn 0.5812726898253072 -0.8136838617864566 0.006374412249838646
vn 0.4698463000148187 0.34202018439952614 0.8137976700788097
vn -0.4698463000148187 -0.34202018439952614 -0.8137976700788097
usemtl m_c97099ae-11ae-4572-7525-66d5e2ac8a47
f 17/65/17 21/66/17 18/67/17 24/68/17
f 28/69/18 19/70/18 20/71/18 27/72/18
f 18/73/19 21/74/19 19/75/19 28/76/19
f 20/77/20 17/78/20 24/79/20 27/80/20
f 23/81/21 22/82/21 24/83/21 18/84/21
f 27/85/22 25/86/22 26/87/22 28/88/22
f 25/89/23 22/90/23 23/91/23 26/92/23
f 18/93/24 24/94/24 27/95/24 28/96/24
f 24/97/25 22/98/25 25/99/25 27/100/25
f 26/101/26 23/102/26 18/103/26 28/104/26
f 30/105/27 29/106/27 21/107/27 17/108/27
f 19/109/28 31/110/28 32/111/28 20/112/28
f 31/113/29 29/114/29 30/115/29 32/116/29
f 17/117/30 21/118/30 19/119/30 20/120/30
f 21/121/31 29/122/31 31/123/31 19/124/31
f 32/125/32 30/126/32 17/127/32 20/128/32
o tire
v 0.884300443503781 0.25006619891818654 -1.8467087264129276
v 1.157146586344328 -0.25006636737032556 -1.689180892638177
v 0.958675327902468 0.24767824013947068 -1.7077470716675671
v 0.8569506205702673 0.20492571858678918 -1.7664778627320985
v 0.9860251508359817 0.29281872047086804 -1.7879779353483962
v 1.063269797818937 -0.5950903909382018 -1.5414690078743778
v 1.1649945051511377 -0.5523378693855202 -1.4827382168098464
v 1.0554218790121273 -0.29281888892300706 -1.7479116837027084
v 1.0140666102953735 -0.6154805413732964 -1.4414037765014962
v 1.1157913176275742 -0.5727280198206148 -1.3826729854369648
v 0.9996148206380144 -0.24767840172983255 -1.6841106185265937
v 1.1013395279702152 -0.20492588017715105 -1.6253798274620623
v 0.8033165937656197 0.5950902369148715 -1.6915531320911938
v 0.701591886433419 0.5523377153621899 -1.7502839231557252
v 0.7412591478498273 0.6154803965307538 -1.5989093129546728
v 0.6395344405176265 0.5727278749780722 -1.6576401040192041
vt 0.40625 0.359375
vt 0.375 0.359375
vt 0.375 0.234375
vt 0.40625 0.234375
vt 0.296875 0.5625
vt 0.40625 0.5625
vt 0.40625 0.59375
vt 0.296875 0.59375
vt 0.328125 0.109375
vt 0.328125 0.234375
vt 0.359375 0.21875
vt 0.359375 0.125
vt 0.359375 0.21875
vt 0.328125 0.234375
vt 0.328125 0.109375
vt 0.359375 0.125
vt 0.46875 0.28125
vt 0.5 0.28125
vt 0.5 0.359375
vt 0.46875 0.359375
vt 0.40625 0.59375
vt 0.296875 0.59375
vt 0.296875 0.5625
vt 0.40625 0.5625
vt 0.265625 0.203125
vt 0.265625 0.234375
vt 0.234375 0.234375
vt 0.234375 0.203125
vt 0.421875 0.5625
vt 0.453125 0.5625
vt 0.453125 0.59375
vt 0.421875 0.59375
vt 0.3125 0.234375
vt 0.3125 0.15625
vt 0.28125 0.140625
vt 0.28125 0.234375
vt 0.28125 0.140625
vt 0.3125 0.15625
vt 0.3125 0.234375
vt 0.28125 0.234375
vt 0.453125 0.359375
vt 0.421875 0.359375
vt 0.421875 0.28125
vt 0.453125 0.28125
vt 0.296875 0.5625
vt 0.40625 0.5625
vt 0.40625 0.59375
vt 0.296875 0.59375
vt 0.234375 0.234375
vt 0.234375 0.203125
vt 0.265625 0.203125
vt 0.265625 0.234375
vt 0.453125 0.59375
vt 0.421875 0.59375
vt 0.421875 0.5625
vt 0.453125 0.5625
vt 0.3125 0.234375
vt 0.3125 0.15625
vt 0.28125 0.140625
vt 0.28125 0.234375
vt 0.28125 0.140625
vt 0.3125 0.15625
vt 0.3125 0.234375
vt 0.28125 0.234375
vn 0.5000000379260688 -4.1258026578505635e-8 -0.8660253818878104
vn -0.5000000379260688 4.1258026578505635e-8 0.8660253818878104
vn 0.8137976586576053 0.34202017242145205 0.46984632851625024
vn -0.8137976586576053 -0.34202017242145205 -0.46984632851625024
vn 0.5807528825050351 -0.44879429996007786 -0.6791978841143695
vn -0.5802232190551078 0.4325779426252732 0.6900850234742197
vn 0.38643087904470824 -0.9223160396658966 0.002073329629058263
vn -0.006374352348975043 0.8136838395824895 -0.5812727215640079
vn -0.8137976586576053 -0.34202017242145205 -0.46984632851625024
vn 0.8137976586576053 0.34202017242145205 0.46984632851625024
vn 0.2978262728991652 0.448794227463199 -0.8425456976133118
vn -0.30751964365185275 -0.43257786937224146 0.847530563282298
vn -0.1950109283777834 0.9223160238706788 -0.333622376234893
vn 0.5065841109771575 -0.8136838808578215 -0.28511590719852486
vn 0.8137976586576053 0.34202017242145205 0.46984632851625024
vn -0.8137976586576053 -0.34202017242145205 -0.46984632851625024
usemtl m_c97099ae-11ae-4572-7525-66d5e2ac8a47
f 33/129/33 37/130/33 34/131/33 40/132/33
f 44/133/34 35/134/34 36/135/34 43/136/34
f 34/137/35 37/138/35 35/139/35 44/140/35
f 36/141/36 33/142/36 40/143/36 43/144/36
f 39/145/37 38/146/37 40/147/37 34/148/37
f 43/149/38 41/150/38 42/151/38 44/152/38
f 41/153/39 38/154/39 39/155/39 42/156/39
f 34/157/40 40/158/40 43/159/40 44/160/40
f 40/161/41 38/162/41 41/163/41 43/164/41
f 42/165/42 39/166/42 34/167/42 44/168/42
f 46/169/43 45/170/43 37/171/43 33/172/43
f 35/173/44 47/174/44 48/175/44 36/176/44
f 47/177/45 45/178/45 46/179/45 48/180/45
f 33/181/46 37/182/46 35/183/46 36/184/46
f 37/185/47 45/186/47 47/187/47 35/188/47
f 48/189/48 46/190/48 33/191/48 36/192/48
o tire
v -0.15752779621311935 0.25006628802180325 -2.0414468749999997
v 0.15752779621312027 -0.25006628802180314 -2.0414468749999997
v -0.023636425979874025 0.24767832166650872 -1.9582899999999999
v -0.14109800357811256 0.20492580375080016 -1.9582899999999999
v -0.04006621861488081 0.2928188059375118 -2.0414468749999997
v 0.1500840518810391 -0.595090318573603 -1.8665862499999997
v 0.2675456294792776 -0.5523378006578943 -1.8665862499999997
v 0.04006621861488172 -0.2928188059375117 -2.0414468749999997
v 0.15750546146602692 -0.6154804738288812 -1.7553256249999998
v 0.27496703906426545 -0.5727279559131725 -1.7553256249999998
v 0.023636425979874885 -0.2476783216665086 -1.9582899999999999
v 0.14109800357811342 -0.20492580375080005 -1.9582899999999999
v -0.15008405188103827 0.595090318573603 -1.8665862499999997
v -0.2675456294792768 0.5523378006578943 -1.8665862499999997
v -0.15750546146602615 0.6154804738288812 -1.7553256249999998
v -0.2749670390642647 0.5727279559131725 -1.7553256249999998
vt 0.40625 0.359375
vt 0.375 0.359375
vt 0.375 0.234375
vt 0.40625 0.234375
vt 0.296875 0.5625
vt 0.40625 0.5625
vt 0.40625 0.59375
vt 0.296875 0.59375
vt 0.328125 0.109375
vt 0.328125 0.234375
vt 0.359375 0.21875
vt 0.359375 0.125
vt 0.359375 0.21875
vt 0.328125 0.234375
vt 0.328125 0.109375
vt 0.359375 0.125
vt 0.46875 0.28125
vt 0.5 0.28125
vt 0.5 0.359375
vt 0.46875 0.359375
vt 0.40625 0.59375
vt 0.296875 0.59375
vt 0.296875 0.5625
vt 0.40625 0.5625
vt 0.265625 0.203125
vt 0.265625 0.234375
vt 0.234375 0.234375
vt 0.234375 0.203125
vt 0.421875 0.5625
vt 0.453125 0.5625
vt 0.453125 0.59375
vt 0.421875 0.59375
vt 0.3125 0.234375
vt 0.3125 0.15625
vt 0.28125 0.140625
vt 0.28125 0.234375
vt 0.28125 0.140625
vt 0.3125 0.15625
vt 0.3125 0.234375
vt 0.28125 0.234375
vt 0.453125 0.359375
vt 0.421875 0.359375
vt 0.421875 0.28125
vt 0.453125 0.28125
vt 0.296875 0.5625
vt 0.40625 0.5625
vt 0.40625 0.59375
vt 0.296875 0.59375
vt 0.234375 0.234375
vt 0.234375 0.203125
vt 0.265625 0.203125
vt 0.265625 0.234375
vt 0.453125 0.59375
vt 0.421875 0.59375
vt 0.421875 0.5625
vt 0.453125 0.5625
vt 0.3125 0.234375
vt 0.3125 0.15625
vt 0.28125 0.140625
vt 0.28125 0.234375
vt 0.28125 0.140625
vt 0.3125 0.15625
vt 0.3125 0.234375
vt 0.28125 0.234375
vn 2.1814664268351818e-16 4.9862018009478905e-17 -1
vn -2.1814664268351818e-16 -4.9862018009478905e-17 1
vn 0.9396926207859085 0.34202014332566866 2.1814664268351818e-16
vn -0.9396926207859085 -0.34202014332566866 -2.1814664268351818e-16
vn 0.16334775514132394 -0.44879426876938977 -0.8785790887620982
vn -0.15744548355910556 0.4325779108737561 0.8877427953697716
vn 0.3356955859333472 -0.9223160421624603 -0.19141993614731329
vn -0.2961567085605381 0.8136838693900824 -0.5002097206862057
vn -0.9396926207859085 -0.34202014332566866 -2.1814664268351818e-16
vn 0.9396926207859085 0.34202014332566866 2.1814664268351818e-16
vn -0.16334775514132355 0.4487942687693899 -0.8785790887620982
vn 0.15744548355910518 -0.4325779108737562 0.8877427953697716
vn -0.3356955859333471 0.9223160421624603 -0.1914199361473134
vn 0.29615670856053833 -0.8136838693900824 -0.5002097206862057
vn 0.9396926207859085 0.34202014332566866 2.1814664268351818e-16
vn -0.9396926207859085 -0.34202014332566866 -2.1814664268351818e-16
usemtl m_c97099ae-11ae-4572-7525-66d5e2ac8a47
f 49/193/49 53/194/49 50/195/49 56/196/49
f 60/197/50 51/198/50 52/199/50 59/200/50
f 50/201/51 53/202/51 51/203/51 60/204/51
f 52/205/52 49/206/52 56/207/52 59/208/52
f 55/209/53 54/210/53 56/211/53 50/212/53
f 59/213/54 57/214/54 58/215/54 60/216/54
f 57/217/55 54/218/55 55/219/55 58/220/55
f 50/221/56 56/222/56 59/223/56 60/224/56
f 56/225/57 54/226/57 57/227/57 59/228/57
f 58/229/58 55/230/58 50/231/58 60/232/58
f 62/233/59 61/234/59 53/235/59 49/236/59
f 51/237/60 63/238/60 64/239/60 52/240/60
f 63/241/61 61/242/61 62/243/61 64/244/61
f 49/245/62 53/246/62 51/247/62 52/248/62
f 53/249/63 61/250/63 63/251/63 51/252/63
f 64/253/64 62/254/64 49/255/64 52/256/64
o tire
v -1.1571465863443289 0.2500663673703269 -1.6891808926381773
v -0.884300443503782 -0.2500661989181852 -1.8467087264129283
v -0.9996148206380153 0.24767840172983388 -1.6841106185265942
v -1.101339527970216 0.20492588017715233 -1.6253798274620628
v -1.0554218790121281 0.2928188889230084 -1.7479116837027087
v -0.8033165937656207 -0.5950902369148702 -1.6915531320911947
v -0.70159188643342 -0.5523377153621886 -1.7502839231557261
v -0.9860251508359827 -0.2928187204708667 -1.7879779353483969
v -0.741259147849828 -0.6154803965307525 -1.5989093129546736
v -0.6395344405176273 -0.5727278749780709 -1.657640104019205
v -0.9586753279024688 -0.2476782401394694 -1.7077470716675676
v -0.856950620570268 -0.20492571858678785 -1.766477862732099
v -1.0632697978189378 0.5950903909382029 -1.5414690078743778
v -1.1649945051511386 0.5523378693855213 -1.4827382168098464
v -1.0140666102953741 0.6154805413732976 -1.4414037765014962
v -1.1157913176275749 0.5727280198206159 -1.3826729854369648
vt 0.40625 0.359375
vt 0.375 0.359375
vt 0.375 0.234375
vt 0.40625 0.234375
vt 0.296875 0.5625
vt 0.40625 0.5625
vt 0.40625 0.59375
vt 0.296875 0.59375
vt 0.328125 0.109375
vt 0.328125 0.234375
vt 0.359375 0.21875
vt 0.359375 0.125
vt 0.359375 0.21875
vt 0.328125 0.234375
vt 0.328125 0.109375
vt 0.359375 0.125
vt 0.46875 0.28125
vt 0.5 0.28125
vt 0.5 0.359375
vt 0.46875 0.359375
vt 0.40625 0.59375
vt 0.296875 0.59375
vt 0.296875 0.5625
vt 0.40625 0.5625
vt 0.265625 0.203125
vt 0.265625 0.234375
vt 0.234375 0.234375
vt 0.234375 0.203125
vt 0.421875 0.5625
vt 0.453125 0.5625
vt 0.453125 0.59375
vt 0.421875 0.59375
vt 0.3125 0.234375
vt 0.3125 0.15625
vt 0.28125 0.140625
vt 0.28125 0.234375
vt 0.28125 0.140625
vt 0.3125 0.15625
vt 0.3125 0.234375
vt 0.28125 0.234375
vt 0.453125 0.359375
vt 0.421875 0.359375
vt 0.421875 0.28125
vt 0.453125 0.28125
vt 0.296875 0.5625
vt 0.40625 0.5625
vt 0.40625 0.59375
vt 0.296875 0.59375
vt 0.234375 0.234375
vt 0.234375 0.203125
vt 0.265625 0.203125
vt 0.265625 0.234375
vt 0.453125 0.59375
vt 0.421875 0.59375
vt 0.421875 0.5625
vt 0.453125 0.5625
vt 0.3125 0.234375
vt 0.3125 0.15625
vt 0.28125 0.140625
vt 0.28125 0.234375
vt 0.28125 0.140625
vt 0.3125 0.15625
vt 0.3125 0.234375
vt 0.28125 0.234375
vn -0.500000037926069 4.125802721688386e-8 -0.8660253818878104
vn 0.500000037926069 -4.125802721688386e-8 0.8660253818878104
vn 0.8137976586576052 0.3420201724214523 -0.46984632851625013
vn -0.8137976586576052 -0.3420201724214523 0.46984632851625013
vn -0.29782627289916536 -0.4487942274631987 -0.8425456976133121
vn 0.3075196436518528 0.4325778693722411 0.8475305632822984
vn 0.19501092837778325 -0.9223160238706787 -0.3336223762348936
vn -0.5065841109771573 0.8136838808578218 -0.28511590719852403
vn -0.8137976586576052 -0.3420201724214523 0.46984632851625013
vn 0.8137976586576052 0.3420201724214523 -0.46984632851625013
vn -0.5807528825050351 0.44879429996007864 -0.679197884114369
vn 0.5802232190551077 -0.43257794262527394 0.6900850234742193
vn -0.38643087904470796 0.9223160396658965 0.0020733296290590397
vn 0.006374352348974934 -0.8136838395824894 -0.5812727215640083
vn 0.8137976586576052 0.3420201724214523 -0.46984632851625013
vn -0.8137976586576052 -0.3420201724214523 0.46984632851625013
usemtl m_c97099ae-11ae-4572-7525-66d5e2ac8a47
f 65/257/65 69/258/65 66/259/65 72/260/65
f 76/261/66 67/262/66 68/263/66 75/264/66
f 66/265/67 69/266/67 67/267/67 76/268/67
f 68/269/68 65/270/68 72/271/68 75/272/68
f 71/273/69 70/274/69 72/275/69 66/276/69
f 75/277/70 73/278/70 74/279/70 76/280/70
f 73/281/71 70/282/71 71/283/71 74/284/71
f 66/285/72 72/286/72 75/287/72 76/288/72
f 72/289/73 70/290/73 73/291/73 75/292/73
f 74/293/74 71/294/74 66/295/74 76/296/74
f 78/297/75 77/298/75 69/299/75 65/300/75
f 67/301/76 79/302/76 80/303/76 68/304/76
f 79/305/77 77/306/77 78/307/77 80/308/77
f 65/309/78 69/310/78 67/311/78 68/312/78
f 69/313/79 77/314/79 79/315/79 67/316/79
f 80/317/80 78/318/80 65/319/80 68/320/80
o tire
v -1.8467087620772962 0.2500663029353069 -0.8843003396104969
v -1.6891809615926772 -0.2500662593372545 -1.1571465090324315
v -1.7077471112356424 0.24767834154442142 -0.9586752312189799
v -1.7664778987374947 0.20492581849448055 -0.8569505224591287
v -1.7879779745754438 0.2928188259852477 -0.9860250483703481
v -1.5414690853374893 -0.59509029208162 -1.0632697408452576
v -1.482738297835637 -0.5523377690316792 -1.1649944496051088
v -1.7479117490945295 -0.29281878238719533 -1.0554218002725804
v -1.4414038522302277 -0.615480448200575 -1.01406655920436
v -1.3826730647283754 -0.5727279251506342 -1.1157912679642112
v -1.6841106793158125 -0.24767829972230443 -0.9996147434975848
v -1.6253798918139601 -0.20492577667236356 -1.101339452257436
v -1.691553150285797 0.5950903319452706 -0.8033164850552919
v -1.7502839377876493 0.5523378088953298 -0.7015917762954407
v -1.5989093271818364 0.6154804856880941 -0.741259043132673
v -1.6576401146836888 0.5727279626381533 -0.6395343343728218
vt 0.40625 0.359375
vt 0.375 0.359375
vt 0.375 0.234375
vt 0.40625 0.234375
vt 0.296875 0.5625
vt 0.40625 0.5625
vt 0.40625 0.59375
vt 0.296875 0.59375
vt 0.328125 0.109375
vt 0.328125 0.234375
vt 0.359375 0.21875
vt 0.359375 0.125
vt 0.359375 0.21875
vt 0.328125 0.234375
vt 0.328125 0.109375
vt 0.359375 0.125
vt 0.46875 0.28125
vt 0.5 0.28125
vt 0.5 0.359375
vt 0.46875 0.359375
vt 0.40625 0.59375
vt 0.296875 0.59375
vt 0.296875 0.5625
vt 0.40625 0.5625
vt 0.265625 0.203125
vt 0.265625 0.234375
vt 0.234375 0.234375
vt 0.234375 0.203125
vt 0.421875 0.5625
vt 0.453125 0.5625
vt 0.453125 0.59375
vt 0.421875 0.59375
vt 0.3125 0.234375
vt 0.3125 0.15625
vt 0.28125 0.140625
vt 0.28125 0.234375
vt 0.28125 0.140625
vt 0.3125 0.15625
vt 0.3125 0.234375
vt 0.28125 0.234375
vt 0.453125 0.359375
vt 0.421875 0.359375
vt 0.421875 0.28125
vt 0.453125 0.28125
vt 0.296875 0.5625
vt 0.40625 0.5625
vt 0.40625 0.59375
vt 0.296875 0.59375
vt 0.234375 0.234375
vt 0.234375 0.203125
vt 0.265625 0.203125
vt 0.265625 0.234375
vt 0.453125 0.59375
vt 0.421875 0.59375
vt 0.421875 0.5625
vt 0.453125 0.5625
vt 0.3125 0.234375
vt 0.3125 0.15625
vt 0.28125 0.140625
vt 0.28125 0.234375
vt 0.28125 0.140625
vt 0.3125 0.15625
vt 0.3125 0.234375
vt 0.28125 0.234375
vn -0.8660254075115164 1.0678223638649344e-8 -0.4999999935445121
vn 0.8660254075115164 -1.0678223638649344e-8 0.4999999935445121
vn 0.46984630001481875 0.34202018439952675 -0.8137976700788094
vn -0.46984630001481875 -0.34202018439952675 0.8137976700788094
vn -0.6791979312020228 -0.4487942522478135 -0.5807528643065124
vn 0.6900850699087012 0.4325778945123154 0.5802231996985258
vn 0.0020732742197323017 -0.9223160254452183 -0.38643091328327406
vn -0.5812726898253073 0.8136838617864566 0.006374412249839036
vn -0.46984630001481875 -0.34202018439952675 0.8137976700788094
vn 0.46984630001481875 0.34202018439952675 -0.8137976700788094
vn -0.8425456955505628 0.4487942710111415 -0.2978262131122723
vn 0.847530562342337 -0.4325779134713476 0.30751958420962006
vn -0.33362233063534324 0.9223160295332682 0.19501097960737895
vn -0.2851159645716786 -0.8136838511037541 -0.506584126477849
vn 0.46984630001481875 0.34202018439952675 -0.8137976700788094
vn -0.46984630001481875 -0.34202018439952675 0.8137976700788094
usemtl m_c97099ae-11ae-4572-7525-66d5e2ac8a47
f 81/321/81 85/322/81 82/323/81 88/324/81
f 92/325/82 83/326/82 84/327/82 91/328/82
f 82/329/83 85/330/83 83/331/83 92/332/83
f 84/333/84 81/334/84 88/335/84 91/336/84
f 87/337/85 86/338/85 88/339/85 82/340/85
f 91/341/86 89/342/86 90/343/86 92/344/86
f 89/345/87 86/346/87 87/347/87 90/348/87
f 82/349/88 88/350/88 91/351/88 92/352/88
f 88/353/89 86/354/89 89/355/89 91/356/89
f 90/357/90 87/358/90 82/359/90 92/360/90
f 94/361/91 93/362/91 85/363/91 81/364/91
f 83/365/92 95/366/92 96/367/92 84/368/92
f 95/369/93 93/370/93 94/371/93 96/372/93
f 81/373/94 85/374/94 83/375/94 84/376/94
f 85/377/95 93/378/95 95/379/95 83/380/95
f 96/381/96 94/382/96 81/383/96 84/384/96
o tire
v -2.0414468749999997 0.25006628802180336 0.15752779621311994
v -2.0414468749999997 -0.2500662880218029 -0.15752779621311977
v -1.9582899999999996 0.24767832166650888 0.023636425979874587
v -1.9582899999999996 0.20492580375080027 0.1410980035781131
v -2.0414468749999997 0.2928188059375119 0.04006621861488141
v -1.8665862499999994 -0.5950903185736026 -0.15008405188103868
v -1.8665862499999994 -0.552337800657894 -0.26754562947927724
v -2.0414468749999997 -0.2928188059375115 -0.040066218614881244
v -1.7553256249999996 -0.6154804738288808 -0.15750546146602656
v -1.7553256249999996 -0.5727279559131722 -0.27496703906426506
v -1.9582899999999996 -0.24767832166650844 -0.02363642597987442
v -1.9582899999999996 -0.20492580375079983 -0.14109800357811295
v -1.8665862499999994 0.5950903185736031 0.15008405188103885
v -1.8665862499999994 0.5523378006578944 0.2675456294792774
v -1.7553256249999996 0.6154804738288813 0.15750546146602673
v -1.7553256249999996 0.5727279559131726 0.27496703906426523
vt 0.40625 0.359375
vt 0.375 0.359375
vt 0.375 0.234375
vt 0.40625 0.234375
vt 0.296875 0.5625
vt 0.40625 0.5625
vt 0.40625 0.59375
vt 0.296875 0.59375
vt 0.328125 0.109375
vt 0.328125 0.234375
vt 0.359375 0.21875
vt 0.359375 0.125
vt 0.359375 0.21875
vt 0.328125 0.234375
vt 0.328125 0.109375
vt 0.359375 0.125
vt 0.46875 0.28125
vt 0.5 0.28125
vt 0.5 0.359375
vt 0.46875 0.359375
vt 0.40625 0.59375
vt 0.296875 0.59375
vt 0.296875 0.5625
vt 0.40625 0.5625
vt 0.265625 0.203125
vt 0.265625 0.234375
vt 0.234375 0.234375
vt 0.234375 0.203125
vt 0.421875 0.5625
vt 0.453125 0.5625
vt 0.453125 0.59375
vt 0.421875 0.59375
vt 0.3125 0.234375
vt 0.3125 0.15625
vt 0.28125 0.140625
vt 0.28125 0.234375
vt 0.28125 0.140625
vt 0.3125 0.15625
vt 0.3125 0.234375
vt 0.28125 0.234375
vt 0.453125 0.359375
vt 0.421875 0.359375
vt 0.421875 0.28125
vt 0.453125 0.28125
vt 0.296875 0.5625
vt 0.40625 0.5625
vt 0.40625 0.59375
vt 0.296875 0.59375
vt 0.234375 0.234375
vt 0.234375 0.203125
vt 0.265625 0.203125
vt 0.265625 0.234375
vt 0.453125 0.59375
vt 0.421875 0.59375
vt 0.421875 0.5625
vt 0.453125 0.5625
vt 0.3125 0.234375
vt 0.3125 0.15625
vt 0.28125 0.140625
vt 0.28125 0.234375
vt 0.28125 0.140625
vt 0.3125 0.15625
vt 0.3125 0.234375
vt 0.28125 0.234375
vn -1 1.1507915602278503e-16 4.1885387376769936e-17
vn 1 -1.1507915602278503e-16 -4.1885387376769936e-17
vn -6.162975822039156e-33 0.3420201433256689 -0.9396926207859083
vn 6.162975822039156e-33 -0.3420201433256689 0.9396926207859083
vn -0.8785790887620983 -0.4487942687693896 -0.16334775514132382
vn 0.8877427953697717 0.4325779108737559 0.15744548355910545
vn -0.1914199361473135 -0.9223160421624603 -0.3356955859333474
vn -0.5002097206862056 0.8136838693900823 0.2961567085605384
vn 6.162975822039156e-33 -0.3420201433256689 0.9396926207859083
vn -6.162975822039156e-33 0.3420201433256689 -0.9396926207859083
vn -0.8785790887620981 0.4487942687693898 0.16334775514132388
vn 0.8877427953697715 -0.43257791087375613 -0.1574454835591055
vn -0.19141993614731329 0.9223160421624603 0.3356955859333474
vn -0.500209720686206 -0.8136838693900823 -0.29615670856053844
vn -6.162975822039156e-33 0.3420201433256689 -0.9396926207859083
vn 6.162975822039156e-33 -0.3420201433256689 0.9396926207859083
usemtl m_c97099ae-11ae-4572-7525-66d5e2ac8a47
f 97/385/97 101/386/97 98/387/97 104/388/97
f 108/389/98 99/390/98 100/391/98 107/392/98
f 98/393/99 101/394/99 99/395/99 108/396/99
f 100/397/100 97/398/100 104/399/100 107/400/100
f 103/401/101 102/402/101 104/403/101 98/404/101
f 107/405/102 105/406/102 106/407/102 108/408/102
f 105/409/103 102/410/103 103/411/103 106/412/103
f 98/413/104 104/414/104 107/415/104 108/416/104
f 104/417/105 102/418/105 105/419/105 107/420/105
f 106/421/106 103/422/106 98/423/106 108/424/106
f 110/425/107 109/426/107 101/427/107 97/428/107
f 99/429/108 111/430/108 112/431/108 100/432/108
f 111/433/109 109/434/109 110/435/109 112/436/109
f 97/437/110 101/438/110 99/439/110 100/440/110
f 101/441/111 109/442/111 111/443/111 99/444/111
f 112/445/112 110/446/112 97/447/112 100/448/112
o tire
v -1.6891809615926772 0.2500662593372545 1.1571465090324315
v -1.8467087620772962 -0.2500663029353069 0.8843003396104969
v -1.6841106793158125 0.24767829972230443 0.9996147434975848
v -1.6253798918139601 0.20492577667236356 1.101339452257436
v -1.7479117490945295 0.29281878238719533 1.0554218002725804
v -1.691553150285797 -0.5950903319452706 0.8033164850552919
v -1.7502839377876493 -0.5523378088953298 0.7015917762954407
v -1.7879779745754438 -0.2928188259852477 0.9860250483703481
v -1.5989093271818364 -0.6154804856880941 0.741259043132673
v -1.6576401146836888 -0.5727279626381533 0.6395343343728218
v -1.7077471112356424 -0.24767834154442142 0.9586752312189799
v -1.7664778987374947 -0.20492581849448055 0.8569505224591287
v -1.5414690853374893 0.59509029208162 1.0632697408452576
v -1.482738297835637 0.5523377690316792 1.1649944496051088
v -1.4414038522302277 0.615480448200575 1.01406655920436
v -1.3826730647283754 0.5727279251506342 1.1157912679642112
vt 0.40625 0.359375
vt 0.375 0.359375
vt 0.375 0.234375
vt 0.40625 0.234375
vt 0.296875 0.5625
vt 0.40625 0.5625
vt 0.40625 0.59375
vt 0.296875 0.59375
vt 0.328125 0.109375
vt 0.328125 0.234375
vt 0.359375 0.21875
vt 0.359375 0.125
vt 0.359375 0.21875
vt 0.328125 0.234375
vt 0.328125 0.109375
vt 0.359375 0.125
vt 0.46875 0.28125
vt 0.5 0.28125
vt 0.5 0.359375
vt 0.46875 0.359375
vt 0.40625 0.59375
vt 0.296875 0.59375
vt 0.296875 0.5625
vt 0.40625 0.5625
vt 0.265625 0.203125
vt 0.265625 0.234375
vt 0.234375 0.234375
vt 0.234375 0.203125
vt 0.421875 0.5625
vt 0.453125 0.5625
vt 0.453125 0.59375
vt 0.421875 0.59375
vt 0.3125 0.234375
vt 0.3125 0.15625
vt 0.28125 0.140625
vt 0.28125 0.234375
vt 0.28125 0.140625
vt 0.3125 0.15625
vt 0.3125 0.234375
vt 0.28125 0.234375
vt 0.453125 0.359375
vt 0.421875 0.359375
vt 0.421875 0.28125
vt 0.453125 0.28125
vt 0.296875 0.5625
vt 0.40625 0.5625
vt 0.40625 0.59375
vt 0.296875 0.59375
vt 0.234375 0.234375
vt 0.234375 0.203125
vt 0.265625 0.203125
vt 0.265625 0.234375
vt 0.453125 0.59375
vt 0.421875 0.59375
vt 0.421875 0.5625
vt 0.453125 0.5625
vt 0.3125 0.234375
vt 0.3125 0.15625
vt 0.28125 0.140625
vt 0.28125 0.234375
vt 0.28125 0.140625
vt 0.3125 0.15625
vt 0.3125 0.234375
vt 0.28125 0.234375
vn -0.8660254075115164 -1.0678223638649344e-8 0.4999999935445121
vn 0.8660254075115164 1.0678223638649344e-8 -0.4999999935445121
vn -0.46984630001481875 0.34202018439952675 -0.8137976700788094
vn 0.46984630001481875 -0.34202018439952675 0.8137976700788094
vn -0.8425456955505628 -0.4487942710111415 0.2978262131122723
vn 0.847530562342337 0.4325779134713476 -0.30751958420962006
vn -0.33362233063534324 -0.9223160295332682 -0.19501097960737895
vn -0.2851159645716786 0.8136838511037541 0.506584126477849
vn 0.46984630001481875 -0.34202018439952675 0.8137976700788094
vn -0.46984630001481875 0.34202018439952675 -0.8137976700788094
vn -0.6791979312020228 0.4487942522478135 0.5807528643065124
vn 0.6900850699087012 -0.4325778945123154 -0.5802231996985258
vn 0.0020732742197323017 0.9223160254452183 0.38643091328327406
vn -0.5812726898253073 -0.8136838617864566 -0.006374412249839036
vn -0.46984630001481875 0.34202018439952675 -0.8137976700788094
vn 0.46984630001481875 -0.34202018439952675 0.8137976700788094
usemtl m_c97099ae-11ae-4572-7525-66d5e2ac8a47
f 113/449/113 117/450/113 114/451/113 120/452/113
f 124/453/114 115/454/114 116/455/114 123/456/114
f 114/457/115 117/458/115 115/459/115 124/460/115
f 116/461/116 113/462/116 120/463/116 123/464/116
f 119/465/117 118/466/117 120/467/117 114/468/117
f 123/469/118 121/470/118 122/471/118 124/472/118
f 121/473/119 118/474/119 119/475/119 122/476/119
f 114/477/120 120/478/120 123/479/120 124/480/120
f 120/481/121 118/482/121 121/483/121 123/484/121
f 122/485/122 119/486/122 114/487/122 124/488/122
f 126/489/123 125/490/123 117/491/123 113/492/123
f 115/493/124 127/494/124 128/495/124 116/496/124
f 127/497/125 125/498/125 126/499/125 128/500/125
f 113/501/126 117/502/126 115/503/126 116/504/126
f 117/505/127 125/506/127 127/507/127 115/508/127
f 128/509/128 126/510/128 113/511/128 116/512/128
o tire
v -0.884300443503782 0.2500661989181852 1.8467087264129283
v -1.1571465863443289 -0.2500663673703269 1.6891808926381773
v -0.9586753279024688 0.2476782401394694 1.7077470716675676
v -0.856950620570268 0.20492571858678785 1.766477862732099
v -0.9860251508359827 0.2928187204708667 1.7879779353483969
v -1.0632697978189378 -0.5950903909382029 1.5414690078743778
v -1.1649945051511386 -0.5523378693855213 1.4827382168098464
v -1.0554218790121281 -0.2928188889230084 1.7479116837027087
v -1.0140666102953741 -0.6154805413732976 1.4414037765014962
v -1.1157913176275749 -0.5727280198206159 1.3826729854369648
v -0.9996148206380153 -0.24767840172983388 1.6841106185265942
v -1.101339527970216 -0.20492588017715233 1.6253798274620628
v -0.8033165937656207 0.5950902369148702 1.6915531320911947
v -0.70159188643342 0.5523377153621886 1.7502839231557261
v -0.741259147849828 0.6154803965307525 1.5989093129546736
v -0.6395344405176273 0.5727278749780709 1.657640104019205
vt 0.40625 0.359375
vt 0.375 0.359375
vt 0.375 0.234375
vt 0.40625 0.234375
vt 0.296875 0.5625
vt 0.40625 0.5625
vt 0.40625 0.59375
vt 0.296875 0.59375
vt 0.328125 0.109375
vt 0.328125 0.234375
vt 0.359375 0.21875
vt 0.359375 0.125
vt 0.359375 0.21875
vt 0.328125 0.234375
vt 0.328125 0.109375
vt 0.359375 0.125
vt 0.46875 0.28125
vt 0.5 0.28125
vt 0.5 0.359375
vt 0.46875 0.359375
vt 0.40625 0.59375
vt 0.296875 0.59375
vt 0.296875 0.5625
vt 0.40625 0.5625
vt 0.265625 0.203125
vt 0.265625 0.234375
vt 0.234375 0.234375
vt 0.234375 0.203125
vt 0.421875 0.5625
vt 0.453125 0.5625
vt 0.453125 0.59375
vt 0.421875 0.59375
vt 0.3125 0.234375
vt 0.3125 0.15625
vt 0.28125 0.140625
vt 0.28125 0.234375
vt 0.28125 0.140625
vt 0.3125 0.15625
vt 0.3125 0.234375
vt 0.28125 0.234375
vt 0.453125 0.359375
vt 0.421875 0.359375
vt 0.421875 0.28125
vt 0.453125 0.28125
vt 0.296875 0.5625
vt 0.40625 0.5625
vt 0.40625 0.59375
vt 0.296875 0.59375
vt 0.234375 0.234375
vt 0.234375 0.203125
vt 0.265625 0.203125
vt 0.265625 0.234375
vt 0.453125 0.59375
vt 0.421875 0.59375
vt 0.421875 0.5625
vt 0.453125 0.5625
vt 0.3125 0.234375
vt 0.3125 0.15625
vt 0.28125 0.140625
vt 0.28125 0.234375
vt 0.28125 0.140625
vt 0.3125 0.15625
vt 0.3125 0.234375
vt 0.28125 0.234375
vn -0.500000037926069 -4.125802721688386e-8 0.8660253818878104
vn 0.500000037926069 4.125802721688386e-8 -0.8660253818878104
vn -0.8137976586576052 0.3420201724214523 -0.46984632851625013
vn 0.8137976586576052 -0.3420201724214523 0.46984632851625013
vn -0.5807528825050351 -0.44879429996007864 0.679197884114369
vn 0.5802232190551077 0.43257794262527394 -0.6900850234742193
vn -0.38643087904470796 -0.9223160396658965 -0.0020733296290590397
vn 0.006374352348974934 0.8136838395824894 0.5812727215640083
vn 0.8137976586576052 -0.3420201724214523 0.46984632851625013
vn -0.8137976586576052 0.3420201724214523 -0.46984632851625013
vn -0.29782627289916536 0.4487942274631987 0.8425456976133121
vn 0.3075196436518528 -0.4325778693722411 -0.8475305632822984
vn 0.19501092837778325 0.9223160238706787 0.3336223762348936
vn -0.5065841109771573 -0.8136838808578218 0.28511590719852403
vn -0.8137976586576052 0.3420201724214523 -0.46984632851625013
vn 0.8137976586576052 -0.3420201724214523 0.46984632851625013
usemtl m_c97099ae-11ae-4572-7525-66d5e2ac8a47
f 129/513/129 133/514/129 130/515/129 136/516/129
f 140/517/130 131/518/130 132/519/130 139/520/130
f 130/521/131 133/522/131 131/523/131 140/524/131
f 132/525/132 129/526/132 136/527/132 139/528/132
f 135/529/133 134/530/133 136/531/133 130/532/133
f 139/533/134 137/534/134 138/535/134 140/536/134
f 137/537/135 134/538/135 135/539/135 138/540/135
f 130/541/136 136/542/136 139/543/136 140/544/136
f 136/545/137 134/546/137 137/547/137 139/548/137
f 138/549/138 135/550/138 130/551/138 140/552/138
f 142/553/139 141/554/139 133/555/139 129/556/139
f 131/557/140 143/558/140 144/559/140 132/560/140
f 143/561/141 141/562/141 142/563/141 144/564/141
f 129/565/142 133/566/142 131/567/142 132/568/142
f 133/569/143 141/570/143 143/571/143 131/572/143
f 144/573/144 142/574/144 129/575/144 132/576/144
o tire
v 0.15752779621312027 0.25006628802180314 2.0414468749999997
v -0.15752779621311935 -0.25006628802180325 2.0414468749999997
v 0.023636425979874885 0.2476783216665086 1.9582899999999999
v 0.14109800357811342 0.20492580375080005 1.9582899999999999
v 0.04006621861488172 0.2928188059375117 2.0414468749999997
v -0.15008405188103827 -0.595090318573603 1.8665862499999997
v -0.2675456294792768 -0.5523378006578943 1.8665862499999997
v -0.04006621861488081 -0.2928188059375118 2.0414468749999997
v -0.15750546146602615 -0.6154804738288812 1.7553256249999998
v -0.2749670390642647 -0.5727279559131725 1.7553256249999998
v -0.023636425979874025 -0.24767832166650872 1.9582899999999999
v -0.14109800357811256 -0.20492580375080016 1.9582899999999999
v 0.1500840518810391 0.595090318573603 1.8665862499999997
v 0.2675456294792776 0.5523378006578943 1.8665862499999997
v 0.15750546146602692 0.6154804738288812 1.7553256249999998
v 0.27496703906426545 0.5727279559131725 1.7553256249999998
vt 0.40625 0.359375
vt 0.375 0.359375
vt 0.375 0.234375
vt 0.40625 0.234375
vt 0.296875 0.5625
vt 0.40625 0.5625
vt 0.40625 0.59375
vt 0.296875 0.59375
vt 0.328125 0.109375
vt 0.328125 0.234375
vt 0.359375 0.21875
vt 0.359375 0.125
vt 0.359375 0.21875
vt 0.328125 0.234375
vt 0.328125 0.109375
vt 0.359375 0.125
vt 0.46875 0.28125
vt 0.5 0.28125
vt 0.5 0.359375
vt 0.46875 0.359375
vt 0.40625 0.59375
vt 0.296875 0.59375
vt 0.296875 0.5625
vt 0.40625 0.5625
vt 0.265625 0.203125
vt 0.265625 0.234375
vt 0.234375 0.234375
vt 0.234375 0.203125
vt 0.421875 0.5625
vt 0.453125 0.5625
vt 0.453125 0.59375
vt 0.421875 0.59375
vt 0.3125 0.234375
vt 0.3125 0.15625
vt 0.28125 0.140625
vt 0.28125 0.234375
vt 0.28125 0.140625
vt 0.3125 0.15625
vt 0.3125 0.234375
vt 0.28125 0.234375
vt 0.453125 0.359375
vt 0.421875 0.359375
vt 0.421875 0.28125
vt 0.453125 0.28125
vt 0.296875 0.5625
vt 0.40625 0.5625
vt 0.40625 0.59375
vt 0.296875 0.59375
vt 0.234375 0.234375
vt 0.234375 0.203125
vt 0.265625 0.203125
vt 0.265625 0.234375
vt 0.453125 0.59375
vt 0.421875 0.59375
vt 0.421875 0.5625
vt 0.453125 0.5625
vt 0.3125 0.234375
vt 0.3125 0.15625
vt 0.28125 0.140625
vt 0.28125 0.234375
vt 0.28125 0.140625
vt 0.3125 0.15625
vt 0.3125 0.234375
vt 0.28125 0.234375
vn 2.1814664268351818e-16 -4.9862018009478905e-17 1
vn -2.1814664268351818e-16 4.9862018009478905e-17 -1
vn -0.9396926207859085 0.34202014332566866 2.1814664268351818e-16
vn 0.9396926207859085 -0.34202014332566866 -2.1814664268351818e-16
vn -0.16334775514132355 -0.4487942687693899 0.8785790887620982
vn 0.15744548355910518 0.4325779108737562 -0.8877427953697716
vn -0.3356955859333471 -0.9223160421624603 0.1914199361473134
vn 0.29615670856053833 0.8136838693900824 0.5002097206862057
vn 0.9396926207859085 -0.34202014332566866 -2.1814664268351818e-16
vn -0.9396926207859085 0.34202014332566866 2.1814664268351818e-16
vn 0.16334775514132394 0.44879426876938977 0.8785790887620982
vn -0.15744548355910556 -0.4325779108737561 -0.8877427953697716
vn 0.3356955859333472 0.9223160421624603 0.19141993614731329
vn -0.2961567085605381 -0.8136838693900824 0.5002097206862057
vn -0.9396926207859085 0.34202014332566866 2.1814664268351818e-16
vn 0.9396926207859085 -0.34202014332566866 -2.1814664268351818e-16
usemtl m_c97099ae-11ae-4572-7525-66d5e2ac8a47
f 145/577/145 149/578/145 146/579/145 152/580/145
f 156/581/146 147/582/146 148/583/146 155/584/146
f 146/585/147 149/586/147 147/587/147 156/588/147
f 148/589/148 145/590/148 152/591/148 155/592/148
f 151/593/149 150/594/149 152/595/149 146/596/149
f 155/597/150 153/598/150 154/599/150 156/600/150
f 153/601/151 150/602/151 151/603/151 154/604/151
f 146/605/152 152/606/152 155/607/152 156/608/152
f 152/609/153 150/610/153 153/611/153 155/612/153
f 154/613/154 151/614/154 146/615/154 156/616/154
f 158/617/155 157/618/155 149/619/155 145/620/155
f 147/621/156 159/622/156 160/623/156 148/624/156
f 159/625/157 157/626/157 158/627/157 160/628/157
f 145/629/158 149/630/158 147/631/158 148/632/158
f 149/633/159 157/634/159 159/635/159 147/636/159
f 160/637/160 158/638/160 145/639/160 148/640/160
o tire
v 1.157146586344328 0.25006636737032556 1.689180892638177
v 0.884300443503781 -0.25006619891818654 1.8467087264129276
v 0.9996148206380144 0.24767840172983255 1.6841106185265937
v 1.1013395279702152 0.20492588017715105 1.6253798274620623
v 1.0554218790121273 0.29281888892300706 1.7479116837027084
v 0.8033165937656197 -0.5950902369148715 1.6915531320911938
v 0.701591886433419 -0.5523377153621899 1.7502839231557252
v 0.9860251508359817 -0.29281872047086804 1.7879779353483962
v 0.7412591478498273 -0.6154803965307538 1.5989093129546728
v 0.6395344405176265 -0.5727278749780722 1.6576401040192041
v 0.958675327902468 -0.24767824013947068 1.7077470716675671
v 0.8569506205702673 -0.20492571858678918 1.7664778627320985
v 1.063269797818937 0.5950903909382018 1.5414690078743778
v 1.1649945051511377 0.5523378693855202 1.4827382168098464
v 1.0140666102953735 0.6154805413732964 1.4414037765014962
v 1.1157913176275742 0.5727280198206148 1.3826729854369648
vt 0.40625 0.359375
vt 0.375 0.359375
vt 0.375 0.234375
vt 0.40625 0.234375
vt 0.296875 0.5625
vt 0.40625 0.5625
vt 0.40625 0.59375
vt 0.296875 0.59375
vt 0.328125 0.109375
vt 0.328125 0.234375
vt 0.359375 0.21875
vt 0.359375 0.125
vt 0.359375 0.21875
vt 0.328125 0.234375
vt 0.328125 0.109375
vt 0.359375 0.125
vt 0.46875 0.28125
vt 0.5 0.28125
vt 0.5 0.359375
vt 0.46875 0.359375
vt 0.40625 0.59375
vt 0.296875 0.59375
vt 0.296875 0.5625
vt 0.40625 0.5625
vt 0.265625 0.203125
vt 0.265625 0.234375
vt 0.234375 0.234375
vt 0.234375 0.203125
vt 0.421875 0.5625
vt 0.453125 0.5625
vt 0.453125 0.59375
vt 0.421875 0.59375
vt 0.3125 0.234375
vt 0.3125 0.15625
vt 0.28125 0.140625
vt 0.28125 0.234375
vt 0.28125 0.140625
vt 0.3125 0.15625
vt 0.3125 0.234375
vt 0.28125 0.234375
vt 0.453125 0.359375
vt 0.421875 0.359375
vt 0.421875 0.28125
vt 0.453125 0.28125
vt 0.296875 0.5625
vt 0.40625 0.5625
vt 0.40625 0.59375
vt 0.296875 0.59375
vt 0.234375 0.234375
vt 0.234375 0.203125
vt 0.265625 0.203125
vt 0.265625 0.234375
vt 0.453125 0.59375
vt 0.421875 0.59375
vt 0.421875 0.5625
vt 0.453125 0.5625
vt 0.3125 0.234375
vt 0.3125 0.15625
vt 0.28125 0.140625
vt 0.28125 0.234375
vt 0.28125 0.140625
vt 0.3125 0.15625
vt 0.3125 0.234375
vt 0.28125 0.234375
vn 0.5000000379260688 4.1258026578505635e-8 0.8660253818878104
vn -0.5000000379260688 -4.1258026578505635e-8 -0.8660253818878104
vn -0.8137976586576053 0.34202017242145205 0.46984632851625024
vn 0.8137976586576053 -0.34202017242145205 -0.46984632851625024
vn 0.2978262728991652 -0.448794227463199 0.8425456976133118
vn -0.30751964365185275 0.43257786937224146 -0.847530563282298
vn -0.1950109283777834 -0.9223160238706788 0.333622376234893
vn 0.5065841109771575 0.8136838808578215 0.28511590719852486
vn 0.8137976586576053 -0.34202017242145205 -0.46984632851625024
vn -0.8137976586576053 0.34202017242145205 0.46984632851625024
vn 0.5807528825050351 0.44879429996007786 0.6791978841143695
vn -0.5802232190551078 -0.4325779426252732 -0.6900850234742197
vn 0.38643087904470824 0.9223160396658966 -0.002073329629058263
vn -0.006374352348975043 -0.8136838395824895 0.5812727215640079
vn -0.8137976586576053 0.34202017242145205 0.46984632851625024
vn 0.8137976586576053 -0.34202017242145205 -0.46984632851625024
usemtl m_c97099ae-11ae-4572-7525-66d5e2ac8a47
f 161/641/161 165/642/161 162/643/161 168/644/161
f 172/645/162 163/646/162 164/647/162 171/648/162
f 162/649/163 165/650/163 163/651/163 172/652/163
f 164/653/164 161/654/164 168/655/164 171/656/164
f 167/657/165 166/658/165 168/659/165 162/660/165
f 171/661/166 169/662/166 170/663/166 172/664/166
f 169/665/167 166/666/167 167/667/167 170/668/167
f 162/669/168 168/670/168 171/671/168 172/672/168
f 168/673/169 166/674/169 169/675/169 171/676/169
f 170/677/170 167/678/170 162/679/170 172/680/170
f 174/681/171 173/682/171 165/683/171 161/684/171
f 163/685/172 175/686/172 176/687/172 164/688/172
f 175/689/173 173/690/173 174/691/173 176/692/173
f 161/693/174 165/694/174 163/695/174 164/696/174
f 165/697/175 173/698/175 175/699/175 163/700/175
f 176/701/176 174/702/176 161/703/176 164/704/176
o tire
v 1.846708762077296 0.2500663029353068 0.8843003396104966
v 1.6891809615926774 -0.25006625933725474 1.157146509032431
v 1.7077471112356424 0.24767834154442128 0.9586752312189797
v 1.7664778987374947 0.20492581849448052 0.8569505224591285
v 1.7879779745754436 0.2928188259852476 0.9860250483703478
v 1.5414690853374895 -0.5950902920816202 1.063269740845257
v 1.4827382978356372 -0.5523377690316794 1.1649944496051081
v 1.7479117490945297 -0.29281878238719555 1.05542180027258
v 1.441403852230228 -0.6154804482005752 1.0140665592043594
v 1.3826730647283756 -0.5727279251506344 1.1157912679642106
v 1.6841106793158125 -0.24767829972230457 0.9996147434975844
v 1.6253798918139601 -0.2049257766723638 1.1013394522574356
v 1.6915531502857968 0.5950903319452706 0.8033164850552919
v 1.7502839377876491 0.5523378088953298 0.7015917762954407
v 1.5989093271818362 0.6154804856880941 0.741259043132673
v 1.6576401146836885 0.5727279626381533 0.6395343343728218
vt 0.40625 0.359375
vt 0.375 0.359375
vt 0.375 0.234375
vt 0.40625 0.234375
vt 0.296875 0.5625
vt 0.40625 0.5625
vt 0.40625 0.59375
vt 0.296875 0.59375
vt 0.328125 0.109375
vt 0.328125 0.234375
vt 0.359375 0.21875
vt 0.359375 0.125
vt 0.359375 0.21875
vt 0.328125 0.234375
vt 0.328125 0.109375
vt 0.359375 0.125
vt 0.46875 0.28125
vt 0.5 0.28125
vt 0.5 0.359375
vt 0.46875 0.359375
vt 0.40625 0.59375
vt 0.296875 0.59375
vt 0.296875 0.5625
vt 0.40625 0.5625
vt 0.265625 0.203125
vt 0.265625 0.234375
vt 0.234375 0.234375
vt 0.234375 0.203125
vt 0.421875 0.5625
vt 0.453125 0.5625
vt 0.453125 0.59375
vt 0.421875 0.59375
vt 0.3125 0.234375
vt 0.3125 0.15625
vt 0.28125 0.140625
vt 0.28125 0.234375
vt 0.28125 0.140625
vt 0.3125 0.15625
vt 0.3125 0.234375
vt 0.28125 0.234375
vt 0.453125 0.359375
vt 0.421875 0.359375
vt 0.421875 0.28125
vt 0.453125 0.28125
vt 0.296875 0.5625
vt 0.40625 0.5625
vt 0.40625 0.59375
vt 0.296875 0.59375
vt 0.234375 0.234375
vt 0.234375 0.203125
vt 0.265625 0.203125
vt 0.265625 0.234375
vt 0.453125 0.59375
vt 0.421875 0.59375
vt 0.421875 0.5625
vt 0.453125 0.5625
vt 0.3125 0.234375
vt 0.3125 0.15625
vt 0.28125 0.140625
vt 0.28125 0.234375
vt 0.28125 0.140625
vt 0.3125 0.15625
vt 0.3125 0.234375
vt 0.28125 0.234375
vn 0.8660254075115164 1.0678223499871464e-8 0.49999999354451186
vn -0.8660254075115164 -1.0678223499871464e-8 -0.49999999354451186
vn -0.4698463000148187 0.34202018439952614 0.8137976700788097
vn 0.4698463000148187 -0.34202018439952614 -0.8137976700788097
vn 0.6791979312020231 -0.4487942522478136 0.5807528643065121
vn -0.6900850699087014 0.43257789451231543 -0.5802231996985253
vn -0.002073274219731996 -0.9223160254452185 0.3864309132832735
vn 0.5812726898253072 0.8136838617864566 -0.006374412249838646
vn 0.4698463000148187 -0.34202018439952614 -0.8137976700788097
vn -0.4698463000148187 0.34202018439952614 0.8137976700788097
vn 0.8425456955505627 0.4487942710111414 0.29782621311227236
vn -0.8475305623423368 -0.43257791347134744 -0.3075195842096201
vn 0.333622330635343 0.9223160295332682 -0.1950109796073784
vn 0.2851159645716789 -0.8136838511037541 0.5065841264778485
vn -0.4698463000148187 0.34202018439952614 0.8137976700788097
vn 0.4698463000148187 -0.34202018439952614 -0.8137976700788097
usemtl m_c97099ae-11ae-4572-7525-66d5e2ac8a47
f 177/705/177 181/706/177 178/707/177 184/708/177
f 188/709/178 179/710/178 180/711/178 187/712/178
f 178/713/179 181/714/179 179/715/179 188/716/179
f 180/717/180 177/718/180 184/719/180 187/720/180
f 183/721/181 182/722/181 184/723/181 178/724/181
f 187/725/182 185/726/182 186/727/182 188/728/182
f 185/729/183 182/730/183 183/731/183 186/732/183
f 178/733/184 184/734/184 187/735/184 188/736/184
f 184/737/185 182/738/185 185/739/185 187/740/185
f 186/741/186 183/742/186 178/743/186 188/744/186
f 190/745/187 189/746/187 181/747/187 177/748/187
f 179/749/188 191/750/188 192/751/188 180/752/188
f 191/753/189 189/754/189 190/755/189 192/756/189
f 177/757/190 181/758/190 179/759/190 180/760/190
f 181/761/191 189/762/191 191/763/191 179/764/191
f 192/765/192 190/766/192 177/767/192 180/768/192
o tire
v 0.402431875 0.8125 1.501895625
v 0.48491875 0.65732625 1.80974125
v 0.535898125 0.25107625 2
v 0.535898125 -0.25107625 2
v 0.48491875 -0.65732625 1.80974125
v 0.402431875 -0.8125 1.501895625
v 0.267949375 -0.8125 1
v 0.267949375 0.8125 1
v 1.09946375 0.8125 1.09946375
v 1.3248225 0.65732625 1.3248225
v 1.464101875 0.25107625 1.464101875
v 1.464101875 -0.25107625 1.464101875
v 1.3248225 -0.65732625 1.3248225
v 1.09946375 -0.8125 1.09946375
v 0.732050625 -0.8125 0.732050625
v 0.732050625 0.8125 0.732050625
v 1.501895625 0.8125 0.402431875
v 1.80974125 0.65732625 0.48491875
v 2 0.25107625 0.535898125
v 2 -0.25107625 0.535898125
v 1.80974125 -0.65732625 0.48491875
v 1.501895625 -0.8125 0.402431875
v 1 -0.8125 0.267949375
v 1 0.8125 0.267949375
v 1.501895625 0.8125 -0.402431875
v 1.80974125 0.65732625 -0.48491875
v 2 0.25107625 -0.535898125
v 2 -0.25107625 -0.535898125
v 1.80974125 -0.65732625 -0.48491875
v 1.501895625 -0.8125 -0.402431875
v 1 -0.8125 -0.267949375
v 1 0.8125 -0.267949375
v 1.09946375 0.8125 -1.09946375
v 1.3248225 0.65732625 -1.3248225
v 1.464101875 0.25107625 -1.464101875
v 1.464101875 -0.25107625 -1.464101875
v 1.3248225 -0.65732625 -1.3248225
v 1.09946375 -0.8125 -1.09946375
v 0.732050625 -0.8125 -0.732050625
v 0.732050625 0.8125 -0.732050625
v 0.402431875 0.8125 -1.501895625
v 0.48491875 0.65732625 -1.80974125
v 0.535898125 0.25107625 -2
v 0.535898125 -0.25107625 -2
v 0.48491875 -0.65732625 -1.80974125
v 0.402431875 -0.8125 -1.501895625
v 0.267949375 -0.8125 -1
v 0.267949375 0.8125 -1
v -0.402431875 0.8125 -1.501895625
v -0.48491875 0.65732625 -1.80974125
v -0.535898125 0.25107625 -2
v -0.535898125 -0.25107625 -2
v -0.48491875 -0.65732625 -1.80974125
v -0.402431875 -0.8125 -1.501895625
v -0.267949375 -0.8125 -1
v -0.267949375 0.8125 -1
v -1.09946375 0.8125 -1.09946375
v -1.3248225 0.65732625 -1.3248225
v -1.464101875 0.25107625 -1.464101875
v -1.464101875 -0.25107625 -1.464101875
v -1.3248225 -0.65732625 -1.3248225
v -1.09946375 -0.8125 -1.09946375
v -0.732050625 -0.8125 -0.732050625
v -0.732050625 0.8125 -0.732050625
v -1.501895625 0.8125 -0.402431875
v -1.80974125 0.65732625 -0.48491875
v -2 0.25107625 -0.535898125
v -2 -0.25107625 -0.535898125
v -1.80974125 -0.65732625 -0.48491875
v -1.501895625 -0.8125 -0.402431875
v -1 -0.8125 -0.267949375
v -1 0.8125 -0.267949375
v -1.501895625 0.8125 0.402431875
v -1.80974125 0.65732625 0.48491875
v -2 0.25107625 0.535898125
v -2 -0.25107625 0.535898125
v -1.80974125 -0.65732625 0.48491875
v -1.501895625 -0.8125 0.402431875
v -1 -0.8125 0.267949375
v -1 0.8125 0.267949375
v -1.09946375 0.8125 1.09946375
v -1.3248225 0.65732625 1.3248225
v -1.464101875 0.25107625 1.464101875
v -1.464101875 -0.25107625 1.464101875
v -1.3248225 -0.65732625 1.3248225
v -1.09946375 -0.8125 1.09946375
v -0.732050625 -0.8125 0.732050625
v -0.732050625 0.8125 0.732050625
v -0.402431875 0.8125 1.501895625
v -0.48491875 0.65732625 1.80974125
v -0.535898125 0.25107625 2
v -0.535898125 -0.25107625 2
v -0.48491875 -0.65732625 1.80974125
v -0.402431875 -0.8125 1.501895625
v -0.267949375 -0.8125 1
v -0.267949375 0.8125 1
vt 0.947486875 0.546875
vt 0.96875 0.640625
vt 0.71875 0.640625
vt 0.7400134375 0.546875
vt 0.7157596875 1
vt 0.703125 0.890625
vt 0.96875 0.890625
vt 0.9561153125 1
vt 0.703125 0.890625
vt 0.703125 0.765625
vt 0.96875 0.765625
vt 0.96875 0.890625
vt 0.703125 0.765625
vt 0.7157596875 0.65625
vt 0.9561153125 0.65625
vt 0.96875 0.765625
vt 0.71875 0.640625
vt 0.7400134375 0.546875
vt 0.947486875 0.546875
vt 0.96875 0.640625
vt 0.015625 0.999999375
vt 0.049565 0.875
vt 0.184810625 0.875
vt 0.21875 1
vt 0.1848103125 0.8750003125
vt 0.21875 1
vt 0.015625 1
vt 0.04956468750000001 0.875
vt 0.947486875 0.546875
vt 0.96875 0.640625
vt 0.71875 0.640625
vt 0.7400134375 0.546875
vt 0.7157596875 1
vt 0.703125 0.890625
vt 0.96875 0.890625
vt 0.9561153125 1
vt 0.703125 0.890625
vt 0.703125 0.765625
vt 0.96875 0.765625
vt 0.96875 0.890625
vt 0.703125 0.765625
vt 0.7157596875 0.65625
vt 0.9561153125 0.65625
vt 0.96875 0.765625
vt 0.71875 0.640625
vt 0.7400134375 0.546875
vt 0.947486875 0.546875
vt 0.96875 0.640625
vt 0.015625 1
vt 0.049564374999999994 0.875
vt 0.18481 0.875
vt 0.21875 0.999999375
vt 0.1848103125 0.875
vt 0.21875 1
vt 0.015625 1
vt 0.04956468750000001 0.8750003125
vt 0.947486875 0.546875
vt 0.96875 0.640625
vt 0.71875 0.640625
vt 0.7400134375 0.546875
vt 0.7157596875 1
vt 0.703125 0.890625
vt 0.96875 0.890625
vt 0.9561153125 1
vt 0.703125 0.890625
vt 0.703125 0.765625
vt 0.96875 0.765625
vt 0.96875 0.890625
vt 0.703125 0.765625
vt 0.7157596875 0.65625
vt 0.9561153125 0.65625
vt 0.96875 0.765625
vt 0.71875 0.640625
vt 0.7400134375 0.546875
vt 0.947486875 0.546875
vt 0.96875 0.640625
vt 0.015625 1
vt 0.049564374999999994 0.875
vt 0.184810625 0.875
vt 0.21875 1
vt 0.184810625 0.875
vt 0.21875 1
vt 0.015625 1
vt 0.049564374999999994 0.875
vt 0.947486875 0.546875
vt 0.96875 0.640625
vt 0.71875 0.640625
vt 0.7400134375 0.546875
vt 0.7157596875 1
vt 0.703125 0.890625
vt 0.96875 0.890625
vt 0.9561153125 1
vt 0.703125 0.890625
vt 0.703125 0.765625
vt 0.96875 0.765625
vt 0.96875 0.890625
vt 0.703125 0.765625
vt 0.7157596875 0.65625
vt 0.9561153125 0.65625
vt 0.96875 0.765625
vt 0.71875 0.640625
vt 0.7400134375 0.546875
vt 0.947486875 0.546875
vt 0.96875 0.640625
vt 0.015625 0.999999375
vt 0.049565 0.875
vt 0.184810625 0.875
vt 0.21875 1
vt 0.1848103125 0.8750003125
vt 0.21875 1
vt 0.015625 1
vt 0.04956468750000001 0.875
vt 0.947486875 0.546875
vt 0.96875 0.640625
vt 0.71875 0.640625
vt 0.7400134375 0.546875
vt 0.7157596875 1
vt 0.703125 0.890625
vt 0.96875 0.890625
vt 0.9561153125 1
vt 0.703125 0.890625
vt 0.703125 0.765625
vt 0.96875 0.765625
vt 0.96875 0.890625
vt 0.703125 0.765625
vt 0.7157596875 0.65625
vt 0.9561153125 0.65625
vt 0.96875 0.765625
vt 0.71875 0.640625
vt 0.7400134375 0.546875
vt 0.947486875 0.546875
vt 0.96875 0.640625
vt 0.015625 1
vt 0.049564374999999994 0.875
vt 0.18481 0.875
vt 0.21875 0.999999375
vt 0.1848103125 0.875
vt 0.21875 1
vt 0.015625 1
vt 0.04956468750000001 0.8750003125
vt 0.947486875 0.546875
vt 0.96875 0.640625
vt 0.71875 0.640625
vt 0.7400134375 0.546875
vt 0.7157596875 1
vt 0.703125 0.890625
vt 0.96875 0.890625
vt 0.9561153125 1
vt 0.703125 0.890625
vt 0.703125 0.765625
vt 0.96875 0.765625
vt 0.96875 0.890625
vt 0.703125 0.765625
vt 0.7157596875 0.65625
vt 0.9561153125 0.65625
vt 0.96875 0.765625
vt 0.71875 0.640625
vt 0.7400134375 0.546875
vt 0.947486875 0.546875
vt 0.96875 0.640625
vt 0.015625 1
vt 0.049564374999999994 0.875
vt 0.184810625 0.875
vt 0.21875 1
vt 0.184810625 0.875
vt 0.21875 1
vt 0.015625 1
vt 0.049564374999999994 0.875
vt 0.947486875 0.546875
vt 0.96875 0.640625
vt 0.71875 0.640625
vt 0.7400134375 0.546875
vt 0.7157596875 1
vt 0.703125 0.890625
vt 0.96875 0.890625
vt 0.9561153125 1
vt 0.703125 0.890625
vt 0.703125 0.765625
vt 0.96875 0.765625
vt 0.96875 0.890625
vt 0.703125 0.765625
vt 0.7157596875 0.65625
vt 0.9561153125 0.65625
vt 0.96875 0.765625
vt 0.71875 0.640625
vt 0.7400134375 0.546875
vt 0.947486875 0.546875
vt 0.96875 0.640625
vt 0.015625 0.999999375
vt 0.049565 0.875
vt 0.184810625 0.875
vt 0.21875 1
vt 0.1848103125 0.8750003125
vt 0.21875 1
vt 0.015625 1
vt 0.04956468750000001 0.875
vt 0.947486875 0.546875
vt 0.96875 0.640625
vt 0.71875 0.640625
vt 0.7400134375 0.546875
vt 0.7157596875 1
vt 0.703125 0.890625
vt 0.96875 0.890625
vt 0.9561153125 1
vt 0.703125 0.890625
vt 0.703125 0.765625
vt 0.96875 0.765625
vt 0.96875 0.890625
vt 0.703125 0.765625
vt 0.7157596875 0.65625
vt 0.9561153125 0.65625
vt 0.96875 0.765625
vt 0.71875 0.640625
vt 0.7400134375 0.546875
vt 0.947486875 0.546875
vt 0.96875 0.640625
vt 0.015625 1
vt 0.049564374999999994 0.875
vt 0.18481 0.875
vt 0.21875 0.999999375
vt 0.1848103125 0.875
vt 0.21875 1
vt 0.015625 1
vt 0.04956468750000001 0.8750003125
vt 0.947486875 0.546875
vt 0.96875 0.640625
vt 0.71875 0.640625
vt 0.7400134375 0.546875
vt 0.7157596875 1
vt 0.703125 0.890625
vt 0.96875 0.890625
vt 0.9561153125 1
vt 0.703125 0.890625
vt 0.703125 0.765625
vt 0.96875 0.765625
vt 0.96875 0.890625
vt 0.703125 0.765625
vt 0.7157596875 0.65625
vt 0.9561153125 0.65625
vt 0.96875 0.765625
vt 0.71875 0.640625
vt 0.7400134375 0.546875
vt 0.947486875 0.546875
vt 0.96875 0.640625
vt 0.015625 1
vt 0.049564374999999994 0.875
vt 0.184810625 0.875
vt 0.21875 1
vt 0.184810625 0.875
vt 0.21875 1
vt 0.015625 1
vt 0.049564374999999994 0.875
vt 0.947486875 0.546875
vt 0.96875 0.640625
vt 0.71875 0.640625
vt 0.7400134375 0.546875
vt 0.7157596875 1
vt 0.703125 0.890625
vt 0.96875 0.890625
vt 0.9561153125 1
vt 0.703125 0.890625
vt 0.703125 0.765625
vt 0.96875 0.765625
vt 0.96875 0.890625
vt 0.703125 0.765625
vt 0.7157596875 0.65625
vt 0.9561153125 0.65625
vt 0.96875 0.765625
vt 0.71875 0.640625
vt 0.7400134375 0.546875
vt 0.947486875 0.546875
vt 0.96875 0.640625
vt 0.015625 0.999999375
vt 0.049565 0.875
vt 0.184810625 0.875
vt 0.21875 1
vt 0.1848103125 0.8750003125
vt 0.21875 1
vt 0.015625 1
vt 0.04956468750000001 0.875
vt 0.947486875 0.546875
vt 0.96875 0.640625
vt 0.71875 0.640625
vt 0.7400134375 0.546875
vt 0.7157596875 1
vt 0.703125 0.890625
vt 0.96875 0.890625
vt 0.9561153125 1
vt 0.703125 0.890625
vt 0.703125 0.765625
vt 0.96875 0.765625
vt 0.96875 0.890625
vt 0.703125 0.765625
vt 0.7157596875 0.65625
vt 0.9561153125 0.65625
vt 0.96875 0.765625
vt 0.71875 0.640625
vt 0.7400134375 0.546875
vt 0.947486875 0.546875
vt 0.96875 0.640625
vt 0.015625 1
vt 0.049564374999999994 0.875
vt 0.18481 0.875
vt 0.21875 0.999999375
vt 0.1848103125 0.875
vt 0.21875 1
vt 0.015625 1
vt 0.04956468750000001 0.8750003125
vt 0.947486875 0.546875
vt 0.96875 0.640625
vt 0.71875 0.640625
vt 0.7400134375 0.546875
vt 0.7157596875 1
vt 0.703125 0.890625
vt 0.96875 0.890625
vt 0.9561153125 1
vt 0.703125 0.890625
vt 0.703125 0.765625
vt 0.96875 0.765625
vt 0.96875 0.890625
vt 0.703125 0.765625
vt 0.7157596875 0.65625
vt 0.9561153125 0.65625
vt 0.96875 0.765625
vt 0.71875 0.640625
vt 0.7400134375 0.546875
vt 0.947486875 0.546875
vt 0.96875 0.640625
vt 0.015625 1
vt 0.049564374999999994 0.875
vt 0.184810625 0.875
vt 0.21875 1
vt 0.184810625 0.875
vt 0.21875 1
vt 0.015625 1
vt 0.049564374999999994 0.875
vn 0.22505713231801244 0.8929710004162398 0.3898103123423147
vn 0.4528023616168044 0.424121208996739 0.7842775155475195
vn 0.499999608186989 0 0.8660256299976681
vn 0.4528027938692851 -0.4241211590197254 0.7842772930130864
vn 0.2250572531522262 -0.8929709870393662 0.3898102732221345
vn 0 -1 0
vn 0 1 0
vn 0.3898100880907883 0.8929711309401266 0.2250570028463083
vn 0.7842771299340889 0.4241221597544168 0.452802138983019
vn 0.8660256299976681 0 0.499999608186989
vn 0.784276866859958 -0.42412220973127274 0.4528025478296142
vn 0.38981000300545626 -0.8929711443169435 0.22505709714242467
vn 0 -1 0
vn 0 1 0
vn 0.4501141261806398 0.892971037275364 0
vn 0.9056053227455274 0.42412144418193365 0
vn 1 0 0
vn 0.9056053227455274 -0.42412144418193365 0
vn 0.45011412618063973 -0.8929710372753638 0
vn 0 -1 0
vn 0 1 0
vn 0.3898103123423147 0.8929710004162398 -0.22505713231801244
vn 0.7842775155475195 0.424121208996739 -0.4528023616168044
vn 0.8660256299976681 0 -0.499999608186989
vn 0.7842772930130864 -0.4241211590197254 -0.4528027938692851
vn 0.3898102732221345 -0.8929709870393662 -0.2250572531522262
vn 0 -1 0
vn 0 1 0
vn 0.2250570028463083 0.8929711309401266 -0.3898100880907883
vn 0.452802138983019 0.4241221597544168 -0.7842771299340889
vn 0.499999608186989 0 -0.8660256299976681
vn 0.4528025478296142 -0.42412220973127274 -0.784276866859958
vn 0.22505709714242467 -0.8929711443169435 -0.38981000300545626
vn 0 -1 0
vn 0 1 0
vn 0 0.892971037275364 -0.4501141261806398
vn 0 0.42412144418193365 -0.9056053227455274
vn 0 0 -1
vn 0 -0.42412144418193365 -0.9056053227455274
vn 0 -0.8929710372753638 -0.45011412618063973
vn 0 -1 0
vn 0 1 0
vn -0.22505713231801244 0.8929710004162398 -0.3898103123423147
vn -0.4528023616168044 0.424121208996739 -0.7842775155475195
vn -0.499999608186989 0 -0.8660256299976681
vn -0.4528027938692851 -0.4241211590197254 -0.7842772930130864
vn -0.2250572531522262 -0.8929709870393662 -0.3898102732221345
vn 0 -1 0
vn 0 1 0
vn -0.3898100880907883 0.8929711309401266 -0.2250570028463083
vn -0.7842771299340889 0.4241221597544168 -0.452802138983019
vn -0.8660256299976681 0 -0.499999608186989
vn -0.784276866859958 -0.42412220973127274 -0.4528025478296142
vn -0.38981000300545626 -0.8929711443169435 -0.22505709714242467
vn 0 -1 0
vn 0 1 0
vn -0.4501141261806398 0.892971037275364 0
vn -0.9056053227455274 0.42412144418193365 0
vn -1 0 0
vn -0.9056053227455274 -0.42412144418193365 0
vn -0.45011412618063973 -0.8929710372753638 0
vn 0 -1 0
vn 0 1 0
vn -0.3898103123423147 0.8929710004162398 0.22505713231801244
vn -0.7842775155475195 0.424121208996739 0.4528023616168044
vn -0.8660256299976681 0 0.499999608186989
vn -0.7842772930130864 -0.4241211590197254 0.4528027938692851
vn -0.3898102732221345 -0.8929709870393662 0.2250572531522262
vn 0 -1 0
vn 0 1 0
vn -0.2250570028463083 0.8929711309401266 0.3898100880907883
vn -0.452802138983019 0.4241221597544168 0.7842771299340889
vn -0.499999608186989 0 0.8660256299976681
vn -0.4528025478296142 -0.42412220973127274 0.784276866859958
vn -0.22505709714242467 -0.8929711443169435 0.38981000300545626
vn 0 -1 0
vn 0 1 0
vn 0 0.892971037275364 0.4501141261806398
vn 0 0.42412144418193365 0.9056053227455274
vn 0 0 1
vn 0 -0.42412144418193365 0.9056053227455274
vn 0 -0.8929710372753638 0.45011412618063973
vn 0 -1 0
vn 0 1 0
usemtl m_c97099ae-11ae-4572-7525-66d5e2ac8a47
f 193/769/193 194/770/193 202/771/193 201/772/193
f 194/773/194 195/774/194 203/775/194 202/776/194
f 195/777/195 196/778/195 204/779/195 203/780/195
f 196/781/196 197/782/196 205/783/196 204/784/196
f 197/785/197 198/786/197 206/787/197 205/788/197
f 198/789/198 199/790/198 207/791/198 206/792/198
f 200/793/199 193/794/199 201/795/199 208/796/199
f 201/797/200 202/798/200 210/799/200 209/800/200
f 202/801/201 203/802/201 211/803/201 210/804/201
f 203/805/202 204/806/202 212/807/202 211/808/202
f 204/809/203 205/810/203 213/811/203 212/812/203
f 205/813/204 206/814/204 214/815/204 213/816/204
f 206/817/205 207/818/205 215/819/205 214/820/205
f 208/821/206 201/822/206 209/823/206 216/824/206
f 209/825/207 210/826/207 218/827/207 217/828/207
f 210/829/208 211/830/208 219/831/208 218/832/208
f 211/833/209 212/834/209 220/835/209 219/836/209
f 212/837/210 213/838/210 221/839/210 220/840/210
f 213/841/211 214/842/211 222/843/211 221/844/211
f 214/845/212 215/846/212 223/847/212 222/848/212
f 216/849/213 209/850/213 217/851/213 224/852/213
f 217/853/214 218/854/214 226/855/214 225/856/214
f 218/857/215 219/858/215 227/859/215 226/860/215
f 219/861/216 220/862/216 228/863/216 227/864/216
f 220/865/217 221/866/217 229/867/217 228/868/217
f 221/869/218 222/870/218 230/871/218 229/872/218
f 222/873/219 223/874/219 231/875/219 230/876/219
f 224/877/220 217/878/220 225/879/220 232/880/220
f 225/881/221 226/882/221 234/883/221 233/884/221
f 226/885/222 227/886/222 235/887/222 234/888/222
f 227/889/223 228/890/223 236/891/223 235/892/223
f 228/893/224 229/894/224 237/895/224 236/896/224
f 229/897/225 230/898/225 238/899/225 237/900/225
f 230/901/226 231/902/226 239/903/226 238/904/226
f 232/905/227 225/906/227 233/907/227 240/908/227
f 233/909/228 234/910/228 242/911/228 241/912/228
f 234/913/229 235/914/229 243/915/229 242/916/229
f 235/917/230 236/918/230 244/919/230 243/920/230
f 236/921/231 237/922/231 245/923/231 244/924/231
f 237/925/232 238/926/232 246/927/232 245/928/232
f 238/929/233 239/930/233 247/931/233 246/932/233
f 240/933/234 233/934/234 241/935/234 248/936/234
f 241/937/235 242/938/235 250/939/235 249/940/235
f 242/941/236 243/942/236 251/943/236 250/944/236
f 243/945/237 244/946/237 252/947/237 251/948/237
f 244/949/238 245/950/238 253/951/238 252/952/238
f 245/953/239 246/954/239 254/955/239 253/956/239
f 246/957/240 247/958/240 255/959/240 254/960/240
f 248/961/241 241/962/241 249/963/241 256/964/241
f 249/965/242 250/966/242 258/967/242 257/968/242
f 250/969/243 251/970/243 259/971/243 258/972/243
f 251/973/244 252/974/244 260/975/244 259/976/244
f 252/977/245 253/978/245 261/979/245 260/980/245
f 253/981/246 254/982/246 262/983/246 261/984/246
f 254/985/247 255/986/247 263/987/247 262/988/247
f 256/989/248 249/990/248 257/991/248 264/992/248
f 257/993/249 258/994/249 266/995/249 265/996/249
f 258/997/250 259/998/250 267/999/250 266/1000/250
f 259/1001/251 260/1002/251 268/1003/251 267/1004/251
f 260/1005/252 261/1006/252 269/1007/252 268/1008/252
f 261/1009/253 262/1010/253 270/1011/253 269/1012/253
f 262/1013/254 263/1014/254 271/1015/254 270/1016/254
f 264/1017/255 257/1018/255 265/1019/255 272/1020/255
f 265/1021/256 266/1022/256 274/1023/256 273/1024/256
f 266/1025/257 267/1026/257 275/1027/257 274/1028/257
f 267/1029/258 268/1030/258 276/1031/258 275/1032/258
f 268/1033/259 269/1034/259 277/1035/259 276/1036/259
f 269/1037/260 270/1038/260 278/1039/260 277/1040/260
f 270/1041/261 271/1042/261 279/1043/261 278/1044/261
f 272/1045/262 265/1046/262 273/1047/262 280/1048/262
f 273/1049/263 274/1050/263 282/1051/263 281/1052/263
f 274/1053/264 275/1054/264 283/1055/264 282/1056/264
f 275/1057/265 276/1058/265 284/1059/265 283/1060/265
f 276/1061/266 277/1062/266 285/1063/266 284/1064/266
f 277/1065/267 278/1066/267 286/1067/267 285/1068/267
f 278/1069/268 279/1070/268 287/1071/268 286/1072/268
f 280/1073/269 273/1074/269 281/1075/269 288/1076/269
f 281/1077/270 282/1078/270 194/1079/270 193/1080/270
f 282/1081/271 283/1082/271 195/1083/271 194/1084/271
f 283/1085/272 284/1086/272 196/1087/272 195/1088/272
f 284/1089/273 285/1090/273 197/1091/273 196/1092/273
f 285/1093/274 286/1094/274 198/1095/274 197/1096/274
f 286/1097/275 287/1098/275 199/1099/275 198/1100/275
f 288/1101/276 281/1102/276 193/1103/276 200/1104/276
o rim
v -0.3333971506479186 0.12500000000000022 0.9393410579693204
v -0.3333971506479186 0.2500000000000002 0.9393410579693204
v -0.04638457637410133 0.12500000000000006 0.24643140858585547
v -0.046384576374101344 0.25000000000000006 0.2464314085858554
v -0.44888209221182945 0.12500000000000022 0.8915056289236842
v -0.44888209221182945 0.2500000000000002 0.8915056289236842
v -0.1618695179380122 0.12500000000000006 0.19859597954021926
v -0.1618695179380122 0.25000000000000006 0.1985959795402192
vt 0.078125 0.359375
vt 0.03125 0.359375
vt 0.03125 0.109375
vt 0.078125 0.109375
vt 0.171875 0.109375
vt 0.171875 0.359375
vt 0.125 0.359375
vt 0.125 0.109375
vt 0.171875 0.390625
vt 0.21875 0.390625
vt 0.21875 0.4375
vt 0.171875 0.4375
vt 0.21875 0.390625
vt 0.21875 0.4375
vt 0.171875 0.4375
vt 0.171875 0.390625
vt 0.21875 0.109375
vt 0.21875 0.359375
vt 0.171875 0.359375
vt 0.171875 0.109375
vt 0.125 0.359375
vt 0.078125 0.359375
vt 0.078125 0.109375
vt 0.125 0.109375
vn 0.9238795325112868 2.3551386880256624e-16 0.38268343236508984
vn -0.9238795325112868 -2.3551386880256624e-16 -0.38268343236508984
vn -0.38268343236508967 2.3551386880256624e-16 0.9238795325112867
vn 0.38268343236508967 -2.3551386880256624e-16 -0.9238795325112867
vn 1.7598441346534356e-17 -1 2.4762886157022196e-16
vn -1.7598441346534356e-17 1 -2.4762886157022196e-16
usemtl m_c97099ae-11ae-4572-7525-66d5e2ac8a47
f 290/1105/277 289/1106/277 291/1107/277 292/1108/277
f 295/1109/278 293/1110/278 294/1111/278 296/1112/278
f 293/1113/279 289/1114/279 290/1115/279 294/1116/279
f 292/1117/280 291/1118/280 295/1119/280 296/1120/280
f 291/1121/281 289/1122/281 293/1123/281 295/1124/281
f 294/1125/282 290/1126/282 292/1127/282 296/1128/282
o rim
v 0.918926011643127 0.12500000000000022 0.3249409615831343
v 0.918926011643127 0.2500000000000002 0.3249409615831343
v 0.2260163622596621 0.12500000000000006 0.03792838730931703
v 0.2260163622596621 0.25000000000000006 0.03792838730931699
v 0.8710905825974908 0.12500000000000022 0.44042590314704516
v 0.8710905825974908 0.2500000000000002 0.44042590314704516
v 0.17818093321402584 0.12500000000000006 0.1534133288732279
v 0.17818093321402584 0.25000000000000006 0.15341332887322784
vt 0.078125 0.359375
vt 0.03125 0.359375
vt 0.03125 0.109375
vt 0.078125 0.109375
vt 0.171875 0.109375
vt 0.171875 0.359375
vt 0.125 0.359375
vt 0.125 0.109375
vt 0.171875 0.390625
vt 0.21875 0.390625
vt 0.21875 0.4375
vt 0.171875 0.4375
vt 0.21875 0.390625
vt 0.21875 0.4375
vt 0.171875 0.4375
vt 0.171875 0.390625
vt 0.21875 0.109375
vt 0.21875 0.359375
vt 0.171875 0.359375
vt 0.171875 0.109375
vt 0.125 0.359375
vt 0.078125 0.359375
vt 0.078125 0.109375
vt 0.125 0.109375
vn 0.38268343236508984 -2.3551386880256624e-16 -0.9238795325112868
vn -0.38268343236508984 2.3551386880256624e-16 0.9238795325112868
vn 0.9238795325112867 2.355138688025663e-16 0.38268343236508984
vn -0.9238795325112867 -2.355138688025663e-16 -0.38268343236508984
vn 1.6265607001936067e-16 -1 1.8754402444825698e-16
vn -1.6265607001936067e-16 1 -1.8754402444825698e-16
usemtl m_c97099ae-11ae-4572-7525-66d5e2ac8a47
f 298/1129/283 297/1130/283 299/1131/283 300/1132/283
f 303/1133/284 301/1134/284 302/1135/284 304/1136/284
f 301/1137/285 297/1138/285 298/1139/285 302/1140/285
f 300/1141/286 299/1142/286 303/1143/286 304/1144/286
f 299/1145/287 297/1146/287 301/1147/287 303/1148/287
f 302/1149/288 298/1150/288 300/1151/288 304/1152/288
o rim
v 0.304525915256941 0.125 -0.9273822007079114
v 0.304525915256941 0.25 -0.9273822007079114
v 0.017513340983123665 0.125 -0.23447255132444642
v 0.01751334098312365 0.25 -0.23447255132444642
v 0.4200108568208519 0.125 -0.8795467716622752
v 0.4200108568208519 0.25 -0.8795467716622752
v 0.1329982825470345 0.125 -0.1866371222788102
v 0.1329982825470345 0.25 -0.1866371222788102
vt 0.078125 0.359375
vt 0.03125 0.359375
vt 0.03125 0.109375
vt 0.078125 0.109375
vt 0.171875 0.109375
vt 0.171875 0.359375
vt 0.125 0.359375
vt 0.125 0.109375
vt 0.171875 0.390625
vt 0.21875 0.390625
vt 0.21875 0.4375
vt 0.171875 0.4375
vt 0.21875 0.390625
vt 0.21875 0.4375
vt 0.171875 0.4375
vt 0.171875 0.390625
vt 0.21875 0.109375
vt 0.21875 0.359375
vt 0.171875 0.359375
vt 0.171875 0.109375
vt 0.125 0.359375
vt 0.078125 0.359375
vt 0.078125 0.109375
vt 0.125 0.109375
vn -0.9238795325112867 -1.5700924586837752e-16 -0.38268343236508984
vn 0.9238795325112867 1.5700924586837752e-16 0.38268343236508984
vn 0.38268343236508984 -1.570092458683775e-16 -0.9238795325112867
vn -0.38268343236508984 1.570092458683775e-16 0.9238795325112867
vn 1.0257123289739564e-16 -1 4.2486395775430656e-17
vn -1.0257123289739564e-16 1 -4.2486395775430656e-17
usemtl m_c97099ae-11ae-4572-7525-66d5e2ac8a47
f 306/1153/289 305/1154/289 307/1155/289 308/1156/289
f 311/1157/290 309/1158/290 310/1159/290 312/1160/290
f 309/1161/291 305/1162/291 306/1163/291 310/1164/291
f 308/1165/292 307/1166/292 311/1167/292 312/1168/292
f 307/1169/293 305/1170/293 309/1171/293 311/1172/293
f 310/1173/294 306/1174/294 308/1175/294 312/1176/294
o rim
v -0.9477972470341048 0.125 -0.31298210432172513
v -0.9477972470341048 0.25 -0.31298210432172513
v -0.2548875976506398 0.125 -0.025969530047907932
v -0.2548875976506398 0.25 -0.02596953004790796
v -0.8999618179884686 0.125 -0.428467045885636
v -0.8999618179884686 0.25 -0.428467045885636
v -0.20705216860500358 0.125 -0.1414544716118188
v -0.20705216860500358 0.25 -0.1414544716118188
vt 0.078125 0.359375
vt 0.03125 0.359375
vt 0.03125 0.109375
vt 0.078125 0.109375
vt 0.171875 0.109375
vt 0.171875 0.359375
vt 0.125 0.359375
vt 0.125 0.109375
vt 0.171875 0.390625
vt 0.21875 0.390625
vt 0.21875 0.4375
vt 0.171875 0.4375
vt 0.21875 0.390625
vt 0.21875 0.4375
vt 0.171875 0.4375
vt 0.171875 0.390625
vt 0.21875 0.109375
vt 0.21875 0.359375
vt 0.171875 0.359375
vt 0.171875 0.109375
vt 0.125 0.359375
vt 0.078125 0.359375
vt 0.078125 0.109375
vt 0.125 0.109375
vn -0.38268343236508967 1.5700924586837752e-16 0.9238795325112867
vn 0.38268343236508967 -1.5700924586837752e-16 -0.9238795325112867
vn -0.9238795325112867 -1.570092458683775e-16 -0.38268343236508967
vn 0.9238795325112867 1.570092458683775e-16 0.38268343236508967
vn -4.248639577543065e-17 -1 1.0257123289739567e-16
vn 4.248639577543065e-17 1 -1.0257123289739567e-16
usemtl m_c97099ae-11ae-4572-7525-66d5e2ac8a47
f 314/1177/295 313/1178/295 315/1179/295 316/1180/295
f 319/1181/296 317/1182/296 318/1183/296 320/1184/296
f 317/1185/297 313/1186/297 314/1187/297 318/1188/297
f 316/1189/298 315/1190/298 319/1191/298 320/1192/298
f 315/1193/299 313/1194/299 317/1195/299 319/1196/299
f 318/1197/300 314/1198/300 316/1199/300 320/1200/300
o rim
v -0.8999618179884685 0.125 0.4404259031470454
v -0.8999618179884685 0.25 0.4404259031470454
v -0.20705216860500353 0.125 0.1534133288732279
v -0.20705216860500353 0.25 0.1534133288732279
v -0.9477972470341047 0.12499999999999999 0.3249409615831345
v -0.9477972470341047 0.25 0.3249409615831345
v -0.2548875976506398 0.12499999999999999 0.03792838730931709
v -0.2548875976506398 0.25 0.03792838730931706
vt 0.078125 0.359375
vt 0.03125 0.359375
vt 0.03125 0.109375
vt 0.078125 0.109375
vt 0.171875 0.109375
vt 0.171875 0.359375
vt 0.125 0.359375
vt 0.125 0.109375
vt 0.171875 0.390625
vt 0.21875 0.390625
vt 0.21875 0.4375
vt 0.171875 0.4375
vt 0.21875 0.390625
vt 0.21875 0.4375
vt 0.171875 0.4375
vt 0.171875 0.390625
vt 0.21875 0.109375
vt 0.21875 0.359375
vt 0.171875 0.359375
vt 0.171875 0.109375
vt 0.125 0.359375
vt 0.078125 0.359375
vt 0.078125 0.109375
vt 0.125 0.109375
vn 0.38268343236508995 2.2204460492503126e-16 0.9238795325112866
vn -0.38268343236508995 -2.2204460492503126e-16 -0.9238795325112866
vn -0.9238795325112866 4.930380657631324e-32 0.38268343236508995
vn 0.9238795325112866 -4.930380657631324e-32 -0.38268343236508995
vn 8.497279155086136e-17 -1 2.051424657947913e-16
vn -8.497279155086136e-17 1 -2.051424657947913e-16
usemtl m_c97099ae-11ae-4572-7525-66d5e2ac8a47
f 322/1201/301 321/1202/301 323/1203/301 324/1204/301
f 327/1205/302 325/1206/302 326/1207/302 328/1208/302
f 325/1209/303 321/1210/303 322/1211/303 326/1212/303
f 324/1213/304 323/1214/304 327/1215/304 328/1216/304
f 323/1217/305 321/1218/305 325/1219/305 327/1220/305
f 326/1221/306 322/1222/306 324/1223/306 328/1224/306
o rim
v 0.42001085682085176 0.12500000000000022 0.8915056289236843
v 0.42001085682085176 0.2500000000000002 0.8915056289236843
v 0.1329982825470345 0.12500000000000006 0.19859597954021926
v 0.1329982825470345 0.25000000000000006 0.19859597954021926
v 0.3045259152569409 0.12500000000000022 0.9393410579693205
v 0.3045259152569409 0.2500000000000002 0.9393410579693205
v 0.017513340983123637 0.12500000000000006 0.24643140858585547
v 0.017513340983123623 0.25000000000000006 0.24643140858585547
vt 0.078125 0.359375
vt 0.03125 0.359375
vt 0.03125 0.109375
vt 0.078125 0.109375
vt 0.171875 0.109375
vt 0.171875 0.359375
vt 0.125 0.359375
vt 0.125 0.109375
vt 0.171875 0.390625
vt 0.21875 0.390625
vt 0.21875 0.4375
vt 0.171875 0.4375
vt 0.21875 0.390625
vt 0.21875 0.4375
vt 0.171875 0.4375
vt 0.171875 0.390625
vt 0.21875 0.109375
vt 0.21875 0.359375
vt 0.171875 0.359375
vt 0.171875 0.109375
vt 0.125 0.359375
vt 0.078125 0.359375
vt 0.078125 0.109375
vt 0.125 0.109375
vn 0.9238795325112867 0 -0.3826834323650897
vn -0.9238795325112867 0 0.3826834323650897
vn 0.3826834323650897 2.220446049250313e-16 0.9238795325112867
vn -0.3826834323650897 -2.220446049250313e-16 -0.9238795325112867
vn 8.497279155086129e-17 -1 2.0514246579479128e-16
vn -8.497279155086129e-17 1 -2.0514246579479128e-16
usemtl m_c97099ae-11ae-4572-7525-66d5e2ac8a47
f 330/1225/307 329/1226/307 331/1227/307 332/1228/307
f 335/1229/308 333/1230/308 334/1231/308 336/1232/308
f 333/1233/309 329/1234/309 330/1235/309 334/1236/309
f 332/1237/310 331/1238/310 335/1239/310 336/1240/310
f 331/1241/311 329/1242/311 333/1243/311 335/1244/311
f 334/1245/312 330/1246/312 332/1247/312 336/1248/312
o rim
v 0.8710905825974911 0.12499999999999999 -0.4284670458856359
v 0.8710905825974911 0.25 -0.4284670458856359
v 0.17818093321402592 0.12499999999999999 -0.14145447161181876
v 0.17818093321402592 0.25 -0.14145447161181876
v 0.9189260116431273 0.125 -0.312982104321725
v 0.9189260116431273 0.25 -0.312982104321725
v 0.22601636225966212 0.125 -0.025969530047907884
v 0.22601636225966212 0.25 -0.02596953004790791
vt 0.078125 0.359375
vt 0.03125 0.359375
vt 0.03125 0.109375
vt 0.078125 0.109375
vt 0.171875 0.109375
vt 0.171875 0.359375
vt 0.125 0.359375
vt 0.125 0.109375
vt 0.171875 0.390625
vt 0.21875 0.390625
vt 0.21875 0.4375
vt 0.171875 0.4375
vt 0.21875 0.390625
vt 0.21875 0.4375
vt 0.171875 0.4375
vt 0.171875 0.390625
vt 0.21875 0.109375
vt 0.21875 0.359375
vt 0.171875 0.359375
vt 0.171875 0.109375
vt 0.125 0.359375
vt 0.078125 0.359375
vt 0.078125 0.109375
vt 0.125 0.109375
vn -0.3826834323650895 -2.220446049250313e-16 -0.9238795325112868
vn 0.3826834323650895 2.220446049250313e-16 0.9238795325112868
vn 0.9238795325112868 4.930380657631324e-32 -0.3826834323650895
vn -0.9238795325112868 -4.930380657631324e-32 0.3826834323650895
vn 8.497279155086124e-17 -1 2.051424657947913e-16
vn -8.497279155086124e-17 1 -2.051424657947913e-16
usemtl m_c97099ae-11ae-4572-7525-66d5e2ac8a47
f 338/1249/313 337/1250/313 339/1251/313 340/1252/313
f 343/1253/314 341/1254/314 342/1255/314 344/1256/314
f 341/1257/315 337/1258/315 338/1259/315 342/1260/315
f 340/1261/316 339/1262/316 343/1263/316 344/1264/316
f 339/1265/317 337/1266/317 341/1267/317 343/1268/317
f 342/1269/318 338/1270/318 340/1271/318 344/1272/318
o rim
v -0.44888209221182934 0.12499999999999978 -0.8795467716622752
v -0.44888209221182934 0.24999999999999978 -0.8795467716622752
v -0.16186951793801213 0.12499999999999994 -0.1866371222788102
v -0.16186951793801213 0.24999999999999994 -0.1866371222788102
v -0.33339715064791847 0.12499999999999978 -0.9273822007079114
v -0.33339715064791847 0.24999999999999978 -0.9273822007079114
v -0.0463845763741013 0.12499999999999994 -0.23447255132444642
v -0.046384576374101316 0.24999999999999994 -0.23447255132444642
vt 0.078125 0.359375
vt 0.03125 0.359375
vt 0.03125 0.109375
vt 0.078125 0.109375
vt 0.171875 0.109375
vt 0.171875 0.359375
vt 0.125 0.359375
vt 0.125 0.109375
vt 0.171875 0.390625
vt 0.21875 0.390625
vt 0.21875 0.4375
vt 0.171875 0.4375
vt 0.21875 0.390625
vt 0.21875 0.4375
vt 0.171875 0.4375
vt 0.171875 0.390625
vt 0.21875 0.109375
vt 0.21875 0.359375
vt 0.171875 0.359375
vt 0.171875 0.109375
vt 0.125 0.359375
vt 0.078125 0.359375
vt 0.078125 0.109375
vt 0.125 0.109375
vn -0.9238795325112867 -2.465190328815662e-32 0.3826834323650896
vn 0.9238795325112867 2.465190328815662e-32 -0.3826834323650896
vn -0.3826834323650896 -2.2204460492503126e-16 -0.9238795325112867
vn 0.3826834323650896 2.2204460492503126e-16 0.9238795325112867
vn 8.497279155086131e-17 -1 2.0514246579479133e-16
vn -8.497279155086131e-17 1 -2.0514246579479133e-16
usemtl m_c97099ae-11ae-4572-7525-66d5e2ac8a47
f 346/1273/319 345/1274/319 347/1275/319 348/1276/319
f 351/1277/320 349/1278/320 350/1279/320 352/1280/320
f 349/1281/321 345/1282/321 346/1283/321 350/1284/321
f 348/1285/322 347/1286/322 351/1287/322 352/1288/322
f 347/1289/323 345/1290/323 349/1291/323 351/1292/323
f 350/1293/324 346/1294/324 348/1295/324 352/1296/324
o rim
v -0.6674890639063484 0.5625000000000002 0.7402524115546669
v -0.6674890639063484 0.6875000000000002 0.7402524115546669
v -0.13715897801643784 0.5625 0.2099223256647563
v -0.13715897801643784 0.6875 0.20992232566475624
v -0.7558774115546669 0.5625000000000002 0.6518640639063484
v -0.7558774115546669 0.6875000000000002 0.6518640639063484
v -0.22554732566475627 0.5625 0.12153397801643787
v -0.22554732566475627 0.6875 0.12153397801643781
vt 0.078125 0.359375
vt 0.03125 0.359375
vt 0.03125 0.109375
vt 0.078125 0.109375
vt 0.171875 0.109375
vt 0.171875 0.359375
vt 0.125 0.359375
vt 0.125 0.109375
vt 0.171875 0.390625
vt 0.21875 0.390625
vt 0.21875 0.4375
vt 0.171875 0.4375
vt 0.21875 0.390625
vt 0.21875 0.4375
vt 0.171875 0.4375
vt 0.171875 0.390625
vt 0.21875 0.109375
vt 0.21875 0.359375
vt 0.171875 0.359375
vt 0.171875 0.109375
vt 0.125 0.359375
vt 0.078125 0.359375
vt 0.078125 0.109375
vt 0.125 0.109375
vn 0.7071067811865476 2.355138688025663e-16 0.7071067811865476
vn -0.7071067811865476 -2.355138688025663e-16 -0.7071067811865476
vn -0.7071067811865475 2.355138688025663e-16 0.7071067811865476
vn 0.7071067811865475 -2.355138688025663e-16 -0.7071067811865476
vn -7.850462293418876e-17 -1 2.3551386880256634e-16
vn 7.850462293418876e-17 1 -2.3551386880256634e-16
usemtl m_c97099ae-11ae-4572-7525-66d5e2ac8a47
f 354/1297/325 353/1298/325 355/1299/325 356/1300/325
f 359/1301/326 357/1302/326 358/1303/326 360/1304/326
f 357/1305/327 353/1306/327 354/1307/327 358/1308/327
f 356/1309/328 355/1310/328 359/1311/328 360/1312/328
f 355/1313/329 353/1314/329 357/1315/329 359/1316/329
f 358/1317/330 354/1318/330 356/1319/330 360/1320/330
o rim
v 0.7246274115546669 0.5625000000000002 0.6518640639063484
v 0.7246274115546669 0.6875000000000002 0.6518640639063484
v 0.19429732566475627 0.5625 0.12153397801643787
v 0.19429732566475627 0.6875 0.12153397801643781
v 0.6362390639063484 0.5625000000000002 0.7402524115546669
v 0.6362390639063484 0.6875000000000002 0.7402524115546669
v 0.10590897801643784 0.5625 0.2099223256647563
v 0.10590897801643784 0.6875 0.20992232566475624
vt 0.078125 0.359375
vt 0.03125 0.359375
vt 0.03125 0.109375
vt 0.078125 0.109375
vt 0.171875 0.109375
vt 0.171875 0.359375
vt 0.125 0.359375
vt 0.125 0.109375
vt 0.171875 0.390625
vt 0.21875 0.390625
vt 0.21875 0.4375
vt 0.171875 0.4375
vt 0.21875 0.390625
vt 0.21875 0.4375
vt 0.171875 0.4375
vt 0.171875 0.390625
vt 0.21875 0.109375
vt 0.21875 0.359375
vt 0.171875 0.359375
vt 0.171875 0.109375
vt 0.125 0.359375
vt 0.078125 0.359375
vt 0.078125 0.109375
vt 0.125 0.109375
vn 0.7071067811865476 -2.355138688025663e-16 -0.7071067811865476
vn -0.7071067811865476 2.355138688025663e-16 0.7071067811865476
vn 0.7071067811865475 2.355138688025663e-16 0.7071067811865476
vn -0.7071067811865475 -2.355138688025663e-16 -0.7071067811865476
vn 7.850462293418876e-17 -1 2.3551386880256634e-16
vn -7.850462293418876e-17 1 -2.3551386880256634e-16
usemtl m_c97099ae-11ae-4572-7525-66d5e2ac8a47
f 362/1321/331 361/1322/331 363/1323/331 364/1324/331
f 367/1325/332 365/1326/332 366/1327/332 368/1328/332
f 365/1329/333 361/1330/333 362/1331/333 366/1332/333
f 364/1333/334 363/1334/334 367/1335/334 368/1336/334
f 363/1337/335 361/1338/335 365/1339/335 367/1340/335
f 366/1341/336 362/1342/336 364/1343/336 368/1344/336
o rim
v 0.6362390639063485 0.5625 -0.7402524115546669
v 0.6362390639063485 0.6875 -0.7402524115546669
v 0.10590897801643787 0.5625 -0.20992232566475627
v 0.10590897801643787 0.6875 -0.20992232566475627
v 0.724627411554667 0.5625 -0.6518640639063484
v 0.724627411554667 0.6875 -0.6518640639063484
v 0.1942973256647563 0.5625 -0.12153397801643782
v 0.1942973256647563 0.6875 -0.12153397801643785
vt 0.078125 0.359375
vt 0.03125 0.359375
vt 0.03125 0.109375
vt 0.078125 0.109375
vt 0.171875 0.109375
vt 0.171875 0.359375
vt 0.125 0.359375
vt 0.125 0.109375
vt 0.171875 0.390625
vt 0.21875 0.390625
vt 0.21875 0.4375
vt 0.171875 0.4375
vt 0.21875 0.390625
vt 0.21875 0.4375
vt 0.171875 0.4375
vt 0.171875 0.390625
vt 0.21875 0.109375
vt 0.21875 0.359375
vt 0.171875 0.359375
vt 0.171875 0.109375
vt 0.125 0.359375
vt 0.078125 0.359375
vt 0.078125 0.109375
vt 0.125 0.109375
vn -0.7071067811865475 -1.5700924586837752e-16 -0.7071067811865476
vn 0.7071067811865475 1.5700924586837752e-16 0.7071067811865476
vn 0.7071067811865476 -1.570092458683775e-16 -0.7071067811865475
vn -0.7071067811865476 1.570092458683775e-16 0.7071067811865475
vn 7.850462293418875e-17 -1 7.850462293418876e-17
vn -7.850462293418875e-17 1 -7.850462293418876e-17
usemtl m_c97099ae-11ae-4572-7525-66d5e2ac8a47
f 370/1345/337 369/1346/337 371/1347/337 372/1348/337
f 375/1349/338 373/1350/338 374/1351/338 376/1352/338
f 373/1353/339 369/1354/339 370/1355/339 374/1356/339
f 372/1357/340 371/1358/340 375/1359/340 376/1360/340
f 371/1361/341 369/1362/341 373/1363/341 375/1364/341
f 374/1365/342 370/1366/342 372/1367/342 376/1368/342
o rim
v -0.755877411554667 0.5625 -0.6518640639063484
v -0.755877411554667 0.6875 -0.6518640639063484
v -0.2255473256647563 0.5625 -0.12153397801643782
v -0.2255473256647563 0.6875 -0.12153397801643785
v -0.6674890639063485 0.5625 -0.7402524115546669
v -0.6674890639063485 0.6875 -0.7402524115546669
v -0.13715897801643787 0.5625 -0.20992232566475627
v -0.13715897801643787 0.6875 -0.20992232566475627
vt 0.078125 0.359375
vt 0.03125 0.359375
vt 0.03125 0.109375
vt 0.078125 0.109375
vt 0.171875 0.109375
vt 0.171875 0.359375
vt 0.125 0.359375
vt 0.125 0.109375
vt 0.171875 0.390625
vt 0.21875 0.390625
vt 0.21875 0.4375
vt 0.171875 0.4375
vt 0.21875 0.390625
vt 0.21875 0.4375
vt 0.171875 0.4375
vt 0.171875 0.390625
vt 0.21875 0.109375
vt 0.21875 0.359375
vt 0.171875 0.359375
vt 0.171875 0.109375
vt 0.125 0.359375
vt 0.078125 0.359375
vt 0.078125 0.109375
vt 0.125 0.109375
vn -0.7071067811865475 1.5700924586837752e-16 0.7071067811865476
vn 0.7071067811865475 -1.5700924586837752e-16 -0.7071067811865476
vn -0.7071067811865476 -1.570092458683775e-16 -0.7071067811865475
vn 0.7071067811865476 1.570092458683775e-16 0.7071067811865475
vn -7.850462293418875e-17 -1 7.850462293418876e-17
vn 7.850462293418875e-17 1 -7.850462293418876e-17
usemtl m_c97099ae-11ae-4572-7525-66d5e2ac8a47
f 378/1369/343 377/1370/343 379/1371/343 380/1372/343
f 383/1373/344 381/1374/344 382/1375/344 384/1376/344
f 381/1377/345 377/1378/345 378/1379/345 382/1380/345
f 380/1381/346 379/1382/346 383/1383/346 384/1384/346
f 379/1385/347 377/1386/347 381/1387/347 383/1388/347
f 382/1389/348 378/1390/348 380/1391/348 384/1392/348
o rim
v -1 0.5625 0.06250000000000024
v -1 0.6875 0.06250000000000021
v -0.25 0.5625 0.06250000000000007
v -0.25 0.6875 0.06250000000000004
v -1 0.5625 -0.062499999999999764
v -1 0.6875 -0.06249999999999979
v -0.25 0.5625 -0.06249999999999993
v -0.25 0.6875 -0.06249999999999996
vt 0.078125 0.359375
vt 0.03125 0.359375
vt 0.03125 0.109375
vt 0.078125 0.109375
vt 0.171875 0.109375
vt 0.171875 0.359375
vt 0.125 0.359375
vt 0.125 0.109375
vt 0.171875 0.390625
vt 0.21875 0.390625
vt 0.21875 0.4375
vt 0.171875 0.4375
vt 0.21875 0.390625
vt 0.21875 0.4375
vt 0.171875 0.4375
vt 0.171875 0.390625
vt 0.21875 0.109375
vt 0.21875 0.359375
vt 0.171875 0.359375
vt 0.171875 0.109375
vt 0.125 0.359375
vt 0.078125 0.359375
vt 0.078125 0.109375
vt 0.125 0.109375
vn 2.220446049250313e-16 2.220446049250313e-16 1
vn -2.220446049250313e-16 -2.220446049250313e-16 -1
vn -1 4.930380657631324e-32 2.220446049250313e-16
vn 1 -4.930380657631324e-32 -2.220446049250313e-16
vn 4.930380657631324e-32 -1 2.220446049250313e-16
vn -4.930380657631324e-32 1 -2.220446049250313e-16
usemtl m_c97099ae-11ae-4572-7525-66d5e2ac8a47
f 386/1393/349 385/1394/349 387/1395/349 388/1396/349
f 391/1397/350 389/1398/350 390/1399/350 392/1400/350
f 389/1401/351 385/1402/351 386/1403/351 390/1404/351
f 388/1405/352 387/1406/352 391/1407/352 392/1408/352
f 387/1409/353 385/1410/353 389/1411/353 391/1412/353
f 390/1413/354 386/1414/354 388/1415/354 392/1416/354
o rim
v 0.046875 0.5625000000000002 0.984375
v 0.046875 0.6875000000000002 0.984375
v 0.046875 0.5625 0.234375
v 0.046875 0.6875 0.234375
v -0.078125 0.5625000000000002 0.984375
v -0.078125 0.6875000000000002 0.984375
v -0.078125 0.5625 0.234375
v -0.078125 0.6875 0.234375
vt 0.078125 0.359375
vt 0.03125 0.359375
vt 0.03125 0.109375
vt 0.078125 0.109375
vt 0.171875 0.109375
vt 0.171875 0.359375
vt 0.125 0.359375
vt 0.125 0.109375
vt 0.171875 0.390625
vt 0.21875 0.390625
vt 0.21875 0.4375
vt 0.171875 0.4375
vt 0.21875 0.390625
vt 0.21875 0.4375
vt 0.171875 0.4375
vt 0.171875 0.390625
vt 0.21875 0.109375
vt 0.21875 0.359375
vt 0.171875 0.359375
vt 0.171875 0.109375
vt 0.125 0.359375
vt 0.078125 0.359375
vt 0.078125 0.109375
vt 0.125 0.109375
vn 1 0 0
vn -1 0 0
vn 0 2.220446049250313e-16 1
vn 0 -2.220446049250313e-16 -1
vn 0 -1 2.220446049250313e-16
vn 0 1 -2.220446049250313e-16
usemtl m_c97099ae-11ae-4572-7525-66d5e2ac8a47
f 394/1417/355 393/1418/355 395/1419/355 396/1420/355
f 399/1421/356 397/1422/356 398/1423/356 400/1424/356
f 397/1425/357 393/1426/357 394/1427/357 398/1428/357
f 396/1429/358 395/1430/358 399/1431/358 400/1432/358
f 395/1433/359 393/1434/359 397/1435/359 399/1436/359
f 398/1437/360 394/1438/360 396/1439/360 400/1440/360
o rim
v 0.96875 0.5625 -0.062499999999999764
v 0.96875 0.6875 -0.06249999999999979
v 0.21875 0.5625 -0.06249999999999993
v 0.21875 0.6875 -0.06249999999999996
v 0.96875 0.5625 0.06250000000000024
v 0.96875 0.6875 0.06250000000000021
v 0.21875 0.5625 0.06250000000000007
v 0.21875 0.6875 0.06250000000000004
vt 0.078125 0.359375
vt 0.03125 0.359375
vt 0.03125 0.109375
vt 0.078125 0.109375
vt 0.171875 0.109375
vt 0.171875 0.359375
vt 0.125 0.359375
vt 0.125 0.109375
vt 0.171875 0.390625
vt 0.21875 0.390625
vt 0.21875 0.4375
vt 0.171875 0.4375
vt 0.21875 0.390625
vt 0.21875 0.4375
vt 0.171875 0.4375
vt 0.171875 0.390625
vt 0.21875 0.109375
vt 0.21875 0.359375
vt 0.171875 0.359375
vt 0.171875 0.109375
vt 0.125 0.359375
vt 0.078125 0.359375
vt 0.078125 0.109375
vt 0.125 0.109375
vn 2.220446049250313e-16 -2.220446049250313e-16 -1
vn -2.220446049250313e-16 2.220446049250313e-16 1
vn 1 4.930380657631324e-32 2.220446049250313e-16
vn -1 -4.930380657631324e-32 -2.220446049250313e-16
vn -4.930380657631324e-32 -1 2.220446049250313e-16
vn 4.930380657631324e-32 1 -2.220446049250313e-16
usemtl m_c97099ae-11ae-4572-7525-66d5e2ac8a47
f 402/1441/361 401/1442/361 403/1443/361 404/1444/361
f 407/1445/362 405/1446/362 406/1447/362 408/1448/362
f 405/1449/363 401/1450/363 402/1451/363 406/1452/363
f 404/1453/364 403/1454/364 407/1455/364 408/1456/364
f 403/1457/365 401/1458/365 405/1459/365 407/1460/365
f 406/1461/366 402/1462/366 404/1463/366 408/1464/366
o rim
v -0.07812499999999989 0.5624999999999998 -0.984375
v -0.07812499999999989 0.6874999999999998 -0.984375
v -0.07812499999999997 0.5625 -0.234375
v -0.07812499999999997 0.6875 -0.234375
v 0.046875000000000125 0.5624999999999998 -0.984375
v 0.046875000000000125 0.6874999999999998 -0.984375
v 0.04687500000000003 0.5625 -0.234375
v 0.04687500000000003 0.6875 -0.234375
vt 0.078125 0.359375
vt 0.03125 0.359375
vt 0.03125 0.109375
vt 0.078125 0.109375
vt 0.171875 0.109375
vt 0.171875 0.359375
vt 0.125 0.359375
vt 0.125 0.109375
vt 0.171875 0.390625
vt 0.21875 0.390625
vt 0.21875 0.4375
vt 0.171875 0.4375
vt 0.21875 0.390625
vt 0.21875 0.4375
vt 0.171875 0.4375
vt 0.171875 0.390625
vt 0.21875 0.109375
vt 0.21875 0.359375
vt 0.171875 0.359375
vt 0.171875 0.109375
vt 0.125 0.359375
vt 0.078125 0.359375
vt 0.078125 0.109375
vt 0.125 0.109375
vn -1 -2.719262146893782e-32 -1.2246467991473532e-16
vn 1 2.719262146893782e-32 1.2246467991473532e-16
vn 1.2246467991473532e-16 -2.220446049250313e-16 -1
vn -1.2246467991473532e-16 2.220446049250313e-16 1
vn -2.5407181807812022e-33 -1 2.220446049250313e-16
vn 2.5407181807812022e-33 1 -2.220446049250313e-16
usemtl m_c97099ae-11ae-4572-7525-66d5e2ac8a47
f 410/1465/367 409/1466/367 411/1467/367 412/1468/367
f 415/1469/368 413/1470/368 414/1471/368 416/1472/368
f 413/1473/369 409/1474/369 410/1475/369 414/1476/369
f 412/1477/370 411/1478/370 415/1479/370 416/1480/370
f 411/1481/371 409/1482/371 413/1483/371 415/1484/371
f 414/1485/372 410/1486/372 412/1487/372 416/1488/372
o rim
v -0.5651562738712228 -0.24999999999999978 0.821044255415668
v -0.5651562738712228 -0.12499999999999978 0.821044255415668
v -0.10858520211468245 -0.24999999999999994 0.22602925019724157
v -0.10858520211468245 -0.12499999999999994 0.22602925019724152
v -0.6643254414076272 -0.24999999999999978 0.7449490767895778
v -0.6643254414076272 -0.12499999999999979 0.7449490767895778
v -0.20775436965108685 -0.24999999999999994 0.14993407157115152
v -0.20775436965108685 -0.12499999999999996 0.14993407157115146
vt 0.078125 0.359375
vt 0.03125 0.359375
vt 0.03125 0.109375
vt 0.078125 0.109375
vt 0.171875 0.109375
vt 0.171875 0.359375
vt 0.125 0.359375
vt 0.125 0.109375
vt 0.171875 0.390625
vt 0.21875 0.390625
vt 0.21875 0.4375
vt 0.171875 0.4375
vt 0.21875 0.390625
vt 0.21875 0.4375
vt 0.171875 0.4375
vt 0.171875 0.390625
vt 0.21875 0.109375
vt 0.21875 0.359375
vt 0.171875 0.359375
vt 0.171875 0.109375
vt 0.125 0.359375
vt 0.078125 0.359375
vt 0.078125 0.109375
vt 0.125 0.109375
vn 0.7933533402912353 2.3551386880256624e-16 0.6087614290087207
vn -0.7933533402912353 -2.3551386880256624e-16 -0.6087614290087207
vn -0.6087614290087205 2.3551386880256624e-16 0.7933533402912352
vn 0.6087614290087205 -2.3551386880256624e-16 -0.7933533402912352
vn -4.7092276492378254e-17 -1 2.437459245098407e-16
vn 4.7092276492378254e-17 1 -2.437459245098407e-16
usemtl m_c97099ae-11ae-4572-7525-66d5e2ac8a47
f 418/1489/373 417/1490/373 419/1491/373 420/1492/373
f 423/1493/374 421/1494/374 422/1495/374 424/1496/374
f 421/1497/375 417/1498/375 418/1499/375 422/1500/375
f 420/1501/376 419/1502/376 423/1503/376 424/1504/376
f 419/1505/377 417/1506/377 421/1507/377 423/1508/377
f 422/1509/378 418/1510/378 420/1511/378 424/1512/378
o rim
v 0.8035134577032639 -0.24999999999999978 0.5517044196656954
v 0.8035134577032639 -0.12499999999999979 0.5517044196656954
v 0.20849845248483745 -0.24999999999999994 0.09513334790915501
v 0.20849845248483745 -0.12499999999999996 0.09513334790915498
v 0.7274182790771737 -0.24999999999999978 0.6508735872020998
v 0.7274182790771737 -0.12499999999999978 0.6508735872020998
v 0.1324032738587474 -0.24999999999999994 0.19430251544555938
v 0.1324032738587474 -0.12499999999999994 0.19430251544555932
vt 0.078125 0.359375
vt 0.03125 0.359375
vt 0.03125 0.109375
vt 0.078125 0.109375
vt 0.171875 0.109375
vt 0.171875 0.359375
vt 0.125 0.359375
vt 0.125 0.109375
vt 0.171875 0.390625
vt 0.21875 0.390625
vt 0.21875 0.4375
vt 0.171875 0.4375
vt 0.21875 0.390625
vt 0.21875 0.4375
vt 0.171875 0.4375
vt 0.171875 0.390625
vt 0.21875 0.109375
vt 0.21875 0.359375
vt 0.171875 0.359375
vt 0.171875 0.109375
vt 0.125 0.359375
vt 0.078125 0.359375
vt 0.078125 0.109375
vt 0.125 0.109375
vn 0.6087614290087207 -2.355138688025663e-16 -0.7933533402912353
vn -0.6087614290087207 2.355138688025663e-16 0.7933533402912353
vn 0.793353340291235 2.3551386880256624e-16 0.6087614290087207
vn -0.793353340291235 -2.3551386880256624e-16 -0.6087614290087207
vn 1.0857373351200181e-16 -1 2.232521055032995e-16
vn -1.0857373351200181e-16 1 -2.232521055032995e-16
usemtl m_c97099ae-11ae-4572-7525-66d5e2ac8a47
f 426/1513/379 425/1514/379 427/1515/379 428/1516/379
f 431/1517/380 429/1518/380 430/1519/380 432/1520/380
f 429/1521/381 425/1522/381 426/1523/381 430/1524/381
f 428/1525/382 427/1526/382 431/1527/382 432/1528/382
f 427/1529/383 425/1530/383 429/1531/383 431/1532/383
f 430/1533/384 426/1534/384 428/1535/384 432/1536/384
o rim
v 0.5341736219532914 -0.25 -0.8169653119087913
v 0.5341736219532914 -0.125 -0.8169653119087913
v 0.07760255019675093 -0.25 -0.22195030669036495
v 0.07760255019675093 -0.125 -0.22195030669036495
v 0.6333427894896958 -0.25 -0.7408701332827011
v 0.6333427894896958 -0.125 -0.7408701332827011
v 0.17677171773315528 -0.25 -0.1458551280642749
v 0.17677171773315528 -0.125 -0.1458551280642749
vt 0.078125 0.359375
vt 0.03125 0.359375
vt 0.03125 0.109375
vt 0.078125 0.109375
vt 0.171875 0.109375
vt 0.171875 0.359375
vt 0.125 0.359375
vt 0.125 0.109375
vt 0.171875 0.390625
vt 0.21875 0.390625
vt 0.21875 0.4375
vt 0.171875 0.4375
vt 0.21875 0.390625
vt 0.21875 0.4375
vt 0.171875 0.4375
vt 0.171875 0.390625
vt 0.21875 0.109375
vt 0.21875 0.359375
vt 0.171875 0.359375
vt 0.171875 0.109375
vt 0.125 0.359375
vt 0.078125 0.359375
vt 0.078125 0.109375
vt 0.125 0.109375
vn -0.793353340291235 -1.570092458683775e-16 -0.6087614290087207
vn 0.793353340291235 1.570092458683775e-16 0.6087614290087207
vn 0.6087614290087207 -1.5700924586837747e-16 -0.793353340291235
vn -0.6087614290087207 1.5700924586837747e-16 0.793353340291235
vn 8.807991450546063e-17 -1 6.758609549891945e-17
vn -8.807991450546063e-17 1 -6.758609549891945e-17
usemtl m_c97099ae-11ae-4572-7525-66d5e2ac8a47
f 434/1537/385 433/1538/385 435/1539/385 436/1540/385
f 439/1541/386 437/1542/386 438/1543/386 440/1544/386
f 437/1545/387 433/1546/387 434/1547/387 438/1548/387
f 436/1549/388 435/1550/388 439/1551/388 440/1552/388
f 435/1553/389 433/1554/389 437/1555/389 439/1556/389
f 438/1557/390 434/1558/390 436/1559/390 440/1560/390
o rim
v -0.8344961096211955 -0.25 -0.5476254761588187
v -0.8344961096211955 -0.125 -0.5476254761588187
v -0.23948110440276907 -0.25 -0.09105440440227835
v -0.23948110440276907 -0.125 -0.09105440440227838
v -0.7584009309951053 -0.25 -0.6467946436952231
v -0.7584009309951053 -0.125 -0.6467946436952231
v -0.16338592577667901 -0.25 -0.19022357193868275
v -0.16338592577667901 -0.125 -0.19022357193868275
vt 0.078125 0.359375
vt 0.03125 0.359375
vt 0.03125 0.109375
vt 0.078125 0.109375
vt 0.171875 0.109375
vt 0.171875 0.359375
vt 0.125 0.359375
vt 0.125 0.109375
vt 0.171875 0.390625
vt 0.21875 0.390625
vt 0.21875 0.4375
vt 0.171875 0.4375
vt 0.21875 0.390625
vt 0.21875 0.4375
vt 0.171875 0.4375
vt 0.171875 0.390625
vt 0.21875 0.109375
vt 0.21875 0.359375
vt 0.171875 0.359375
vt 0.171875 0.109375
vt 0.125 0.359375
vt 0.078125 0.359375
vt 0.078125 0.109375
vt 0.125 0.109375
vn -0.6087614290087205 1.570092458683775e-16 0.7933533402912352
vn 0.6087614290087205 -1.570092458683775e-16 -0.7933533402912352
vn -0.7933533402912352 -1.5700924586837747e-16 -0.6087614290087205
vn 0.7933533402912352 1.5700924586837747e-16 0.6087614290087205
vn -6.758609549891944e-17 -1 8.807991450546064e-17
vn 6.758609549891944e-17 1 -8.807991450546064e-17
usemtl m_c97099ae-11ae-4572-7525-66d5e2ac8a47
f 442/1561/391 441/1562/391 443/1563/391 444/1564/391
f 447/1565/392 445/1566/392 446/1567/392 448/1568/392
f 445/1569/393 441/1570/393 442/1571/393 446/1572/393
f 444/1573/394 443/1574/394 447/1575/394 448/1576/394
f 443/1577/395 441/1578/395 445/1579/395 447/1580/395
f 446/1581/396 442/1582/396 444/1583/396 448/1584/396
o rim
v -0.9832869743600572 -0.25 0.19249149605591495
v -0.9832869743600572 -0.12499999999999999 0.19249149605591495
v -0.23970332832969937 -0.25 0.0945968518908761
v -0.23970332832969937 -0.12499999999999999 0.09459685189087608
v -0.9996027483875636 -0.25 0.06856088838418867
v -0.9996027483875636 -0.125 0.06856088838418864
v -0.2560191023572058 -0.25 -0.029333755780850186
v -0.2560191023572058 -0.125 -0.029333755780850214
vt 0.078125 0.359375
vt 0.03125 0.359375
vt 0.03125 0.109375
vt 0.078125 0.109375
vt 0.171875 0.109375
vt 0.171875 0.359375
vt 0.125 0.359375
vt 0.125 0.109375
vt 0.171875 0.390625
vt 0.21875 0.390625
vt 0.21875 0.4375
vt 0.171875 0.4375
vt 0.21875 0.390625
vt 0.21875 0.4375
vt 0.171875 0.4375
vt 0.171875 0.390625
vt 0.21875 0.109375
vt 0.21875 0.359375
vt 0.171875 0.359375
vt 0.171875 0.109375
vt 0.125 0.359375
vt 0.078125 0.359375
vt 0.078125 0.109375
vt 0.125 0.109375
vn 0.1305261922200518 2.220446049250313e-16 0.9914448613738104
vn -0.1305261922200518 -2.220446049250313e-16 -0.9914448613738104
vn -0.9914448613738104 4.930380657631324e-32 0.1305261922200518
vn 0.9914448613738104 -4.930380657631324e-32 -0.1305261922200518
vn 2.8982636783870096e-17 -1 2.2014498254870016e-16
vn -2.8982636783870096e-17 1 -2.2014498254870016e-16
usemtl m_c97099ae-11ae-4572-7525-66d5e2ac8a47
f 450/1585/397 449/1586/397 451/1587/397 452/1588/397
f 455/1589/398 453/1590/398 454/1591/398 456/1592/398
f 453/1593/399 449/1594/399 450/1595/399 454/1596/399
f 452/1597/400 451/1598/400 455/1599/400 456/1600/400
f 451/1601/401 449/1602/401 453/1603/401 455/1604/401
f 454/1605/402 450/1606/402 452/1607/402 456/1608/402
o rim
v 0.17496069834351063 -0.24999999999999978 0.9698351201545298
v 0.17496069834351063 -0.12499999999999978 0.9698351201545298
v 0.07706605417847195 -0.24999999999999994 0.22625147412417188
v 0.07706605417847195 -0.12499999999999994 0.22625147412417188
v 0.05103009067178433 -0.24999999999999978 0.9861508941820362
v 0.05103009067178433 -0.12499999999999978 0.9861508941820362
v -0.04686455349325435 -0.24999999999999994 0.24256724815167832
v -0.04686455349325435 -0.12499999999999994 0.24256724815167832
vt 0.078125 0.359375
vt 0.03125 0.359375
vt 0.03125 0.109375
vt 0.078125 0.109375
vt 0.171875 0.109375
vt 0.171875 0.359375
vt 0.125 0.359375
vt 0.125 0.109375
vt 0.171875 0.390625
vt 0.21875 0.390625
vt 0.21875 0.4375
vt 0.171875 0.4375
vt 0.21875 0.390625
vt 0.21875 0.4375
vt 0.171875 0.4375
vt 0.171875 0.390625
vt 0.21875 0.109375
vt 0.21875 0.359375
vt 0.171875 0.359375
vt 0.171875 0.109375
vt 0.125 0.359375
vt 0.078125 0.359375
vt 0.078125 0.109375
vt 0.125 0.109375
vn 0.9914448613738104 0 -0.13052619222005157
vn -0.9914448613738104 0 0.13052619222005157
vn 0.13052619222005157 2.220446049250313e-16 0.9914448613738104
vn -0.13052619222005157 -2.220446049250313e-16 -0.9914448613738104
vn 2.8982636783870047e-17 -1 2.2014498254870016e-16
vn -2.8982636783870047e-17 1 -2.2014498254870016e-16
usemtl m_c97099ae-11ae-4572-7525-66d5e2ac8a47
f 458/1609/403 457/1610/403 459/1611/403 460/1612/403
f 463/1613/404 461/1614/404 462/1615/404 464/1616/404
f 461/1617/405 457/1618/405 458/1619/405 462/1620/405
f 460/1621/406 459/1622/406 463/1623/406 464/1624/406
f 459/1625/407 457/1626/407 461/1627/407 463/1628/407
f 462/1629/408 458/1630/408 460/1631/408 464/1632/408
o rim
v 0.9523043224421257 -0.25 -0.1884125525490379
v 0.9523043224421257 -0.125 -0.1884125525490379
v 0.20872067641176778 -0.25 -0.09051790838399937
v 0.20872067641176778 -0.125 -0.0905179083839994
v 0.9686200964696321 -0.25 -0.06448194487731157
v 0.9686200964696321 -0.12499999999999999 -0.0644819448773116
v 0.22503645043927423 -0.25 0.03341269928772694
v 0.22503645043927423 -0.12499999999999999 0.03341269928772691
vt 0.078125 0.359375
vt 0.03125 0.359375
vt 0.03125 0.109375
vt 0.078125 0.109375
vt 0.171875 0.109375
vt 0.171875 0.359375
vt 0.125 0.359375
vt 0.125 0.109375
vt 0.171875 0.390625
vt 0.21875 0.390625
vt 0.21875 0.4375
vt 0.171875 0.4375
vt 0.21875 0.390625
vt 0.21875 0.4375
vt 0.171875 0.4375
vt 0.171875 0.390625
vt 0.21875 0.109375
vt 0.21875 0.359375
vt 0.171875 0.359375
vt 0.171875 0.109375
vt 0.125 0.359375
vt 0.078125 0.359375
vt 0.078125 0.109375
vt 0.125 0.109375
vn -0.13052619222005135 -2.2204460492503126e-16 -0.9914448613738104
vn 0.13052619222005135 2.2204460492503126e-16 0.9914448613738104
vn 0.9914448613738104 4.930380657631324e-32 -0.13052619222005135
vn -0.9914448613738104 -4.930380657631324e-32 0.13052619222005135
vn 2.8982636783870004e-17 -1 2.201449825487002e-16
vn -2.8982636783870004e-17 1 -2.201449825487002e-16
usemtl m_c97099ae-11ae-4572-7525-66d5e2ac8a47
f 466/1633/409 465/1634/409 467/1635/409 468/1636/409
f 471/1637/410 469/1638/410 470/1639/410 472/1640/410
f 469/1641/411 465/1642/411 466/1643/411 470/1644/411
f 468/1645/412 467/1646/412 471/1647/412 472/1648/412
f 467/1649/413 465/1650/413 469/1651/413 471/1652/413
f 470/1653/414 466/1654/414 468/1655/414 472/1656/414
o rim
v -0.20594335026144212 -0.2500000000000002 -0.9657561766476531
v -0.20594335026144212 -0.12500000000000022 -0.9657561766476531
v -0.10804870609640349 -0.25000000000000006 -0.22217253061729528
v -0.10804870609640349 -0.12500000000000006 -0.22217253061729528
v -0.08201274258971579 -0.2500000000000002 -0.9820719506751595
v -0.08201274258971579 -0.12500000000000022 -0.9820719506751595
v 0.0158819015753228 -0.25000000000000006 -0.23848830464480172
v 0.0158819015753228 -0.12500000000000006 -0.23848830464480172
vt 0.078125 0.359375
vt 0.03125 0.359375
vt 0.03125 0.109375
vt 0.078125 0.109375
vt 0.171875 0.109375
vt 0.171875 0.359375
vt 0.125 0.359375
vt 0.125 0.109375
vt 0.171875 0.390625
vt 0.21875 0.390625
vt 0.21875 0.4375
vt 0.171875 0.4375
vt 0.21875 0.390625
vt 0.21875 0.4375
vt 0.171875 0.4375
vt 0.171875 0.390625
vt 0.21875 0.109375
vt 0.21875 0.359375
vt 0.171875 0.359375
vt 0.171875 0.109375
vt 0.125 0.359375
vt 0.078125 0.359375
vt 0.078125 0.109375
vt 0.125 0.109375
vn -0.9914448613738104 -2.465190328815662e-32 0.13052619222005146
vn 0.9914448613738104 2.465190328815662e-32 -0.13052619222005146
vn -0.13052619222005146 -2.2204460492503126e-16 -0.9914448613738104
vn 0.13052619222005146 2.2204460492503126e-16 0.9914448613738104
vn 2.898263678387005e-17 -1 2.201449825487002e-16
vn -2.898263678387005e-17 1 -2.201449825487002e-16
usemtl m_c97099ae-11ae-4572-7525-66d5e2ac8a47
f 474/1657/415 473/1658/415 475/1659/415 476/1660/415
f 479/1661/416 477/1662/416 478/1663/416 480/1664/416
f 477/1665/417 473/1666/417 474/1667/417 478/1668/417
f 476/1669/418 475/1670/418 479/1671/418 480/1672/418
f 475/1673/419 473/1674/419 477/1675/419 479/1676/419
f 478/1677/420 474/1678/420 476/1679/420 480/1680/420
o rim
v -0.8363363478860734 -0.6874999999999998 0.5422700401568006
v -0.8363363478860734 -0.5624999999999998 0.5422700401568006
v -0.18681729504774447 -0.6875 0.16727004015680053
v -0.18681729504774447 -0.5625 0.16727004015680047
v -0.8988363478860734 -0.6874999999999998 0.43401686468374573
v -0.8988363478860734 -0.5624999999999998 0.43401686468374573
v -0.24931729504774447 -0.6875 0.059016864683745715
v -0.24931729504774447 -0.5625 0.05901686468374569
vt 0.078125 0.359375
vt 0.03125 0.359375
vt 0.03125 0.109375
vt 0.078125 0.109375
vt 0.171875 0.109375
vt 0.171875 0.359375
vt 0.125 0.359375
vt 0.125 0.109375
vt 0.171875 0.390625
vt 0.21875 0.390625
vt 0.21875 0.4375
vt 0.171875 0.4375
vt 0.21875 0.390625
vt 0.21875 0.4375
vt 0.171875 0.4375
vt 0.171875 0.390625
vt 0.21875 0.109375
vt 0.21875 0.359375
vt 0.171875 0.359375
vt 0.171875 0.109375
vt 0.125 0.359375
vt 0.078125 0.359375
vt 0.078125 0.109375
vt 0.125 0.109375
vn 0.5000000000000001 2.3551386880256634e-16 0.8660254037844388
vn -0.5000000000000001 -2.3551386880256634e-16 -0.8660254037844388
vn -0.8660254037844386 2.355138688025663e-16 0.5000000000000001
vn 0.8660254037844386 -2.355138688025663e-16 -0.5000000000000001
vn -1.3678511740709855e-16 -1 2.0717043678169387e-16
vn 1.3678511740709855e-16 1 -2.0717043678169387e-16
usemtl m_c97099ae-11ae-4572-7525-66d5e2ac8a47
f 482/1681/421 481/1682/421 483/1683/421 484/1684/421
f 487/1685/422 485/1686/422 486/1687/422 488/1688/422
f 485/1689/423 481/1690/423 482/1691/423 486/1692/423
f 484/1693/424 483/1694/424 487/1695/424 488/1696/424
f 483/1697/425 481/1698/425 485/1699/425 487/1700/425
f 486/1701/426 482/1702/426 484/1703/426 488/1704/426
o rim
v 0.5312214967007608 -0.6874999999999998 0.8171997092705798
v 0.5312214967007608 -0.5624999999999998 0.8171997092705798
v 0.15622149670076074 -0.6875 0.16768065643225094
v 0.15622149670076074 -0.5625 0.16768065643225089
v 0.4229683212277059 -0.6874999999999998 0.8796997092705798
v 0.4229683212277059 -0.5624999999999998 0.8796997092705798
v 0.04796832122770588 -0.6875 0.23018065643225094
v 0.04796832122770588 -0.5625 0.23018065643225089
vt 0.078125 0.359375
vt 0.03125 0.359375
vt 0.03125 0.109375
vt 0.078125 0.109375
vt 0.171875 0.109375
vt 0.171875 0.359375
vt 0.125 0.359375
vt 0.125 0.109375
vt 0.171875 0.390625
vt 0.21875 0.390625
vt 0.21875 0.4375
vt 0.171875 0.4375
vt 0.21875 0.390625
vt 0.21875 0.4375
vt 0.171875 0.4375
vt 0.171875 0.390625
vt 0.21875 0.109375
vt 0.21875 0.359375
vt 0.171875 0.359375
vt 0.171875 0.109375
vt 0.125 0.359375
vt 0.078125 0.359375
vt 0.078125 0.109375
vt 0.125 0.109375
vn 0.8660254037844388 -2.3551386880256634e-16 -0.5000000000000001
vn -0.8660254037844388 2.3551386880256634e-16 0.5000000000000001
vn 0.5 2.355138688025663e-16 0.8660254037844387
vn -0.5 -2.355138688025663e-16 -0.8660254037844387
vn 1.4874168143337463e-17 -1 2.4780741986961426e-16
vn -1.4874168143337463e-17 1 -2.4780741986961426e-16
usemtl m_c97099ae-11ae-4572-7525-66d5e2ac8a47
f 490/1705/427 489/1706/427 491/1707/427 492/1708/427
f 495/1709/428 493/1710/428 494/1711/428 496/1712/428
f 493/1713/429 489/1714/429 490/1715/429 494/1716/429
f 492/1717/430 491/1718/430 495/1719/430 496/1720/430
f 491/1721/431 489/1722/431 493/1723/431 495/1724/431
f 494/1725/432 490/1726/432 492/1727/432 496/1728/432
o rim
v 0.8061511658145402 -0.6875 -0.5503581353162543
v 0.8061511658145402 -0.5625 -0.5503581353162543
v 0.15663211297621113 -0.6875 -0.17535813531625433
v 0.15663211297621113 -0.5625 -0.17535813531625433
v 0.8686511658145402 -0.6875 -0.4421049598431995
v 0.8686511658145402 -0.5625 -0.4421049598431995
v 0.21913211297621113 -0.6875 -0.06710495984319945
v 0.21913211297621113 -0.5625 -0.06710495984319947
vt 0.078125 0.359375
vt 0.03125 0.359375
vt 0.03125 0.109375
vt 0.078125 0.109375
vt 0.171875 0.109375
vt 0.171875 0.359375
vt 0.125 0.359375
vt 0.125 0.109375
vt 0.171875 0.390625
vt 0.21875 0.390625
vt 0.21875 0.4375
vt 0.171875 0.4375
vt 0.21875 0.390625
vt 0.21875 0.4375
vt 0.171875 0.4375
vt 0.171875 0.390625
vt 0.21875 0.109375
vt 0.21875 0.359375
vt 0.171875 0.359375
vt 0.171875 0.109375
vt 0.125 0.359375
vt 0.078125 0.359375
vt 0.078125 0.109375
vt 0.125 0.109375
vn -0.5 -1.5700924586837752e-16 -0.8660254037844387
vn 0.5 1.5700924586837752e-16 0.8660254037844387
vn 0.8660254037844387 -1.5700924586837752e-16 -0.5
vn -0.8660254037844387 1.5700924586837752e-16 0.5
vn 5.551115123125783e-17 -1 9.61481343191782e-17
vn -5.551115123125783e-17 1 -9.61481343191782e-17
usemtl m_c97099ae-11ae-4572-7525-66d5e2ac8a47
f 498/1729/433 497/1730/433 499/1731/433 500/1732/433
f 503/1733/434 501/1734/434 502/1735/434 504/1736/434
f 501/1737/435 497/1738/435 498/1739/435 502/1740/435
f 500/1741/436 499/1742/436 503/1743/436 504/1744/436
f 499/1745/437 497/1746/437 501/1747/437 503/1748/437
f 502/1749/438 498/1750/438 500/1751/438 504/1752/438
o rim
v -0.5614066787722942 -0.6875 -0.8252878044300336
v -0.5614066787722942 -0.5625 -0.8252878044300336
v -0.18640667877229414 -0.6875 -0.17576875159170469
v -0.18640667877229414 -0.5625 -0.17576875159170469
v -0.4531535032992394 -0.6875 -0.8877878044300336
v -0.4531535032992394 -0.5625 -0.8877878044300336
v -0.07815350329923931 -0.6875 -0.23826875159170469
v -0.07815350329923931 -0.5625 -0.23826875159170469
vt 0.078125 0.359375
vt 0.03125 0.359375
vt 0.03125 0.109375
vt 0.078125 0.109375
vt 0.171875 0.109375
vt 0.171875 0.359375
vt 0.125 0.359375
vt 0.125 0.109375
vt 0.171875 0.390625
vt 0.21875 0.390625
vt 0.21875 0.4375
vt 0.171875 0.4375
vt 0.21875 0.390625
vt 0.21875 0.4375
vt 0.171875 0.4375
vt 0.171875 0.390625
vt 0.21875 0.109375
vt 0.21875 0.359375
vt 0.171875 0.359375
vt 0.171875 0.109375
vt 0.125 0.359375
vt 0.078125 0.359375
vt 0.078125 0.109375
vt 0.125 0.109375
vn -0.8660254037844386 1.5700924586837754e-16 0.5000000000000001
vn 0.8660254037844386 -1.5700924586837754e-16 -0.5000000000000001
vn -0.5000000000000001 -1.570092458683775e-16 -0.8660254037844386
vn 0.5000000000000001 1.570092458683775e-16 0.8660254037844386
vn -9.614813431917819e-17 -1 5.551115123125784e-17
vn 9.614813431917819e-17 1 -5.551115123125784e-17
usemtl m_c97099ae-11ae-4572-7525-66d5e2ac8a47
f 506/1753/439 505/1754/439 507/1755/439 508/1756/439
f 511/1757/440 509/1758/440 510/1759/440 512/1760/440
f 509/1761/441 505/1762/441 506/1763/441 510/1764/441
f 508/1765/442 507/1766/442 511/1767/442 512/1768/442
f 507/1769/443 505/1770/443 509/1771/443 511/1772/443
f 510/1773/444 506/1774/444 508/1775/444 512/1776/444
o rim
v -0.9821020166079759 -0.6875 -0.19844868095945373
v -0.9821020166079759 -0.5625 -0.19844868095945373
v -0.25765764689117465 -0.6875 -0.00433439713256334
v -0.25765764689117465 -0.5625 -0.004334397132563366
v -0.9497496359701609 -0.6875 -0.3191894092455873
v -0.9497496359701609 -0.5625 -0.3191894092455873
v -0.2253052662533596 -0.6875 -0.1250751254186969
v -0.2253052662533596 -0.5625 -0.12507512541869692
vt 0.078125 0.359375
vt 0.03125 0.359375
vt 0.03125 0.109375
vt 0.078125 0.109375
vt 0.171875 0.109375
vt 0.171875 0.359375
vt 0.125 0.359375
vt 0.125 0.109375
vt 0.171875 0.390625
vt 0.21875 0.390625
vt 0.21875 0.4375
vt 0.171875 0.4375
vt 0.21875 0.390625
vt 0.21875 0.4375
vt 0.171875 0.4375
vt 0.171875 0.390625
vt 0.21875 0.109375
vt 0.21875 0.359375
vt 0.171875 0.359375
vt 0.171875 0.109375
vt 0.125 0.359375
vt 0.078125 0.359375
vt 0.078125 0.109375
vt 0.125 0.109375
vn -0.2588190451025205 2.2204460492503136e-16 0.9659258262890684
vn 0.2588190451025205 -2.2204460492503136e-16 -0.9659258262890684
vn -0.9659258262890684 4.930380657631324e-32 -0.2588190451025205
vn 0.9659258262890684 -4.930380657631324e-32 0.2588190451025205
vn -5.746937261686302e-17 -1 2.1447861848524057e-16
vn 5.746937261686302e-17 1 -2.1447861848524057e-16
usemtl m_c97099ae-11ae-4572-7525-66d5e2ac8a47
f 514/1777/445 513/1778/445 515/1779/445 516/1780/445
f 519/1781/446 517/1782/446 518/1783/446 520/1784/446
f 517/1785/447 513/1786/447 514/1787/447 518/1788/447
f 516/1789/448 515/1790/448 519/1791/448 520/1792/448
f 515/1793/449 513/1794/449 517/1795/449 519/1796/449
f 518/1797/450 514/1798/450 516/1799/450 520/1800/450
o rim
v -0.2094972244154938 -0.6874999999999998 0.9629653779924824
v -0.2094972244154938 -0.5624999999999998 0.9629653779924824
v -0.015382940588603225 -0.6875 0.23852100827568107
v -0.015382940588603218 -0.5625 0.23852100827568107
v -0.33023795270162737 -0.6874999999999998 0.9306129973546672
v -0.33023795270162737 -0.5624999999999998 0.9306129973546672
v -0.13612366887473676 -0.6875 0.20616862763786598
v -0.13612366887473676 -0.5625 0.20616862763786598
vt 0.078125 0.359375
vt 0.03125 0.359375
vt 0.03125 0.109375
vt 0.078125 0.109375
vt 0.171875 0.109375
vt 0.171875 0.359375
vt 0.125 0.359375
vt 0.125 0.109375
vt 0.171875 0.390625
vt 0.21875 0.390625
vt 0.21875 0.4375
vt 0.171875 0.4375
vt 0.21875 0.390625
vt 0.21875 0.4375
vt 0.171875 0.4375
vt 0.171875 0.390625
vt 0.21875 0.109375
vt 0.21875 0.359375
vt 0.171875 0.359375
vt 0.171875 0.109375
vt 0.125 0.359375
vt 0.078125 0.359375
vt 0.078125 0.109375
vt 0.125 0.109375
vn 0.9659258262890683 0 0.25881904510252074
vn -0.9659258262890683 0 -0.25881904510252074
vn -0.25881904510252074 2.220446049250313e-16 0.9659258262890683
vn 0.25881904510252074 -2.220446049250313e-16 -0.9659258262890683
vn -5.746937261686308e-17 -1 2.144786184852406e-16
vn 5.746937261686308e-17 1 -2.144786184852406e-16
usemtl m_c97099ae-11ae-4572-7525-66d5e2ac8a47
f 522/1801/451 521/1802/451 523/1803/451 524/1804/451
f 527/1805/452 525/1806/452 526/1807/452 528/1808/452
f 525/1809/453 521/1810/453 522/1811/453 526/1812/453
f 524/1813/454 523/1814/454 527/1815/454 528/1816/454
f 523/1817/455 521/1818/455 525/1819/455 527/1820/455
f 526/1821/456 522/1822/456 524/1823/456 528/1824/456
o rim
v 0.9519168345364425 -0.6875 0.19036058580000043
v 0.9519168345364425 -0.5625 0.19036058580000043
v 0.22747246481964126 -0.6875 -0.003753698026890282
v 0.22747246481964126 -0.5625 -0.0037536980268903087
v 0.9195644538986273 -0.6875 0.31110131408613395
v 0.9195644538986273 -0.5625 0.31110131408613395
v 0.1951200841818261 -0.6875 0.11698703025924324
v 0.1951200841818261 -0.5625 0.11698703025924322
vt 0.078125 0.359375
vt 0.03125 0.359375
vt 0.03125 0.109375
vt 0.078125 0.109375
vt 0.171875 0.109375
vt 0.171875 0.359375
vt 0.125 0.359375
vt 0.125 0.109375
vt 0.171875 0.390625
vt 0.21875 0.390625
vt 0.21875 0.4375
vt 0.171875 0.4375
vt 0.21875 0.390625
vt 0.21875 0.4375
vt 0.171875 0.4375
vt 0.171875 0.390625
vt 0.21875 0.109375
vt 0.21875 0.359375
vt 0.171875 0.359375
vt 0.171875 0.109375
vt 0.125 0.359375
vt 0.078125 0.359375
vt 0.078125 0.109375
vt 0.125 0.109375
vn 0.25881904510252096 -2.220446049250313e-16 -0.9659258262890682
vn -0.25881904510252096 2.220446049250313e-16 0.9659258262890682
vn 0.9659258262890682 6.162975822039155e-32 0.25881904510252096
vn -0.9659258262890682 -6.162975822039155e-32 -0.25881904510252096
vn -5.746937261686313e-17 -1 2.1447861848524057e-16
vn 5.746937261686313e-17 1 -2.1447861848524057e-16
usemtl m_c97099ae-11ae-4572-7525-66d5e2ac8a47
f 530/1825/457 529/1826/457 531/1827/457 532/1828/457
f 535/1829/458 533/1830/458 534/1831/458 536/1832/458
f 533/1833/459 529/1834/459 530/1835/459 534/1836/459
f 532/1837/460 531/1838/460 535/1839/460 536/1840/460
f 531/1841/461 529/1842/461 533/1843/461 535/1844/461
f 534/1845/462 530/1846/462 532/1847/462 536/1848/462
o rim
v 0.17931204234396053 -0.6875000000000002 -0.9710534731519361
v 0.17931204234396053 -0.5625000000000002 -0.9710534731519361
v -0.01480224148293014 -0.6875 -0.2466091034351348
v -0.014802241482930132 -0.5625 -0.2466091034351348
v 0.30005277063009406 -0.6875000000000002 -0.9387010925141209
v 0.30005277063009406 -0.5625000000000002 -0.9387010925141209
v 0.1059384868032034 -0.6875 -0.21425672279731972
v 0.1059384868032034 -0.5625 -0.21425672279731972
vt 0.078125 0.359375
vt 0.03125 0.359375
vt 0.03125 0.109375
vt 0.078125 0.109375
vt 0.171875 0.109375
vt 0.171875 0.359375
vt 0.125 0.359375
vt 0.125 0.109375
vt 0.171875 0.390625
vt 0.21875 0.390625
vt 0.21875 0.4375
vt 0.171875 0.4375
vt 0.21875 0.390625
vt 0.21875 0.4375
vt 0.171875 0.4375
vt 0.171875 0.390625
vt 0.21875 0.109375
vt 0.21875 0.359375
vt 0.171875 0.359375
vt 0.171875 0.109375
vt 0.125 0.359375
vt 0.078125 0.359375
vt 0.078125 0.109375
vt 0.125 0.109375
vn -0.9659258262890683 -3.0814879110195774e-32 -0.25881904510252085
vn 0.9659258262890683 3.0814879110195774e-32 0.25881904510252085
vn 0.25881904510252085 -2.220446049250313e-16 -0.9659258262890683
vn -0.25881904510252085 2.220446049250313e-16 0.9659258262890683
vn -5.746937261686306e-17 -1 2.1447861848524054e-16
vn 5.746937261686306e-17 1 -2.1447861848524054e-16
usemtl m_c97099ae-11ae-4572-7525-66d5e2ac8a47
f 538/1849/463 537/1850/463 539/1851/463 540/1852/463
f 543/1853/464 541/1854/464 542/1855/464 544/1856/464
f 541/1857/465 537/1858/465 538/1859/465 542/1860/465
f 540/1861/466 539/1862/466 543/1863/466 544/1864/466
f 539/1865/467 537/1866/467 541/1867/467 543/1868/467
f 542/1869/468 538/1870/468 540/1871/468 544/1872/468
o rim
v 0.267949375 -0.875 1
v 0.267949375 0.875 1
v 0.226081875 -0.875 0.84375
v 0.226081875 0.875 0.84375
v 0.732050625 -0.875 0.732050625
v 0.732050625 0.875 0.732050625
v 0.617668125 -0.875 0.617668125
v 0.617668125 0.875 0.617668125
v 1 -0.875 0.267949375
v 1 0.875 0.267949375
v 0.84375 -0.875 0.226081875
v 0.84375 0.875 0.226081875
v 1 -0.875 -0.267949375
v 1 0.875 -0.267949375
v 0.84375 -0.875 -0.226081875
v 0.84375 0.875 -0.226081875
v 0.732050625 -0.875 -0.732050625
v 0.732050625 0.875 -0.732050625
v 0.617668125 -0.875 -0.617668125
v 0.617668125 0.875 -0.617668125
v 0.267949375 -0.875 -1
v 0.267949375 0.875 -1
v 0.226081875 -0.875 -0.84375
v 0.226081875 0.875 -0.84375
v -0.267949375 -0.875 -1
v -0.267949375 0.875 -1
v -0.226081875 -0.875 -0.84375
v -0.226081875 0.875 -0.84375
v -0.732050625 -0.875 -0.732050625
v -0.732050625 0.875 -0.732050625
v -0.617668125 -0.875 -0.617668125
v -0.617668125 0.875 -0.617668125
v -1 -0.875 -0.267949375
v -1 0.875 -0.267949375
v -0.84375 -0.875 -0.226081875
v -0.84375 0.875 -0.226081875
v -1 -0.875 0.267949375
v -1 0.875 0.267949375
v -0.84375 -0.875 0.226081875
v -0.84375 0.875 0.226081875
v -0.732050625 -0.875 0.732050625
v -0.732050625 0.875 0.732050625
v -0.617668125 -0.875 0.617668125
v -0.617668125 0.875 0.617668125
v -0.267949375 -0.875 1
v -0.267949375 0.875 1
v -0.226081875 -0.875 0.84375
v -0.226081875 0.875 0.84375
vt 0.828125 0.078125
vt 0.96875 0.078125
vt 0.96875 0.515625
vt 0.828125 0.515625
vt 0.8125 0.515625
vt 0.703125 0.515625
vt 0.703125 0.078125
vt 0.8125 0.078125
vt 0.4783953125 0.8984375
vt 0.5762921875 0.8419171875
vt 0.6048875 0.8705125
vt 0.4888625 0.9375
vt 0.4888625 0.4375
vt 0.6048875 0.5044875
vt 0.5762921875 0.5330828125
vt 0.4783953125 0.4765625
vt 0.828125 0.078125
vt 0.96875 0.078125
vt 0.96875 0.515625
vt 0.828125 0.515625
vt 0.8125 0.515625
vt 0.703125 0.515625
vt 0.703125 0.078125
vt 0.8125 0.078125
vt 0.5762921875 0.8419171875
vt 0.6328125 0.7440203125
vt 0.671875 0.7544875
vt 0.6048875 0.8705125
vt 0.6048875 0.5044875
vt 0.671875 0.6205125
vt 0.6328125 0.6309796875
vt 0.5762921875 0.5330828125
vt 0.828125 0.078125
vt 0.96875 0.078125
vt 0.96875 0.515625
vt 0.828125 0.515625
vt 0.8125 0.515625
vt 0.703125 0.515625
vt 0.703125 0.078125
vt 0.8125 0.078125
vt 0.6328125 0.7440203125
vt 0.6328125 0.6309796875
vt 0.671875 0.6205125
vt 0.671875 0.7544875
vt 0.671875 0.6205125
vt 0.671875 0.7544875
vt 0.6328125 0.7440203125
vt 0.6328125 0.6309796875
vt 0.828125 0.078125
vt 0.96875 0.078125
vt 0.96875 0.515625
vt 0.828125 0.515625
vt 0.8125 0.515625
vt 0.703125 0.515625
vt 0.703125 0.078125
vt 0.8125 0.078125
vt 0.6328125 0.6309796875
vt 0.5762921875 0.5330828125
vt 0.6048875 0.5044875
vt 0.671875 0.6205125
vt 0.671875 0.7544875
vt 0.6048875 0.8705125
vt 0.5762921875 0.8419171875
vt 0.6328125 0.7440203125
vt 0.828125 0.078125
vt 0.96875 0.078125
vt 0.96875 0.515625
vt 0.828125 0.515625
vt 0.8125 0.515625
vt 0.703125 0.515625
vt 0.703125 0.078125
vt 0.8125 0.078125
vt 0.5762921875 0.5330828125
vt 0.4783953125 0.4765625
vt 0.4888625 0.4375
vt 0.6048875 0.5044875
vt 0.6048875 0.8705125
vt 0.4888625 0.9375
vt 0.4783953125 0.8984375
vt 0.5762921875 0.8419171875
vt 0.828125 0.078125
vt 0.96875 0.078125
vt 0.96875 0.515625
vt 0.828125 0.515625
vt 0.8125 0.515625
vt 0.703125 0.515625
vt 0.703125 0.078125
vt 0.8125 0.078125
vt 0.4783953125 0.4765625
vt 0.3653546875 0.4765625
vt 0.3548875 0.4375
vt 0.4888625 0.4375
vt 0.4888625 0.9375
vt 0.3548875 0.9375
vt 0.3653546875 0.8984375
vt 0.4783953125 0.8984375
vt 0.828125 0.078125
vt 0.96875 0.078125
vt 0.96875 0.515625
vt 0.828125 0.515625
vt 0.8125 0.515625
vt 0.703125 0.515625
vt 0.703125 0.078125
vt 0.8125 0.078125
vt 0.3653546875 0.4765625
vt 0.2674578125 0.5330828125
vt 0.23886249999999998 0.5044875
vt 0.3548875 0.4375
vt 0.3548875 0.9375
vt 0.23886249999999998 0.8705125
vt 0.2674578125 0.8419171875
vt 0.3653546875 0.8984375
vt 0.828125 0.078125
vt 0.96875 0.078125
vt 0.96875 0.515625
vt 0.828125 0.515625
vt 0.8125 0.515625
vt 0.703125 0.515625
vt 0.703125 0.078125
vt 0.8125 0.078125
vt 0.2674578125 0.5330828125
vt 0.2109375 0.6309796875
vt 0.171875 0.6205125
vt 0.23886249999999998 0.5044875
vt 0.23886249999999998 0.8705125
vt 0.171875 0.7544875
vt 0.2109375 0.7440203125
vt 0.2674578125 0.8419171875
vt 0.828125 0.078125
vt 0.96875 0.078125
vt 0.96875 0.515625
vt 0.828125 0.515625
vt 0.8125 0.515625
vt 0.703125 0.515625
vt 0.703125 0.078125
vt 0.8125 0.078125
vt 0.2109375 0.6309796875
vt 0.2109375 0.7440203125
vt 0.171875 0.7544875
vt 0.171875 0.6205125
vt 0.171875 0.7544875
vt 0.171875 0.6205125
vt 0.2109375 0.6309796875
vt 0.2109375 0.7440203125
vt 0.828125 0.078125
vt 0.96875 0.078125
vt 0.96875 0.515625
vt 0.828125 0.515625
vt 0.8125 0.515625
vt 0.703125 0.515625
vt 0.703125 0.078125
vt 0.8125 0.078125
vt 0.2109375 0.7440203125
vt 0.2674578125 0.8419171875
vt 0.23886249999999998 0.8705125
vt 0.171875 0.7544875
vt 0.171875 0.6205125
vt 0.23886249999999998 0.5044875
vt 0.2674578125 0.5330828125
vt 0.2109375 0.6309796875
vt 0.828125 0.078125
vt 0.96875 0.078125
vt 0.96875 0.515625
vt 0.828125 0.515625
vt 0.8125 0.515625
vt 0.703125 0.515625
vt 0.703125 0.078125
vt 0.8125 0.078125
vt 0.2674578125 0.8419171875
vt 0.3653546875 0.8984375
vt 0.3548875 0.9375
vt 0.23886249999999998 0.8705125
vt 0.23886249999999998 0.5044875
vt 0.3548875 0.4375
vt 0.3653546875 0.4765625
vt 0.2674578125 0.5330828125
vt 0.828125 0.078125
vt 0.96875 0.078125
vt 0.96875 0.515625
vt 0.828125 0.515625
vt 0.8125 0.515625
vt 0.703125 0.515625
vt 0.703125 0.078125
vt 0.8125 0.078125
vt 0.3653546875 0.8984375
vt 0.4783953125 0.8984375
vt 0.4888625 0.9375
vt 0.3548875 0.9375
vt 0.3548875 0.4375
vt 0.4888625 0.4375
vt 0.4783953125 0.4765625
vt 0.3653546875 0.4765625
vn 0.500000550544696 0 0.8660250859270769
vn -0.49999908465525894 0 -0.8660259322583264
vn 0 -1 0
vn 0 1 0
vn 0.8660250859270769 0 0.500000550544696
vn -0.8660259322583264 0 -0.49999908465525894
vn 0 -1 0
vn 0 1 0
vn 1 0 0
vn -1 0 0
vn 0 -1 0
vn 0 1 0
vn 0.8660250859270769 0 -0.500000550544696
vn -0.8660259322583264 0 0.49999908465525894
vn 0 -1 0
vn 0 1 0
vn 0.500000550544696 0 -0.8660250859270769
vn -0.49999908465525894 0 0.8660259322583264
vn 0 -1 0
vn 0 1 0
vn 0 0 -1
vn 0 0 1
vn 0 -1 0
vn 0 1 0
vn -0.500000550544696 0 -0.8660250859270769
vn 0.49999908465525894 0 0.8660259322583264
vn 0 -1 0
vn 0 1 0
vn -0.8660250859270769 0 -0.500000550544696
vn 0.8660259322583264 0 0.49999908465525894
vn 0 -1 0
vn 0 1 0
vn -1 0 0
vn 1 0 0
vn 0 -1 0
vn 0 1 0
vn -0.8660250859270769 0 0.500000550544696
vn 0.8660259322583264 0 -0.49999908465525894
vn 0 -1 0
vn 0 1 0
vn -0.500000550544696 0 0.8660250859270769
vn 0.49999908465525894 0 -0.8660259322583264
vn 0 -1 0
vn 0 1 0
vn 0 0 1
vn 0 0 -1
vn 0 -1 0
vn 0 1 0
usemtl m_c97099ae-11ae-4572-7525-66d5e2ac8a47
f 545/1873/469 549/1874/469 550/1875/469 546/1876/469
f 548/1877/470 552/1878/470 551/1879/470 547/1880/470
f 547/1881/471 551/1882/471 549/1883/471 545/1884/471
f 546/1885/472 550/1886/472 552/1887/472 548/1888/472
f 549/1889/473 553/1890/473 554/1891/473 550/1892/473
f 552/1893/474 556/1894/474 555/1895/474 551/1896/474
f 551/1897/475 555/1898/475 553/1899/475 549/1900/475
f 550/1901/476 554/1902/476 556/1903/476 552/1904/476
f 553/1905/477 557/1906/477 558/1907/477 554/1908/477
f 556/1909/478 560/1910/478 559/1911/478 555/1912/478
f 555/1913/479 559/1914/479 557/1915/479 553/1916/479
f 554/1917/480 558/1918/480 560/1919/480 556/1920/480
f 557/1921/481 561/1922/481 562/1923/481 558/1924/481
f 560/1925/482 564/1926/482 563/1927/482 559/1928/482
f 559/1929/483 563/1930/483 561/1931/483 557/1932/483
f 558/1933/484 562/1934/484 564/1935/484 560/1936/484
f 561/1937/485 565/1938/485 566/1939/485 562/1940/485
f 564/1941/486 568/1942/486 567/1943/486 563/1944/486
f 563/1945/487 567/1946/487 565/1947/487 561/1948/487
f 562/1949/488 566/1950/488 568/1951/488 564/1952/488
f 565/1953/489 569/1954/489 570/1955/489 566/1956/489
f 568/1957/490 572/1958/490 571/1959/490 567/1960/490
f 567/1961/491 571/1962/491 569/1963/491 565/1964/491
f 566/1965/492 570/1966/492 572/1967/492 568/1968/492
f 569/1969/493 573/1970/493 574/1971/493 570/1972/493
f 572/1973/494 576/1974/494 575/1975/494 571/1976/494
f 571/1977/495 575/1978/495 573/1979/495 569/1980/495
f 570/1981/496 574/1982/496 576/1983/496 572/1984/496
f 573/1985/497 577/1986/497 578/1987/497 574/1988/497
f 576/1989/498 580/1990/498 579/1991/498 575/1992/498
f 575/1993/499 579/1994/499 577/1995/499 573/1996/499
f 574/1997/500 578/1998/500 580/1999/500 576/2000/500
f 577/2001/501 581/2002/501 582/2003/501 578/2004/501
f 580/2005/502 584/2006/502 583/2007/502 579/2008/502
f 579/2009/503 583/2010/503 581/2011/503 577/2012/503
f 578/2013/504 582/2014/504 584/2015/504 580/2016/504
f 581/2017/505 585/2018/505 586/2019/505 582/2020/505
f 584/2021/506 588/2022/506 587/2023/506 583/2024/506
f 583/2025/507 587/2026/507 585/2027/507 581/2028/507
f 582/2029/508 586/2030/508 588/2031/508 584/2032/508
f 585/2033/509 589/2034/509 590/2035/509 586/2036/509
f 588/2037/510 592/2038/510 591/2039/510 587/2040/510
f 587/2041/511 591/2042/511 589/2043/511 585/2044/511
f 586/2045/512 590/2046/512 592/2047/512 588/2048/512
f 589/2049/513 545/2050/513 546/2051/513 590/2052/513
f 592/2053/514 548/2054/514 547/2055/514 591/2056/514
f 591/2057/515 547/2058/515 545/2059/515 589/2060/515
f 590/2061/516 546/2062/516 548/2063/516 592/2064/516
o rim
v 0.083734375 -0.9375 0.3125
v 0.083734375 0.9375 0.3125
v 0.053194375 -0.9375 0.19852375
v 0.053194375 0.9375 0.19852375
v 0.228765625 -0.9375 0.228765625
v 0.228765625 0.9375 0.228765625
v 0.145329375 -0.9375 0.145329375
v 0.145329375 0.9375 0.145329375
v 0.3125 -0.9375 0.083734375
v 0.3125 0.9375 0.083734375
v 0.19852375 -0.9375 0.053194375
v 0.19852375 0.9375 0.053194375
v 0.3125 -0.9375 -0.083734375
v 0.3125 0.9375 -0.083734375
v 0.19852375 -0.9375 -0.053194375
v 0.19852375 0.9375 -0.053194375
v 0.228765625 -0.9375 -0.228765625
v 0.228765625 0.9375 -0.228765625
v 0.145329375 -0.9375 -0.145329375
v 0.145329375 0.9375 -0.145329375
v 0.083734375 -0.9375 -0.3125
v 0.083734375 0.9375 -0.3125
v 0.053194375 -0.9375 -0.19852375
v 0.053194375 0.9375 -0.19852375
v -0.083734375 -0.9375 -0.3125
v -0.083734375 0.9375 -0.3125
v -0.053194375 -0.9375 -0.19852375
v -0.053194375 0.9375 -0.19852375
v -0.228765625 -0.9375 -0.228765625
v -0.228765625 0.9375 -0.228765625
v -0.145329375 -0.9375 -0.145329375
v -0.145329375 0.9375 -0.145329375
v -0.3125 -0.9375 -0.083734375
v -0.3125 0.9375 -0.083734375
v -0.19852375 -0.9375 -0.053194375
v -0.19852375 0.9375 -0.053194375
v -0.3125 -0.9375 0.083734375
v -0.3125 0.9375 0.083734375
v -0.19852375 -0.9375 0.053194375
v -0.19852375 0.9375 0.053194375
v -0.228765625 -0.9375 0.228765625
v -0.228765625 0.9375 0.228765625
v -0.145329375 -0.9375 0.145329375
v -0.145329375 0.9375 0.145329375
v -0.083734375 -0.9375 0.3125
v -0.083734375 0.9375 0.3125
v -0.053194375 -0.9375 0.19852375
v -0.053194375 0.9375 0.19852375
vt 0.09375 0.390625
vt 0.140625 0.390625
vt 0.140625 0.828125
vt 0.09375 0.828125
vt 0.0625 0.828125
vt 0.03125 0.828125
vt 0.03125 0.390625
vt 0.0625 0.390625
vt 0.4351734375 0.73713125
vt 0.4582078125 0.7238328125
vt 0.4790671875 0.7446921875
vt 0.4428078125 0.765625
vt 0.4428078125 0.609375
vt 0.4790671875 0.6303078125
vt 0.4582078125 0.6511671875
vt 0.4351734375 0.63786875
vt 0.09375 0.390625
vt 0.140625 0.390625
vt 0.140625 0.828125
vt 0.09375 0.828125
vt 0.0625 0.828125
vt 0.03125 0.828125
vt 0.03125 0.390625
vt 0.0625 0.390625
vt 0.4582078125 0.7238328125
vt 0.47150625 0.7007984375
vt 0.5 0.7084328125
vt 0.4790671875 0.7446921875
vt 0.4790671875 0.6303078125
vt 0.5 0.6665671875
vt 0.47150625 0.6742015625
vt 0.4582078125 0.6511671875
vt 0.09375 0.390625
vt 0.140625 0.390625
vt 0.140625 0.828125
vt 0.09375 0.828125
vt 0.0625 0.828125
vt 0.03125 0.828125
vt 0.03125 0.390625
vt 0.0625 0.390625
vt 0.47150625 0.7007984375
vt 0.47150625 0.6742015625
vt 0.5 0.6665671875
vt 0.5 0.7084328125
vt 0.5 0.6665671875
vt 0.5 0.7084328125
vt 0.47150625 0.7007984375
vt 0.47150625 0.6742015625
vt 0.09375 0.390625
vt 0.140625 0.390625
vt 0.140625 0.828125
vt 0.09375 0.828125
vt 0.0625 0.828125
vt 0.03125 0.828125
vt 0.03125 0.390625
vt 0.0625 0.390625
vt 0.47150625 0.6742015625
vt 0.4582078125 0.6511671875
vt 0.4790671875 0.6303078125
vt 0.5 0.6665671875
vt 0.5 0.7084328125
vt 0.4790671875 0.7446921875
vt 0.4582078125 0.7238328125
vt 0.47150625 0.7007984375
vt 0.09375 0.390625
vt 0.140625 0.390625
vt 0.140625 0.828125
vt 0.09375 0.828125
vt 0.0625 0.828125
vt 0.03125 0.828125
vt 0.03125 0.390625
vt 0.0625 0.390625
vt 0.4582078125 0.6511671875
vt 0.4351734375 0.63786875
vt 0.4428078125 0.609375
vt 0.4790671875 0.6303078125
vt 0.4790671875 0.7446921875
vt 0.4428078125 0.765625
vt 0.4351734375 0.73713125
vt 0.4582078125 0.7238328125
vt 0.09375 0.390625
vt 0.140625 0.390625
vt 0.140625 0.828125
vt 0.09375 0.828125
vt 0.0625 0.828125
vt 0.03125 0.828125
vt 0.03125 0.390625
vt 0.0625 0.390625
vt 0.4351734375 0.63786875
vt 0.4085765625 0.63786875
vt 0.4009421875 0.609375
vt 0.4428078125 0.609375
vt 0.4428078125 0.765625
vt 0.4009421875 0.765625
vt 0.4085765625 0.73713125
vt 0.4351734375 0.73713125
vt 0.09375 0.390625
vt 0.140625 0.390625
vt 0.140625 0.828125
vt 0.09375 0.828125
vt 0.0625 0.828125
vt 0.03125 0.828125
vt 0.03125 0.390625
vt 0.0625 0.390625
vt 0.4085765625 0.63786875
vt 0.3855421875 0.6511671875
vt 0.3646828125 0.6303078125
vt 0.4009421875 0.609375
vt 0.4009421875 0.765625
vt 0.3646828125 0.7446921875
vt 0.3855421875 0.7238328125
vt 0.4085765625 0.73713125
vt 0.09375 0.390625
vt 0.140625 0.390625
vt 0.140625 0.828125
vt 0.09375 0.828125
vt 0.0625 0.828125
vt 0.03125 0.828125
vt 0.03125 0.390625
vt 0.0625 0.390625
vt 0.3855421875 0.6511671875
vt 0.37224375 0.6742015625
vt 0.34375 0.6665671875
vt 0.3646828125 0.6303078125
vt 0.3646828125 0.7446921875
vt 0.34375 0.7084328125
vt 0.37224375 0.7007984375
vt 0.3855421875 0.7238328125
vt 0.09375 0.390625
vt 0.140625 0.390625
vt 0.140625 0.828125
vt 0.09375 0.828125
vt 0.0625 0.828125
vt 0.03125 0.828125
vt 0.03125 0.390625
vt 0.0625 0.390625
vt 0.37224375 0.6742015625
vt 0.37224375 0.7007984375
vt 0.34375 0.7084328125
vt 0.34375 0.6665671875
vt 0.34375 0.7084328125
vt 0.34375 0.6665671875
vt 0.37224375 0.6742015625
vt 0.37224375 0.7007984375
vt 0.09375 0.390625
vt 0.140625 0.390625
vt 0.140625 0.828125
vt 0.09375 0.828125
vt 0.0625 0.828125
vt 0.03125 0.828125
vt 0.03125 0.390625
vt 0.0625 0.390625
vt 0.37224375 0.7007984375
vt 0.3855421875 0.7238328125
vt 0.3646828125 0.7446921875
vt 0.34375 0.7084328125
vt 0.34375 0.6665671875
vt 0.3646828125 0.6303078125
vt 0.3855421875 0.6511671875
vt 0.37224375 0.6742015625
vt 0.09375 0.390625
vt 0.140625 0.390625
vt 0.140625 0.828125
vt 0.09375 0.828125
vt 0.0625 0.828125
vt 0.03125 0.828125
vt 0.03125 0.390625
vt 0.0625 0.390625
vt 0.3855421875 0.7238328125
vt 0.4085765625 0.73713125
vt 0.4009421875 0.765625
vt 0.3646828125 0.7446921875
vt 0.3646828125 0.6303078125
vt 0.4009421875 0.609375
vt 0.4085765625 0.63786875
vt 0.3855421875 0.6511671875
vt 0.09375 0.390625
vt 0.140625 0.390625
vt 0.140625 0.828125
vt 0.09375 0.828125
vt 0.0625 0.828125
vt 0.03125 0.828125
vt 0.03125 0.390625
vt 0.0625 0.390625
vt 0.4085765625 0.73713125
vt 0.4351734375 0.73713125
vt 0.4428078125 0.765625
vt 0.4009421875 0.765625
vt 0.4009421875 0.609375
vt 0.4428078125 0.609375
vt 0.4351734375 0.63786875
vt 0.4085765625 0.63786875
vn 0.5000024352623959 0 0.8660239977804736
vn -0.500001465958961 0 -0.8660245574109836
vn 0 -1 0
vn 0 1 0
vn 0.8660239977804736 0 0.5000024352623959
vn -0.8660245574109836 0 -0.500001465958961
vn 0 -1 0
vn 0 1 0
vn 1 0 0
vn -1 0 0
vn 0 -1 0
vn 0 1 0
vn 0.8660239977804736 0 -0.5000024352623959
vn -0.8660245574109836 0 0.500001465958961
vn 0 -1 0
vn 0 1 0
vn 0.5000024352623959 0 -0.8660239977804736
vn -0.500001465958961 0 0.8660245574109836
vn 0 -1 0
vn 0 1 0
vn 0 0 -1
vn 0 0 1
vn 0 -1 0
vn 0 1 0
vn -0.5000024352623959 0 -0.8660239977804736
vn 0.500001465958961 0 0.8660245574109836
vn 0 -1 0
vn 0 1 0
vn -0.8660239977804736 0 -0.5000024352623959
vn 0.8660245574109836 0 0.500001465958961
vn 0 -1 0
vn 0 1 0
vn -1 0 0
vn 1 0 0
vn 0 -1 0
vn 0 1 0
vn -0.8660239977804736 0 0.5000024352623959
vn 0.8660245574109836 0 -0.500001465958961
vn 0 -1 0
vn 0 1 0
vn -0.5000024352623959 0 0.8660239977804736
vn 0.500001465958961 0 -0.8660245574109836
vn 0 -1 0
vn 0 1 0
vn 0 0 1
vn 0 0 -1
vn 0 -1 0
vn 0 1 0
usemtl m_c97099ae-11ae-4572-7525-66d5e2ac8a47
f 593/2065/517 597/2066/517 598/2067/517 594/2068/517
f 596/2069/518 600/2070/518 599/2071/518 595/2072/518
f 595/2073/519 599/2074/519 597/2075/519 593/2076/519
f 594/2077/520 598/2078/520 600/2079/520 596/2080/520
f 597/2081/521 601/2082/521 602/2083/521 598/2084/521
f 600/2085/522 604/2086/522 603/2087/522 599/2088/522
f 599/2089/523 603/2090/523 601/2091/523 597/2092/523
f 598/2093/524 602/2094/524 604/2095/524 600/2096/524
f 601/2097/525 605/2098/525 606/2099/525 602/2100/525
f 604/2101/526 608/2102/526 607/2103/526 603/2104/526
f 603/2105/527 607/2106/527 605/2107/527 601/2108/527
f 602/2109/528 606/2110/528 608/2111/528 604/2112/528
f 605/2113/529 609/2114/529 610/2115/529 606/2116/529
f 608/2117/530 612/2118/530 611/2119/530 607/2120/530
f 607/2121/531 611/2122/531 609/2123/531 605/2124/531
f 606/2125/532 610/2126/532 612/2127/532 608/2128/532
f 609/2129/533 613/2130/533 614/2131/533 610/2132/533
f 612/2133/534 616/2134/534 615/2135/534 611/2136/534
f 611/2137/535 615/2138/535 613/2139/535 609/2140/535
f 610/2141/536 614/2142/536 616/2143/536 612/2144/536
f 613/2145/537 617/2146/537 618/2147/537 614/2148/537
f 616/2149/538 620/2150/538 619/2151/538 615/2152/538
f 615/2153/539 619/2154/539 617/2155/539 613/2156/539
f 614/2157/540 618/2158/540 620/2159/540 616/2160/540
f 617/2161/541 621/2162/541 622/2163/541 618/2164/541
f 620/2165/542 624/2166/542 623/2167/542 619/2168/542
f 619/2169/543 623/2170/543 621/2171/543 617/2172/543
f 618/2173/544 622/2174/544 624/2175/544 620/2176/544
f 621/2177/545 625/2178/545 626/2179/545 622/2180/545
f 624/2181/546 628/2182/546 627/2183/546 623/2184/546
f 623/2185/547 627/2186/547 625/2187/547 621/2188/547
f 622/2189/548 626/2190/548 628/2191/548 624/2192/548
f 625/2193/549 629/2194/549 630/2195/549 626/2196/549
f 628/2197/550 632/2198/550 631/2199/550 627/2200/550
f 627/2201/551 631/2202/551 629/2203/551 625/2204/551
f 626/2205/552 630/2206/552 632/2207/552 628/2208/552
f 629/2209/553 633/2210/553 634/2211/553 630/2212/553
f 632/2213/554 636/2214/554 635/2215/554 631/2216/554
f 631/2217/555 635/2218/555 633/2219/555 629/2220/555
f 630/2221/556 634/2222/556 636/2223/556 632/2224/556
f 633/2225/557 637/2226/557 638/2227/557 634/2228/557
f 636/2229/558 640/2230/558 639/2231/558 635/2232/558
f 635/2233/559 639/2234/559 637/2235/559 633/2236/559
f 634/2237/560 638/2238/560 640/2239/560 636/2240/560
f 637/2241/561 593/2242/561 594/2243/561 638/2244/561
f 640/2245/562 596/2246/562 595/2247/562 639/2248/562
f 639/2249/563 595/2250/563 593/2251/563 637/2252/563
f 638/2253/564 594/2254/564 596/2255/564 640/2256/564
o rim
v 0.21875 0.125 0.21875
v 0.21875 0.125 -0.21875
v 0.21875 -0.125 0.21875
v 0.21875 -0.125 -0.21875
v -0.21875 0.125 0.21875
v -0.21875 0.125 -0.21875
v -0.21875 -0.125 0.21875
v -0.21875 -0.125 -0.21875
vt 0.4375 0.546875
vt 0.34375 0.546875
vt 0.34375 0.53125
vt 0.4375 0.53125
vt 0.4375 0.53125
vt 0.4375 0.546875
vt 0.34375 0.546875
vt 0.34375 0.53125
vt 0.234375 0.25
vt 0.34375 0.25
vt 0.34375 0.359375
vt 0.234375 0.359375
vt 0.34375 0.25
vt 0.34375 0.359375
vt 0.234375 0.359375
vt 0.234375 0.25
vt 0.4375 0.53125
vt 0.4375 0.546875
vt 0.34375 0.546875
vt 0.34375 0.53125
vt 0.4375 0.546875
vt 0.34375 0.546875
vt 0.34375 0.53125
vt 0.4375 0.53125
vn 1 0 0
vn -1 0 0
vn 0 1 0
vn 0 -1 0
vn 0 0 1
vn 0 0 -1
usemtl m_c97099ae-11ae-4572-7525-66d5e2ac8a47
f 642/2257/565 641/2258/565 643/2259/565 644/2260/565
f 647/2261/566 645/2262/566 646/2263/566 648/2264/566
f 645/2265/567 641/2266/567 642/2267/567 646/2268/567
f 644/2269/568 643/2270/568 647/2271/568 648/2272/568
f 643/2273/569 641/2274/569 645/2275/569 647/2276/569
f 646/2277/570 642/2278/570 644/2279/570 648/2280/570