# Made in Blockbench 5.1.4
mtllib traction_engine_wheel.mtl

o rim
v -0.43822874999999994 -0.31250000000000006 2.203125
v -0.43822874999999994 -0.46875000000000006 2.203125
v -0.3970862499999999 -0.31250000000000006 1.996286875
v -0.3970862499999999 -0.46875000000000006 1.996286875
v -1.24797 -0.31250000000000017 1.867719375
v -1.24797 -0.46875000000000017 1.867719375
v -1.130805625 -0.3125000000000001 1.69237
v -1.130805625 -0.4687500000000001 1.69237
v -1.867719375 -0.3125000000000002 1.24797
v -1.867719375 -0.4687500000000002 1.24797
v -1.69237 -0.3125000000000002 1.130805625
v -1.69237 -0.4687500000000002 1.130805625
v -2.203125 -0.3125000000000003 0.43822875
v -2.203125 -0.4687500000000003 0.43822875
v -1.996286875 -0.3125000000000002 0.39708625
v -1.996286875 -0.4687500000000002 0.39708625
v -2.203125 -0.3125000000000003 -0.43822875
v -2.203125 -0.4687500000000003 -0.43822875
v -1.996286875 -0.3125000000000002 -0.39708625
v -1.996286875 -0.4687500000000002 -0.39708625
v -1.867719375 -0.3125000000000002 -1.24797
v -1.867719375 -0.4687500000000002 -1.24797
v -1.69237 -0.3125000000000002 -1.130805625
v -1.69237 -0.4687500000000002 -1.130805625
v -1.24797 -0.31250000000000017 -1.867719375
v -1.24797 -0.46875000000000017 -1.867719375
v -1.130805625 -0.3125000000000001 -1.69237
v -1.130805625 -0.4687500000000001 -1.69237
v -0.43822874999999994 -0.31250000000000006 -2.203125
v -0.43822874999999994 -0.46875000000000006 -2.203125
v -0.3970862499999999 -0.31250000000000006 -1.996286875
v -0.3970862499999999 -0.46875000000000006 -1.996286875
v 0.43822875000000006 -0.31249999999999994 -2.203125
v 0.43822875000000006 -0.46874999999999994 -2.203125
v 0.39708625000000003 -0.31249999999999994 -1.996286875
v 0.39708625000000003 -0.46874999999999994 -1.996286875
v 1.24797 -0.31249999999999983 -1.867719375
v 1.24797 -0.46874999999999983 -1.867719375
v 1.130805625 -0.3124999999999999 -1.69237
v 1.130805625 -0.4687499999999999 -1.69237
v 1.867719375 -0.3124999999999998 -1.24797
v 1.867719375 -0.4687499999999998 -1.24797
v 1.69237 -0.3124999999999998 -1.130805625
v 1.69237 -0.4687499999999998 -1.130805625
v 2.203125 -0.3124999999999997 -0.43822875
v 2.203125 -0.4687499999999997 -0.43822875
v 1.996286875 -0.3124999999999998 -0.39708625
v 1.996286875 -0.4687499999999998 -0.39708625
v 2.203125 -0.3124999999999997 0.43822875
v 2.203125 -0.4687499999999997 0.43822875
v 1.996286875 -0.3124999999999998 0.39708625
v 1.996286875 -0.4687499999999998 0.39708625
v 1.867719375 -0.3124999999999998 1.24797
v 1.867719375 -0.4687499999999998 1.24797
v 1.69237 -0.3124999999999998 1.130805625
v 1.69237 -0.4687499999999998 1.130805625
v 1.24797 -0.31249999999999983 1.867719375
v 1.24797 -0.46874999999999983 1.867719375
v 1.130805625 -0.3124999999999999 1.69237
v 1.130805625 -0.4687499999999999 1.69237
v 0.43822875000000006 -0.31249999999999994 2.203125
v 0.43822875000000006 -0.46874999999999994 2.203125
v 0.39708625000000003 -0.31249999999999994 1.996286875
v 0.39708625000000003 -0.46874999999999994 1.996286875
vt 0.5625 0.59375
vt 0.78125 0.59375
vt 0.78125 0.625
vt 0.5625 0.625
vt 0.765625 0.5625
vt 0.5625 0.5625
vt 0.5625 0.515625
vt 0.765625 0.515625
vt 0.58839359375 0.40625
vt 0.78660703125 0.40625
vt 0.796875 0.453125
vt 0.578125 0.453124375
vt 0.796875 0.453125
vt 0.578125 0.453125
vt 0.58839296875 0.40625
vt 0.78660640625 0.40625
vt 0.5625 0.59375
vt 0.78125 0.59375
vt 0.78125 0.625
vt 0.5625 0.625
vt 0.765625 0.5625
vt 0.5625 0.5625
vt 0.5625 0.515625
vt 0.765625 0.515625
vt 0.58839421875 0.40625
vt 0.78660578125 0.40625
vt 0.796875 0.453125
vt 0.578125 0.453125
vt 0.796875 0.453125
vt 0.578125 0.453125
vt 0.58839359375 0.40625
vt 0.78660578125 0.40625
vt 0.5625 0.59375
vt 0.78125 0.59375
vt 0.78125 0.625
vt 0.5625 0.625
vt 0.765625 0.5625
vt 0.5625 0.5625
vt 0.5625 0.515625
vt 0.765625 0.515625
vt 0.58839296875 0.40625
vt 0.78660640625 0.40625
vt 0.796875 0.453125
vt 0.578125 0.453125
vt 0.796875 0.453125
vt 0.578125 0.453125
vt 0.58839359375 0.40625
vt 0.78660703125 0.40625
vt 0.5625 0.59375
vt 0.78125 0.59375
vt 0.78125 0.625
vt 0.5625 0.625
vt 0.765625 0.5625
vt 0.5625 0.5625
vt 0.5625 0.515625
vt 0.765625 0.515625
vt 0.5883934375 0.40625
vt 0.7866065625 0.40625
vt 0.796875 0.453125
vt 0.578125 0.453125
vt 0.796875 0.453125
vt 0.578125 0.453125
vt 0.5883934375 0.40625
vt 0.7866065625 0.40625
vt 0.5625 0.59375
vt 0.78125 0.59375
vt 0.78125 0.625
vt 0.5625 0.625
vt 0.765625 0.5625
vt 0.5625 0.5625
vt 0.5625 0.515625
vt 0.765625 0.515625
vt 0.58839359375 0.40625
vt 0.78660703125 0.40625
vt 0.796875 0.453125
vt 0.578125 0.453124375
vt 0.796875 0.453125
vt 0.578125 0.453125
vt 0.58839296875 0.40625
vt 0.78660640625 0.406250625
vt 0.5625 0.59375
vt 0.78125 0.59375
vt 0.78125 0.625
vt 0.5625 0.625
vt 0.765625 0.5625
vt 0.5625 0.5625
vt 0.5625 0.515625
vt 0.765625 0.515625
vt 0.58839359375 0.40625
vt 0.78660578125 0.40625
vt 0.796875 0.453125
vt 0.578125 0.453125
vt 0.796875 0.453125
vt 0.578125 0.453125
vt 0.58839421875 0.40625
vt 0.78660578125 0.40625
vt 0.5625 0.59375
vt 0.78125 0.59375
vt 0.78125 0.625
vt 0.5625 0.625
vt 0.765625 0.5625
vt 0.5625 0.5625
vt 0.5625 0.515625
vt 0.765625 0.515625
vt 0.58839296875 0.40625
vt 0.78660640625 0.40625
vt 0.796875 0.453124375
vt 0.578125 0.453125
vt 0.796875 0.453125
vt 0.578125 0.453124375
vt 0.58839359375 0.40625
vt 0.78660703125 0.40625
vt 0.5625 0.59375
vt 0.78125 0.59375
vt 0.78125 0.625
vt 0.5625 0.625
vt 0.765625 0.5625
vt 0.5625 0.5625
vt 0.5625 0.515625
vt 0.765625 0.515625
vt 0.5883934375 0.40625
vt 0.7866065625 0.40625
vt 0.796875 0.453125
vt 0.578125 0.453125
vt 0.796875 0.453125
vt 0.578125 0.453125
vt 0.5883934375 0.40625
vt 0.7866065625 0.40625
vt 0.5625 0.59375
vt 0.78125 0.59375
vt 0.78125 0.625
vt 0.5625 0.625
vt 0.765625 0.5625
vt 0.5625 0.5625
vt 0.5625 0.515625
vt 0.765625 0.515625
vt 0.58839359375 0.40625
vt 0.78660703125 0.40625
vt 0.796875 0.453125
vt 0.578125 0.453124375
vt 0.796875 0.453125
vt 0.578125 0.453125
vt 0.58839296875 0.40625
vt 0.78660640625 0.406250625
vt 0.5625 0.59375
vt 0.78125 0.59375
vt 0.78125 0.625
vt 0.5625 0.625
vt 0.765625 0.5625
vt 0.5625 0.5625
vt 0.5625 0.515625
vt 0.765625 0.515625
vt 0.5883940625 0.40625
vt 0.7866059375 0.40625
vt 0.796875 0.453125
vt 0.578125 0.453125
vt 0.796875 0.453125
vt 0.578125 0.453125
vt 0.5883940625 0.40625
vt 0.7866059375 0.40625
vt 0.5625 0.59375
vt 0.78125 0.59375
vt 0.78125 0.625
vt 0.5625 0.625
vt 0.765625 0.5625
vt 0.5625 0.5625
vt 0.5625 0.515625
vt 0.765625 0.515625
vt 0.58839296875 0.40625
vt 0.78660640625 0.406250625
vt 0.796875 0.453125
vt 0.578125 0.453125
vt 0.796875 0.453125
vt 0.578125 0.453125
vt 0.58839359375 0.406250625
vt 0.78660703125 0.40625
vt 0.5625 0.59375
vt 0.78125 0.59375
vt 0.78125 0.625
vt 0.5625 0.625
vt 0.765625 0.5625
vt 0.5625 0.5625
vt 0.5625 0.515625
vt 0.765625 0.515625
vt 0.5883934375 0.40625
vt 0.7866065625 0.40625
vt 0.796875 0.453125
vt 0.578125 0.453125
vt 0.796875 0.453125
vt 0.578125 0.453125
vt 0.5883934375 0.40625
vt 0.7866065625 0.40625
vt 0.5625 0.59375
vt 0.78125 0.59375
vt 0.78125 0.625
vt 0.5625 0.625
vt 0.765625 0.5625
vt 0.5625 0.5625
vt 0.5625 0.515625
vt 0.765625 0.515625
vt 0.58839359375 0.40625
vt 0.78660703125 0.40625
vt 0.796875 0.453125
vt 0.578125 0.453125
vt 0.796875 0.453125
vt 0.578125 0.453125
vt 0.58839296875 0.40625
vt 0.78660640625 0.406250625
vt 0.5625 0.59375
vt 0.78125 0.59375
vt 0.78125 0.625
vt 0.5625 0.625
vt 0.765625 0.5625
vt 0.5625 0.5625
vt 0.5625 0.515625
vt 0.765625 0.515625
vt 0.5883940625 0.40625
vt 0.7866059375 0.40625
vt 0.796875 0.453125
vt 0.578125 0.453125
vt 0.796875 0.453125
vt 0.578125 0.453125
vt 0.5883940625 0.40625
vt 0.7866059375 0.40625
vt 0.5625 0.59375
vt 0.78125 0.59375
vt 0.78125 0.625
vt 0.5625 0.625
vt 0.765625 0.5625
vt 0.5625 0.5625
vt 0.5625 0.515625
vt 0.765625 0.515625
vt 0.58839296875 0.40625
vt 0.78660640625 0.40625
vt 0.796875 0.453125
vt 0.578125 0.453125
vt 0.796875 0.453125
vt 0.578125 0.453125
vt 0.58839359375 0.40625
vt 0.78660703125 0.40625
vt 0.5625 0.59375
vt 0.78125 0.59375
vt 0.78125 0.625
vt 0.5625 0.625
vt 0.765625 0.5625
vt 0.5625 0.5625
vt 0.5625 0.515625
vt 0.765625 0.515625
vt 0.5883934375 0.40625
vt 0.7866065625 0.40625
vt 0.796875 0.453125
vt 0.578125 0.453125
vt 0.796875 0.453125
vt 0.578125 0.453125
vt 0.5883934375 0.40625
vt 0.7866065625 0.40625
vn -0.38268325437821854 -4.6865182256157766e-17 0.9238796062358428
vn 0.3826838180994211 4.6865251292094397e-17 -0.9238793727348009
vn -1.2246467991473532e-16 1 0
vn 1.2246467991473532e-16 -1 0
vn -0.7071067811865476 -8.659560562354934e-17 0.7071067811865476
vn 0.7071067811865476 8.659560562354934e-17 -0.7071067811865476
vn -1.2246467991473532e-16 1 0
vn 1.2246467991473532e-16 -1 0
vn -0.9238796062358428 -1.131426202574242e-16 0.38268325437821854
vn 0.9238793727348009 1.1314259166179385e-16 -0.3826838180994211
vn -1.2246467991473532e-16 1 0
vn 1.2246467991473532e-16 -1 0
vn -1 -1.2246467991473532e-16 0
vn 1 1.2246467991473532e-16 0
vn -1.2246467991473532e-16 1 0
vn 1.2246467991473532e-16 -1 0
vn -0.9238796062358428 -1.131426202574242e-16 -0.38268325437821854
vn 0.9238793727348009 1.1314259166179385e-16 0.3826838180994211
vn -1.2246467991473532e-16 1 0
vn 1.2246467991473532e-16 -1 0
vn -0.7071067811865476 -8.659560562354934e-17 -0.7071067811865476
vn 0.7071067811865476 8.659560562354934e-17 0.7071067811865476
vn -1.2246467991473532e-16 1 0
vn 1.2246467991473532e-16 -1 0
vn -0.38268325437821854 -4.6865182256157766e-17 -0.9238796062358428
vn 0.3826838180994211 4.6865251292094397e-17 0.9238793727348009
vn -1.2246467991473532e-16 1 0
vn 1.2246467991473532e-16 -1 0
vn 0 0 -1
vn 0 0 1
vn -1.2246467991473532e-16 1 0
vn 1.2246467991473532e-16 -1 0
vn 0.38268325437821854 4.6865182256157766e-17 -0.9238796062358428
vn -0.3826838180994211 -4.6865251292094397e-17 0.9238793727348009
vn -1.2246467991473532e-16 1 0
vn 1.2246467991473532e-16 -1 0
vn 0.7071067811865476 8.659560562354934e-17 -0.7071067811865476
vn -0.7071067811865476 -8.659560562354934e-17 0.7071067811865476
vn -1.2246467991473532e-16 1 0
vn 1.2246467991473532e-16 -1 0
vn 0.9238796062358428 1.131426202574242e-16 -0.38268325437821854
vn -0.9238793727348009 -1.1314259166179385e-16 0.3826838180994211
vn -1.2246467991473532e-16 1 0
vn 1.2246467991473532e-16 -1 0
vn 1 1.2246467991473532e-16 0
vn -1 -1.2246467991473532e-16 0
vn -1.2246467991473532e-16 1 0
vn 1.2246467991473532e-16 -1 0
vn 0.9238796062358428 1.131426202574242e-16 0.38268325437821854
vn -0.9238793727348009 -1.1314259166179385e-16 -0.3826838180994211
vn -1.2246467991473532e-16 1 0
vn 1.2246467991473532e-16 -1 0
vn 0.7071067811865476 8.659560562354934e-17 0.7071067811865476
vn -0.7071067811865476 -8.659560562354934e-17 -0.7071067811865476
vn -1.2246467991473532e-16 1 0
vn 1.2246467991473532e-16 -1 0
vn 0.38268325437821854 4.6865182256157766e-17 0.9238796062358428
vn -0.3826838180994211 -4.6865251292094397e-17 -0.9238793727348009
vn -1.2246467991473532e-16 1 0
vn 1.2246467991473532e-16 -1 0
vn 0 0 1
vn 0 0 -1
vn -1.2246467991473532e-16 1 0
vn 1.2246467991473532e-16 -1 0
usemtl m_63d97fd3-8065-75d2-0c33-ad773b83d79b
f 1/1/1 5/2/1 6/3/1 2/4/1
f 4/5/2 8/6/2 7/7/2 3/8/2
f 3/9/3 7/10/3 5/11/3 1/12/3
f 2/13/4 6/14/4 8/15/4 4/16/4
f 5/17/5 9/18/5 10/19/5 6/20/5
f 8/21/6 12/22/6 11/23/6 7/24/6
f 7/25/7 11/26/7 9/27/7 5/28/7
f 6/29/8 10/30/8 12/31/8 8/32/8
f 9/33/9 13/34/9 14/35/9 10/36/9
f 12/37/10 16/38/10 15/39/10 11/40/10
f 11/41/11 15/42/11 13/43/11 9/44/11
f 10/45/12 14/46/12 16/47/12 12/48/12
f 13/49/13 17/50/13 18/51/13 14/52/13
f 16/53/14 20/54/14 19/55/14 15/56/14
f 15/57/15 19/58/15 17/59/15 13/60/15
f 14/61/16 18/62/16 20/63/16 16/64/16
f 17/65/17 21/66/17 22/67/17 18/68/17
f 20/69/18 24/70/18 23/71/18 19/72/18
f 19/73/19 23/74/19 21/75/19 17/76/19
f 18/77/20 22/78/20 24/79/20 20/80/20
f 21/81/21 25/82/21 26/83/21 22/84/21
f 24/85/22 28/86/22 27/87/22 23/88/22
f 23/89/23 27/90/23 25/91/23 21/92/23
f 22/93/24 26/94/24 28/95/24 24/96/24
f 25/97/25 29/98/25 30/99/25 26/100/25
f 28/101/26 32/102/26 31/103/26 27/104/26
f 27/105/27 31/106/27 29/107/27 25/108/27
f 26/109/28 30/110/28 32/111/28 28/112/28
f 29/113/29 33/114/29 34/115/29 30/116/29
f 32/117/30 36/118/30 35/119/30 31/120/30
f 31/121/31 35/122/31 33/123/31 29/124/31
f 30/125/32 34/126/32 36/127/32 32/128/32
f 33/129/33 37/130/33 38/131/33 34/132/33
f 36/133/34 40/134/34 39/135/34 35/136/34
f 35/137/35 39/138/35 37/139/35 33/140/35
f 34/141/36 38/142/36 40/143/36 36/144/36
f 37/145/37 41/146/37 42/147/37 38/148/37
f 40/149/38 44/150/38 43/151/38 39/152/38
f 39/153/39 43/154/39 41/155/39 37/156/39
f 38/157/40 42/158/40 44/159/40 40/160/40
f 41/161/41 45/162/41 46/163/41 42/164/41
f 44/165/42 48/166/42 47/167/42 43/168/42
f 43/169/43 47/170/43 45/171/43 41/172/43
f 42/173/44 46/174/44 48/175/44 44/176/44
f 45/177/45 49/178/45 50/179/45 46/180/45
f 48/181/46 52/182/46 51/183/46 47/184/46
f 47/185/47 51/186/47 49/187/47 45/188/47
f 46/189/48 50/190/48 52/191/48 48/192/48
f 49/193/49 53/194/49 54/195/49 50/196/49
f 52/197/50 56/198/50 55/199/50 51/200/50
f 51/201/51 55/202/51 53/203/51 49/204/51
f 50/205/52 54/206/52 56/207/52 52/208/52
f 53/209/53 57/210/53 58/211/53 54/212/53
f 56/213/54 60/214/54 59/215/54 55/216/54
f 55/217/55 59/218/55 57/219/55 53/220/55
f 54/221/56 58/222/56 60/223/56 56/224/56
f 57/225/57 61/226/57 62/227/57 58/228/57
f 60/229/58 64/230/58 63/231/58 59/232/58
f 59/233/59 63/234/59 61/235/59 57/236/59
f 58/237/60 62/238/60 64/239/60 60/240/60
f 61/241/61 1/242/61 2/243/61 62/244/61
f 64/245/62 4/246/62 3/247/62 63/248/62
f 63/249/63 3/250/63 1/251/63 61/252/63
f 62/253/64 2/254/64 4/255/64 64/256/64
o rim
v -0.43822875000000006 0.46874999999999994 2.203125
v -0.43822875000000006 0.31249999999999994 2.203125
v -0.39708625000000003 0.46874999999999994 1.996286875
v -0.39708625000000003 0.31249999999999994 1.996286875
v -1.24797 0.46874999999999983 1.867719375
v -1.24797 0.31249999999999983 1.867719375
v -1.130805625 0.4687499999999999 1.69237
v -1.130805625 0.3124999999999999 1.69237
v -1.867719375 0.4687499999999998 1.24797
v -1.867719375 0.3124999999999998 1.24797
v -1.69237 0.4687499999999998 1.130805625
v -1.69237 0.3124999999999998 1.130805625
v -2.203125 0.4687499999999997 0.43822875
v -2.203125 0.3124999999999997 0.43822875
v -1.996286875 0.4687499999999998 0.39708625
v -1.996286875 0.3124999999999998 0.39708625
v -2.203125 0.4687499999999997 -0.43822875
v -2.203125 0.3124999999999997 -0.43822875
v -1.996286875 0.4687499999999998 -0.39708625
v -1.996286875 0.3124999999999998 -0.39708625
v -1.867719375 0.4687499999999998 -1.24797
v -1.867719375 0.3124999999999998 -1.24797
v -1.69237 0.4687499999999998 -1.130805625
v -1.69237 0.3124999999999998 -1.130805625
v -1.24797 0.46874999999999983 -1.867719375
v -1.24797 0.31249999999999983 -1.867719375
v -1.130805625 0.4687499999999999 -1.69237
v -1.130805625 0.3124999999999999 -1.69237
v -0.43822875000000006 0.46874999999999994 -2.203125
v -0.43822875000000006 0.31249999999999994 -2.203125
v -0.39708625000000003 0.46874999999999994 -1.996286875
v -0.39708625000000003 0.31249999999999994 -1.996286875
v 0.43822874999999994 0.46875000000000006 -2.203125
v 0.43822874999999994 0.31250000000000006 -2.203125
v 0.3970862499999999 0.46875000000000006 -1.996286875
v 0.3970862499999999 0.31250000000000006 -1.996286875
v 1.24797 0.46875000000000017 -1.867719375
v 1.24797 0.31250000000000017 -1.867719375
v 1.130805625 0.4687500000000001 -1.69237
v 1.130805625 0.3125000000000001 -1.69237
v 1.867719375 0.4687500000000002 -1.24797
v 1.867719375 0.3125000000000002 -1.24797
v 1.69237 0.4687500000000002 -1.130805625
v 1.69237 0.3125000000000002 -1.130805625
v 2.203125 0.4687500000000003 -0.43822875
v 2.203125 0.3125000000000003 -0.43822875
v 1.996286875 0.4687500000000002 -0.39708625
v 1.996286875 0.3125000000000002 -0.39708625
v 2.203125 0.4687500000000003 0.43822875
v 2.203125 0.3125000000000003 0.43822875
v 1.996286875 0.4687500000000002 0.39708625
v 1.996286875 0.3125000000000002 0.39708625
v 1.867719375 0.4687500000000002 1.24797
v 1.867719375 0.3125000000000002 1.24797
v 1.69237 0.4687500000000002 1.130805625
v 1.69237 0.3125000000000002 1.130805625
v 1.24797 0.46875000000000017 1.867719375
v 1.24797 0.31250000000000017 1.867719375
v 1.130805625 0.4687500000000001 1.69237
v 1.130805625 0.3125000000000001 1.69237
v 0.43822874999999994 0.46875000000000006 2.203125
v 0.43822874999999994 0.31250000000000006 2.203125
v 0.3970862499999999 0.46875000000000006 1.996286875
v 0.3970862499999999 0.31250000000000006 1.996286875
vt 0.5625 0.59375
vt 0.78125 0.59375
vt 0.78125 0.625
vt 0.5625 0.625
vt 0.765625 0.5625
vt 0.5625 0.5625
vt 0.5625 0.515625
vt 0.765625 0.515625
vt 0.58839359375 0.40625
vt 0.78660703125 0.40625
vt 0.796875 0.453125
vt 0.578125 0.453124375
vt 0.796875 0.453125
vt 0.578125 0.453125
vt 0.58839296875 0.40625
vt 0.78660640625 0.40625
vt 0.5625 0.59375
vt 0.78125 0.59375
vt 0.78125 0.625
vt 0.5625 0.625
vt 0.765625 0.5625
vt 0.5625 0.5625
vt 0.5625 0.515625
vt 0.765625 0.515625
vt 0.58839421875 0.40625
vt 0.78660578125 0.40625
vt 0.796875 0.453125
vt 0.578125 0.453125
vt 0.796875 0.453125
vt 0.578125 0.453125
vt 0.58839359375 0.40625
vt 0.78660578125 0.40625
vt 0.5625 0.59375
vt 0.78125 0.59375
vt 0.78125 0.625
vt 0.5625 0.625
vt 0.765625 0.5625
vt 0.5625 0.5625
vt 0.5625 0.515625
vt 0.765625 0.515625
vt 0.58839296875 0.40625
vt 0.78660640625 0.40625
vt 0.796875 0.453125
vt 0.578125 0.453125
vt 0.796875 0.453125
vt 0.578125 0.453125
vt 0.58839359375 0.40625
vt 0.78660703125 0.40625
vt 0.5625 0.59375
vt 0.78125 0.59375
vt 0.78125 0.625
vt 0.5625 0.625
vt 0.765625 0.5625
vt 0.5625 0.5625
vt 0.5625 0.515625
vt 0.765625 0.515625
vt 0.5883934375 0.40625
vt 0.7866065625 0.40625
vt 0.796875 0.453125
vt 0.578125 0.453125
vt 0.796875 0.453125
vt 0.578125 0.453125
vt 0.5883934375 0.40625
vt 0.7866065625 0.40625
vt 0.5625 0.59375
vt 0.78125 0.59375
vt 0.78125 0.625
vt 0.5625 0.625
vt 0.765625 0.5625
vt 0.5625 0.5625
vt 0.5625 0.515625
vt 0.765625 0.515625
vt 0.58839359375 0.40625
vt 0.78660703125 0.40625
vt 0.796875 0.453125
vt 0.578125 0.453124375
vt 0.796875 0.453125
vt 0.578125 0.453125
vt 0.58839296875 0.40625
vt 0.78660640625 0.406250625
vt 0.5625 0.59375
vt 0.78125 0.59375
vt 0.78125 0.625
vt 0.5625 0.625
vt 0.765625 0.5625
vt 0.5625 0.5625
vt 0.5625 0.515625
vt 0.765625 0.515625
vt 0.58839359375 0.40625
vt 0.78660578125 0.40625
vt 0.796875 0.453125
vt 0.578125 0.453125
vt 0.796875 0.453125
vt 0.578125 0.453125
vt 0.58839421875 0.40625
vt 0.78660578125 0.40625
vt 0.5625 0.59375
vt 0.78125 0.59375
vt 0.78125 0.625
vt 0.5625 0.625
vt 0.765625 0.5625
vt 0.5625 0.5625
vt 0.5625 0.515625
vt 0.765625 0.515625
vt 0.58839296875 0.40625
vt 0.78660640625 0.40625
vt 0.796875 0.453124375
vt 0.578125 0.453125
vt 0.796875 0.453125
vt 0.578125 0.453124375
vt 0.58839359375 0.40625
vt 0.78660703125 0.40625
vt 0.5625 0.59375
vt 0.78125 0.59375
vt 0.78125 0.625
vt 0.5625 0.625
vt 0.765625 0.5625
vt 0.5625 0.5625
vt 0.5625 0.515625
vt 0.765625 0.515625
vt 0.5883934375 0.40625
vt 0.7866065625 0.40625
vt 0.796875 0.453125
vt 0.578125 0.453125
vt 0.796875 0.453125
vt 0.578125 0.453125
vt 0.5883934375 0.40625
vt 0.7866065625 0.40625
vt 0.5625 0.59375
vt 0.78125 0.59375
vt 0.78125 0.625
vt 0.5625 0.625
vt 0.765625 0.5625
vt 0.5625 0.5625
vt 0.5625 0.515625
vt 0.765625 0.515625
vt 0.58839359375 0.40625
vt 0.78660703125 0.40625
vt 0.796875 0.453125
vt 0.578125 0.453124375
vt 0.796875 0.453125
vt 0.578125 0.453125
vt 0.58839296875 0.40625
vt 0.78660640625 0.406250625
vt 0.5625 0.59375
vt 0.78125 0.59375
vt 0.78125 0.625
vt 0.5625 0.625
vt 0.765625 0.5625
vt 0.5625 0.5625
vt 0.5625 0.515625
vt 0.765625 0.515625
vt 0.5883940625 0.40625
vt 0.7866059375 0.40625
vt 0.796875 0.453125
vt 0.578125 0.453125
vt 0.796875 0.453125
vt 0.578125 0.453125
vt 0.5883940625 0.40625
vt 0.7866059375 0.40625
vt 0.5625 0.59375
vt 0.78125 0.59375
vt 0.78125 0.625
vt 0.5625 0.625
vt 0.765625 0.5625
vt 0.5625 0.5625
vt 0.5625 0.515625
vt 0.765625 0.515625
vt 0.58839296875 0.40625
vt 0.78660640625 0.406250625
vt 0.796875 0.453125
vt 0.578125 0.453125
vt 0.796875 0.453125
vt 0.578125 0.453125
vt 0.58839359375 0.406250625
vt 0.78660703125 0.40625
vt 0.5625 0.59375
vt 0.78125 0.59375
vt 0.78125 0.625
vt 0.5625 0.625
vt 0.765625 0.5625
vt 0.5625 0.5625
vt 0.5625 0.515625
vt 0.765625 0.515625
vt 0.5883934375 0.40625
vt 0.7866065625 0.40625
vt 0.796875 0.453125
vt 0.578125 0.453125
vt 0.796875 0.453125
vt 0.578125 0.453125
vt 0.5883934375 0.40625
vt 0.7866065625 0.40625
vt 0.5625 0.59375
vt 0.78125 0.59375
vt 0.78125 0.625
vt 0.5625 0.625
vt 0.765625 0.5625
vt 0.5625 0.5625
vt 0.5625 0.515625
vt 0.765625 0.515625
vt 0.58839359375 0.40625
vt 0.78660703125 0.40625
vt 0.796875 0.453125
vt 0.578125 0.453125
vt 0.796875 0.453125
vt 0.578125 0.453125
vt 0.58839296875 0.40625
vt 0.78660640625 0.406250625
vt 0.5625 0.59375
vt 0.78125 0.59375
vt 0.78125 0.625
vt 0.5625 0.625
vt 0.765625 0.5625
vt 0.5625 0.5625
vt 0.5625 0.515625
vt 0.765625 0.515625
vt 0.5883940625 0.40625
vt 0.7866059375 0.40625
vt 0.796875 0.453125
vt 0.578125 0.453125
vt 0.796875 0.453125
vt 0.578125 0.453125
vt 0.5883940625 0.40625
vt 0.7866059375 0.40625
vt 0.5625 0.59375
vt 0.78125 0.59375
vt 0.78125 0.625
vt 0.5625 0.625
vt 0.765625 0.5625
vt 0.5625 0.5625
vt 0.5625 0.515625
vt 0.765625 0.515625
vt 0.58839296875 0.40625
vt 0.78660640625 0.40625
vt 0.796875 0.453125
vt 0.578125 0.453125
vt 0.796875 0.453125
vt 0.578125 0.453125
vt 0.58839359375 0.40625
vt 0.78660703125 0.40625
vt 0.5625 0.59375
vt 0.78125 0.59375
vt 0.78125 0.625
vt 0.5625 0.625
vt 0.765625 0.5625
vt 0.5625 0.5625
vt 0.5625 0.515625
vt 0.765625 0.515625
vt 0.5883934375 0.40625
vt 0.7866065625 0.40625
vt 0.796875 0.453125
vt 0.578125 0.453125
vt 0.796875 0.453125
vt 0.578125 0.453125
vt 0.5883934375 0.40625
vt 0.7866065625 0.40625
vn -0.38268325437821854 -4.6865182256157766e-17 0.9238796062358428
vn 0.3826838180994211 4.6865251292094397e-17 -0.9238793727348009
vn -1.2246467991473532e-16 1 0
vn 1.2246467991473532e-16 -1 0
vn -0.7071067811865476 -8.659560562354934e-17 0.7071067811865476
vn 0.7071067811865476 8.659560562354934e-17 -0.7071067811865476
vn -1.2246467991473532e-16 1 0
vn 1.2246467991473532e-16 -1 0
vn -0.9238796062358428 -1.131426202574242e-16 0.38268325437821854
vn 0.9238793727348009 1.1314259166179385e-16 -0.3826838180994211
vn -1.2246467991473532e-16 1 0
vn 1.2246467991473532e-16 -1 0
vn -1 -1.2246467991473532e-16 0
vn 1 1.2246467991473532e-16 0
vn -1.2246467991473532e-16 1 0
vn 1.2246467991473532e-16 -1 0
vn -0.9238796062358428 -1.131426202574242e-16 -0.38268325437821854
vn 0.9238793727348009 1.1314259166179385e-16 0.3826838180994211
vn -1.2246467991473532e-16 1 0
vn 1.2246467991473532e-16 -1 0
vn -0.7071067811865476 -8.659560562354934e-17 -0.7071067811865476
vn 0.7071067811865476 8.659560562354934e-17 0.7071067811865476
vn -1.2246467991473532e-16 1 0
vn 1.2246467991473532e-16 -1 0
vn -0.38268325437821854 -4.6865182256157766e-17 -0.9238796062358428
vn 0.3826838180994211 4.6865251292094397e-17 0.9238793727348009
vn -1.2246467991473532e-16 1 0
vn 1.2246467991473532e-16 -1 0
vn 0 0 -1
vn 0 0 1
vn -1.2246467991473532e-16 1 0
vn 1.2246467991473532e-16 -1 0
vn 0.38268325437821854 4.6865182256157766e-17 -0.9238796062358428
vn -0.3826838180994211 -4.6865251292094397e-17 0.9238793727348009
vn -1.2246467991473532e-16 1 0
vn 1.2246467991473532e-16 -1 0
vn 0.7071067811865476 8.659560562354934e-17 -0.7071067811865476
vn -0.7071067811865476 -8.659560562354934e-17 0.7071067811865476
vn -1.2246467991473532e-16 1 0
vn 1.2246467991473532e-16 -1 0
vn 0.9238796062358428 1.131426202574242e-16 -0.38268325437821854
vn -0.9238793727348009 -1.1314259166179385e-16 0.3826838180994211
vn -1.2246467991473532e-16 1 0
vn 1.2246467991473532e-16 -1 0
vn 1 1.2246467991473532e-16 0
vn -1 -1.2246467991473532e-16 0
vn -1.2246467991473532e-16 1 0
vn 1.2246467991473532e-16 -1 0
vn 0.9238796062358428 1.131426202574242e-16 0.38268325437821854
vn -0.9238793727348009 -1.1314259166179385e-16 -0.3826838180994211
vn -1.2246467991473532e-16 1 0
vn 1.2246467991473532e-16 -1 0
vn 0.7071067811865476 8.659560562354934e-17 0.7071067811865476
vn -0.7071067811865476 -8.659560562354934e-17 -0.7071067811865476
vn -1.2246467991473532e-16 1 0
vn 1.2246467991473532e-16 -1 0
vn 0.38268325437821854 4.6865182256157766e-17 0.9238796062358428
vn -0.3826838180994211 -4.6865251292094397e-17 -0.9238793727348009
vn -1.2246467991473532e-16 1 0
vn 1.2246467991473532e-16 -1 0
vn 0 0 1
vn 0 0 -1
vn -1.2246467991473532e-16 1 0
vn 1.2246467991473532e-16 -1 0
usemtl m_63d97fd3-8065-75d2-0c33-ad773b83d79b
f 65/257/65 69/258/65 70/259/65 66/260/65
f 68/261/66 72/262/66 71/263/66 67/264/66
f 67/265/67 71/266/67 69/267/67 65/268/67
f 66/269/68 70/270/68 72/271/68 68/272/68
f 69/273/69 73/274/69 74/275/69 70/276/69
f 72/277/70 76/278/70 75/279/70 71/280/70
f 71/281/71 75/282/71 73/283/71 69/284/71
f 70/285/72 74/286/72 76/287/72 72/288/72
f 73/289/73 77/290/73 78/291/73 74/292/73
f 76/293/74 80/294/74 79/295/74 75/296/74
f 75/297/75 79/298/75 77/299/75 73/300/75
f 74/301/76 78/302/76 80/303/76 76/304/76
f 77/305/77 81/306/77 82/307/77 78/308/77
f 80/309/78 84/310/78 83/311/78 79/312/78
f 79/313/79 83/314/79 81/315/79 77/316/79
f 78/317/80 82/318/80 84/319/80 80/320/80
f 81/321/81 85/322/81 86/323/81 82/324/81
f 84/325/82 88/326/82 87/327/82 83/328/82
f 83/329/83 87/330/83 85/331/83 81/332/83
f 82/333/84 86/334/84 88/335/84 84/336/84
f 85/337/85 89/338/85 90/339/85 86/340/85
f 88/341/86 92/342/86 91/343/86 87/344/86
f 87/345/87 91/346/87 89/347/87 85/348/87
f 86/349/88 90/350/88 92/351/88 88/352/88
f 89/353/89 93/354/89 94/355/89 90/356/89
f 92/357/90 96/358/90 95/359/90 91/360/90
f 91/361/91 95/362/91 93/363/91 89/364/91
f 90/365/92 94/366/92 96/367/92 92/368/92
f 93/369/93 97/370/93 98/371/93 94/372/93
f 96/373/94 100/374/94 99/375/94 95/376/94
f 95/377/95 99/378/95 97/379/95 93/380/95
f 94/381/96 98/382/96 100/383/96 96/384/96
f 97/385/97 101/386/97 102/387/97 98/388/97
f 100/389/98 104/390/98 103/391/98 99/392/98
f 99/393/99 103/394/99 101/395/99 97/396/99
f 98/397/100 102/398/100 104/399/100 100/400/100
f 101/401/101 105/402/101 106/403/101 102/404/101
f 104/405/102 108/406/102 107/407/102 103/408/102
f 103/409/103 107/410/103 105/411/103 101/412/103
f 102/413/104 106/414/104 108/415/104 104/416/104
f 105/417/105 109/418/105 110/419/105 106/420/105
f 108/421/106 112/422/106 111/423/106 107/424/106
f 107/425/107 111/426/107 109/427/107 105/428/107
f 106/429/108 110/430/108 112/431/108 108/432/108
f 109/433/109 113/434/109 114/435/109 110/436/109
f 112/437/110 116/438/110 115/439/110 111/440/110
f 111/441/111 115/442/111 113/443/111 109/444/111
f 110/445/112 114/446/112 116/447/112 112/448/112
f 113/449/113 117/450/113 118/451/113 114/452/113
f 116/453/114 120/454/114 119/455/114 115/456/114
f 115/457/115 119/458/115 117/459/115 113/460/115
f 114/461/116 118/462/116 120/463/116 116/464/116
f 117/465/117 121/466/117 122/467/117 118/468/117
f 120/469/118 124/470/118 123/471/118 119/472/118
f 119/473/119 123/474/119 121/475/119 117/476/119
f 118/477/120 122/478/120 124/479/120 120/480/120
f 121/481/121 125/482/121 126/483/121 122/484/121
f 124/485/122 128/486/122 127/487/122 123/488/122
f 123/489/123 127/490/123 125/491/123 121/492/123
f 122/493/124 126/494/124 128/495/124 124/496/124
f 125/497/125 65/498/125 66/499/125 126/500/125
f 128/501/126 68/502/126 67/503/126 127/504/126
f 127/505/127 67/506/127 65/507/127 125/508/127
f 126/509/128 66/510/128 68/511/128 128/512/128
o rim
v 0.07812499999999983 0.342498125 -2.10887
v -0.07812500000000017 0.342498125 -2.10887
v 0.07812499999999999 -0.320165625 -0.288215625
v -0.07812500000000001 -0.320165625 -0.288215625
v 0.07812499999999982 0.40122875 -2.08749375
v -0.07812500000000018 0.40122875 -2.08749375
v 0.07812499999999997 -0.261435 -0.266839375
v -0.07812500000000003 -0.26143500000000003 -0.266839375
vt 0.03125 0.203125
vt 0.03125 0.6875
vt 0 0.6875
vt 0 0.203125
vt 0.03125 0.203125
vt 0.03125 0.6875
vt 0 0.6875
vt 0 0.203125
vt 0 0.6875
vt 0.03125 0.6875
vt 0.03125 0.703125
vt 0 0.703125
vt 0.03125 0.6875
vt 0 0.6875
vt 0 0.703125
vt 0.03125 0.703125
vt 0.046875 0.203125
vt 0.046875 0.6875
vt 0.03125 0.6875
vt 0.03125 0.203125
vt 0.046875 0.203125
vt 0.046875 0.6875
vt 0.03125 0.6875
vt 0.03125 0.203125
vn 2.0865368591900506e-16 -0.9396926621543117 -0.3420200296668934
vn -2.0865368591900506e-16 0.9396926621543117 0.3420200296668934
vn -7.594388652875533e-17 0.3420208590719697 -0.9396923602752508
vn 7.594388652875572e-17 -0.3420208590719715 0.9396923602752502
vn 1 2.220446049250313e-16 0
vn -1 -2.220446049250313e-16 0
usemtl m_63d97fd3-8065-75d2-0c33-ad773b83d79b
f 132/513/129 130/514/129 129/515/129 131/516/129
f 135/517/130 133/518/130 134/519/130 136/520/130
f 129/521/131 130/522/131 134/523/131 133/524/131
f 132/525/132 131/526/132 135/527/132 136/528/132
f 131/529/133 129/530/133 133/531/133 135/532/133
f 136/533/134 134/534/134 130/535/134 132/536/134
o rim
v -0.7263793749999998 -0.40332562500000013 -1.957785
v -0.8707356249999998 -0.40332562500000024 -1.897990625
v -0.029644999999999973 0.259338125 -0.275719375
v -0.17400124999999997 0.259338125 -0.215925
v -0.7345593749999999 -0.3445950000000001 -1.97753375
v -0.8789156249999999 -0.3445950000000002 -1.917739375
v -0.037824999999999984 0.318069375 -0.29546875
v -0.18218124999999996 0.318069375 -0.235674375
vt 0.03125 0.203125
vt 0.03125 0.6875
vt 0 0.6875
vt 0 0.203125
vt 0.03125 0.203125
vt 0.03125 0.6875
vt 0 0.6875
vt 0 0.203125
vt 0 0.6875
vt 0.03125 0.6875
vt 0.03125 0.703125
vt 0 0.703125
vt 0.03125 0.6875
vt 0 0.6875
vt 0 0.703125
vt 0.03125 0.703125
vt 0.046875 0.203125
vt 0.046875 0.6875
vt 0.03125 0.6875
vt 0.03125 0.203125
vt 0.046875 0.203125
vt 0.046875 0.6875
vt 0.03125 0.6875
vt 0.03125 0.203125
vn 0.13088548710107206 -0.9396926820993803 0.31598520926649176
vn -0.13088563276178494 0.9396925435615733 -0.31598556092221697
vn -0.35960585104974035 -0.342014732903578 -0.8681644742603133
vn 0.35960516240694845 0.34201967706156705 0.8681628117311715
vn 0.9238799230085657 -0.000002776174646255151 -0.38268248960983253
vn -0.9238798786170237 0.0000028183946842299938 0.382682596780479
usemtl m_63d97fd3-8065-75d2-0c33-ad773b83d79b
f 140/537/135 138/538/135 137/539/135 139/540/135
f 143/541/136 141/542/136 142/543/136 144/544/136
f 137/545/137 138/546/137 142/547/137 141/548/137
f 140/549/138 139/550/138 143/551/138 144/552/138
f 139/553/139 137/554/139 141/555/139 143/556/139
f 144/557/140 142/558/140 138/559/140 140/560/140
o rim
v -1.4359537500000001 0.34249812499999965 -1.54643875
v -1.5464387500000003 0.34249812499999965 -1.43595375
v -0.14855625000000003 -0.320165625 -0.259041875
v -0.259041875 -0.32016562500000006 -0.14855625
v -1.4208381250000002 0.4012287499999997 -1.53132375
v -1.5313237500000003 0.4012287499999997 -1.420838125
v -0.13344125000000004 -0.26143500000000003 -0.243926875
v -0.24392687500000002 -0.2614350000000001 -0.13344125
vt 0.03125 0.203125
vt 0.03125 0.6875
vt 0 0.6875
vt 0 0.203125
vt 0.03125 0.203125
vt 0.03125 0.6875
vt 0 0.6875
vt 0 0.203125
vt 0 0.6875
vt 0.03125 0.6875
vt 0.03125 0.703125
vt 0 0.703125
vt 0.03125 0.6875
vt 0 0.6875
vt 0 0.703125
vt 0.03125 0.703125
vt 0.046875 0.203125
vt 0.046875 0.6875
vt 0.03125 0.6875
vt 0.03125 0.203125
vt 0.046875 0.203125
vt 0.046875 0.6875
vt 0.03125 0.6875
vt 0.03125 0.203125
vn -0.24184466025999948 -0.9396926734882266 -0.24184466026000007
vn 0.24184471209770145 0.939692646805731 0.24184471209770095
vn -0.6644627313236771 0.3420212820333818 -0.664462731323677
vn 0.6644643382903335 -0.3420150380915708 0.6644643382903334
vn 0.7071049195015862 -0.000006566631515940785 -0.7071086428361167
vn -0.7071084912732446 -0.000006644646030706961 0.7071050710644949
usemtl m_63d97fd3-8065-75d2-0c33-ad773b83d79b
f 148/561/141 146/562/141 145/563/141 147/564/141
f 151/565/142 149/566/142 150/567/142 152/568/142
f 145/569/143 146/570/143 150/571/143 149/572/143
f 148/573/144 147/574/144 151/575/144 152/576/144
f 147/577/145 145/578/145 149/579/145 151/580/145
f 152/581/146 150/582/146 146/583/146 148/584/146
o rim
v -1.8979906249999998 -0.40332562500000047 -0.870735625
v -1.9577849999999999 -0.40332562500000047 -0.726379375
v -0.21592499999999998 0.259338125 -0.17400125
v -0.27571937499999993 0.259338125 -0.029645
v -1.9177393749999998 -0.34459500000000043 -0.878915625
v -1.9775337499999999 -0.34459500000000043 -0.734559375
v -0.23567437499999996 0.31806937499999993 -0.18218125
v -0.29546875 0.31806937499999993 -0.037825
vt 0.03125 0.203125
vt 0.03125 0.6875
vt 0 0.6875
vt 0 0.203125
vt 0.03125 0.203125
vt 0.03125 0.6875
vt 0 0.6875
vt 0 0.203125
vt 0 0.6875
vt 0.03125 0.6875
vt 0.03125 0.703125
vt 0 0.703125
vt 0.03125 0.6875
vt 0 0.6875
vt 0 0.703125
vt 0.03125 0.703125
vt 0.046875 0.203125
vt 0.046875 0.6875
vt 0.03125 0.6875
vt 0.03125 0.203125
vt 0.046875 0.203125
vt 0.046875 0.6875
vt 0.03125 0.6875
vt 0.03125 0.203125
vn 0.3159852092664918 -0.9396926820993801 0.13088548710107178
vn -0.31598556092221697 0.9396925435615732 -0.13088563276178464
vn -0.8681644742603134 -0.3420147329035781 -0.35960585104974047
vn 0.8681628117311716 0.3420196770615669 0.35960516240694856
vn 0.38268248960983253 0.000002776174646545266 -0.9238799230085657
vn -0.38268259678047956 -0.000002818394684520113 0.9238798786170233
usemtl m_63d97fd3-8065-75d2-0c33-ad773b83d79b
f 156/585/147 154/586/147 153/587/147 155/588/147
f 159/589/148 157/590/148 158/591/148 160/592/148
f 153/593/149 154/594/149 158/595/149 157/596/149
f 156/597/150 155/598/150 159/599/150 160/600/150
f 155/601/151 153/602/151 157/603/151 159/604/151
f 160/605/152 158/606/152 154/607/152 156/608/152
o rim
v -2.10887 0.34249812499999954 -0.078125
v -2.10887 0.34249812499999954 0.078125
v -0.288215625 -0.32016562500000006 -0.078125
v -0.288215625 -0.32016562500000006 0.078125
v -2.08749375 0.4012287499999996 -0.078125
v -2.08749375 0.4012287499999996 0.078125
v -0.26683937500000005 -0.2614350000000001 -0.078125
v -0.26683937500000005 -0.2614350000000001 0.078125
vt 0.03125 0.203125
vt 0.03125 0.6875
vt 0 0.6875
vt 0 0.203125
vt 0.03125 0.203125
vt 0.03125 0.6875
vt 0 0.6875
vt 0 0.203125
vt 0 0.6875
vt 0.03125 0.6875
vt 0.03125 0.703125
vt 0 0.703125
vt 0.03125 0.6875
vt 0 0.6875
vt 0 0.703125
vt 0.03125 0.703125
vt 0.046875 0.203125
vt 0.046875 0.6875
vt 0.03125 0.6875
vt 0.03125 0.203125
vt 0.046875 0.203125
vt 0.046875 0.6875
vt 0.03125 0.6875
vt 0.03125 0.203125
vn -0.34202002966689315 -0.9396926621543118 0
vn 0.34202002966689315 0.9396926621543118 0
vn -0.9396923602752509 0.3420208590719695 0
vn 0.9396923602752503 -0.3420208590719713 0
vn 0 0 -1
vn 0 0 1
usemtl m_63d97fd3-8065-75d2-0c33-ad773b83d79b
f 164/609/153 162/610/153 161/611/153 163/612/153
f 167/613/154 165/614/154 166/615/154 168/616/154
f 161/617/155 162/618/155 166/619/155 165/620/155
f 164/621/156 163/622/156 167/623/156 168/624/156
f 163/625/157 161/626/157 165/627/157 167/628/157
f 168/629/158 166/630/158 162/631/158 164/632/158
o rim
v -1.9577849999999999 -0.40332562500000047 0.726379375
v -1.8979906249999998 -0.40332562500000047 0.870735625
v -0.27571937499999993 0.259338125 0.029645
v -0.21592499999999998 0.259338125 0.17400125
v -1.9775337499999999 -0.34459500000000043 0.734559375
v -1.9177393749999998 -0.34459500000000043 0.878915625
v -0.29546875 0.31806937499999993 0.037825
v -0.23567437499999996 0.31806937499999993 0.18218125
vt 0.03125 0.203125
vt 0.03125 0.6875
vt 0 0.6875
vt 0 0.203125
vt 0.03125 0.203125
vt 0.03125 0.6875
vt 0 0.6875
vt 0 0.203125
vt 0 0.6875
vt 0.03125 0.6875
vt 0.03125 0.703125
vt 0 0.703125
vt 0.03125 0.6875
vt 0 0.6875
vt 0 0.703125
vt 0.03125 0.703125
vt 0.046875 0.203125
vt 0.046875 0.6875
vt 0.03125 0.6875
vt 0.03125 0.203125
vt 0.046875 0.203125
vt 0.046875 0.6875
vt 0.03125 0.6875
vt 0.03125 0.203125
vn 0.315985209266492 -0.9396926820993802 -0.13088548710107184
vn -0.3159855609222172 0.9396925435615732 0.13088563276178472
vn -0.8681644742603134 -0.34201473290357814 0.35960585104974047
vn 0.8681628117311716 0.3420196770615672 -0.35960516240694856
vn -0.38268248960983253 -0.000002776174646545266 -0.9238799230085657
vn 0.3826825967804789 0.0000028183946845201085 0.9238798786170235
usemtl m_63d97fd3-8065-75d2-0c33-ad773b83d79b
f 172/633/159 170/634/159 169/635/159 171/636/159
f 175/637/160 173/638/160 174/639/160 176/640/160
f 169/641/161 170/642/161 174/643/161 173/644/161
f 172/645/162 171/646/162 175/647/162 176/648/162
f 171/649/163 169/650/163 173/651/163 175/652/163
f 176/653/164 174/654/164 170/655/164 172/656/164
o rim
v -1.5464387500000003 0.34249812499999965 1.43595375
v -1.4359537500000001 0.34249812499999965 1.54643875
v -0.259041875 -0.32016562500000006 0.14855625
v -0.14855625000000003 -0.320165625 0.259041875
v -1.5313237500000003 0.4012287499999997 1.420838125
v -1.4208381250000002 0.4012287499999997 1.53132375
v -0.24392687500000002 -0.2614350000000001 0.13344125
v -0.13344125000000004 -0.26143500000000003 0.243926875
vt 0.03125 0.203125
vt 0.03125 0.6875
vt 0 0.6875
vt 0 0.203125
vt 0.03125 0.203125
vt 0.03125 0.6875
vt 0 0.6875
vt 0 0.203125
vt 0 0.6875
vt 0.03125 0.6875
vt 0.03125 0.703125
vt 0 0.703125
vt 0.03125 0.6875
vt 0 0.6875
vt 0 0.703125
vt 0.03125 0.703125
vt 0.046875 0.203125
vt 0.046875 0.6875
vt 0.03125 0.6875
vt 0.03125 0.203125
vt 0.046875 0.203125
vt 0.046875 0.6875
vt 0.03125 0.6875
vt 0.03125 0.203125
vn -0.24184466025999984 -0.9396926734882266 0.2418446602599997
vn 0.24184471209770073 0.939692646805731 -0.24184471209770167
vn -0.6644627313236771 0.3420212820333818 0.664462731323677
vn 0.6644643382903335 -0.3420150380915708 -0.6644643382903334
vn -0.7071086428361167 -0.000006566631516254803 -0.7071049195015862
vn 0.7071050710644949 -0.000006644646030392943 0.7071084912732446
usemtl m_63d97fd3-8065-75d2-0c33-ad773b83d79b
f 180/657/165 178/658/165 177/659/165 179/660/165
f 183/661/166 181/662/166 182/663/166 184/664/166
f 177/665/167 178/666/167 182/667/167 181/668/167
f 180/669/168 179/670/168 183/671/168 184/672/168
f 179/673/169 177/674/169 181/675/169 183/676/169
f 184/677/170 182/678/170 178/679/170 180/680/170
o rim
v -0.8707356249999998 -0.40332562500000024 1.897990625
v -0.7263793749999998 -0.40332562500000013 1.957785
v -0.17400124999999997 0.259338125 0.215925
v -0.029644999999999973 0.259338125 0.275719375
v -0.8789156249999999 -0.3445950000000002 1.917739375
v -0.7345593749999999 -0.3445950000000001 1.97753375
v -0.18218124999999996 0.318069375 0.235674375
v -0.037824999999999984 0.318069375 0.29546875
vt 0.03125 0.203125
vt 0.03125 0.6875
vt 0 0.6875
vt 0 0.203125
vt 0.03125 0.203125
vt 0.03125 0.6875
vt 0 0.6875
vt 0 0.203125
vt 0 0.6875
vt 0.03125 0.6875
vt 0.03125 0.703125
vt 0 0.703125
vt 0.03125 0.6875
vt 0 0.6875
vt 0 0.703125
vt 0.03125 0.703125
vt 0.046875 0.203125
vt 0.046875 0.6875
vt 0.03125 0.6875
vt 0.03125 0.203125
vt 0.046875 0.203125
vt 0.046875 0.6875
vt 0.03125 0.6875
vt 0.03125 0.203125
vn 0.130885487101072 -0.9396926820993802 -0.3159852092664916
vn -0.13088563276178486 0.9396925435615733 0.31598556092221675
vn -0.35960585104974035 -0.3420147329035779 0.8681644742603133
vn 0.3596051624069485 0.3420196770615668 -0.8681628117311717
vn -0.9238799230085657 0.000002776174646255151 -0.38268248960983253
vn 0.9238798786170233 -0.000002818394684229998 0.38268259678047956
usemtl m_63d97fd3-8065-75d2-0c33-ad773b83d79b
f 188/681/171 186/682/171 185/683/171 187/684/171
f 191/685/172 189/686/172 190/687/172 192/688/172
f 185/689/173 186/690/173 190/691/173 189/692/173
f 188/693/174 187/694/174 191/695/174 192/696/174
f 187/697/175 185/698/175 189/699/175 191/700/175
f 192/701/176 190/702/176 186/703/176 188/704/176
o rim
v -0.07812500000000017 0.342498125 2.10887
v 0.07812499999999983 0.342498125 2.10887
v -0.07812500000000001 -0.320165625 0.288215625
v 0.07812499999999999 -0.320165625 0.288215625
v -0.07812500000000018 0.40122875 2.08749375
v 0.07812499999999982 0.40122875 2.08749375
v -0.07812500000000003 -0.26143500000000003 0.266839375
v 0.07812499999999997 -0.261435 0.266839375
vt 0.03125 0.203125
vt 0.03125 0.6875
vt 0 0.6875
vt 0 0.203125
vt 0.03125 0.203125
vt 0.03125 0.6875
vt 0 0.6875
vt 0 0.203125
vt 0 0.6875
vt 0.03125 0.6875
vt 0.03125 0.703125
vt 0 0.703125
vt 0.03125 0.6875
vt 0 0.6875
vt 0 0.703125
vt 0.03125 0.703125
vt 0.046875 0.203125
vt 0.046875 0.6875
vt 0.03125 0.6875
vt 0.03125 0.203125
vt 0.046875 0.203125
vt 0.046875 0.6875
vt 0.03125 0.6875
vt 0.03125 0.203125
vn 2.0865368591900506e-16 -0.9396926621543117 0.3420200296668934
vn -2.0865368591900506e-16 0.9396926621543117 -0.3420200296668934
vn -7.594388652875533e-17 0.3420208590719697 0.9396923602752508
vn 7.594388652875572e-17 -0.3420208590719715 -0.9396923602752502
vn -1 -2.220446049250313e-16 0
vn 1 2.220446049250313e-16 0
usemtl m_63d97fd3-8065-75d2-0c33-ad773b83d79b
f 196/705/177 194/706/177 193/707/177 195/708/177
f 199/709/178 197/710/178 198/711/178 200/712/178
f 193/713/179 194/714/179 198/715/179 197/716/179
f 196/717/180 195/718/180 199/719/180 200/720/180
f 195/721/181 193/722/181 197/723/181 199/724/181
f 200/725/182 198/726/182 194/727/182 196/728/182
o rim
v 0.7263793750000003 -0.4033256249999999 1.957785
v 0.8707356250000002 -0.4033256249999998 1.897990625
v 0.02964500000000003 0.259338125 0.275719375
v 0.17400125000000002 0.25933812500000003 0.215925
v 0.7345593750000001 -0.3445949999999999 1.97753375
v 0.8789156250000001 -0.34459499999999976 1.917739375
v 0.03782500000000001 0.318069375 0.29546875
v 0.18218125000000002 0.31806937500000004 0.235674375
vt 0.03125 0.203125
vt 0.03125 0.6875
vt 0 0.6875
vt 0 0.203125
vt 0.03125 0.203125
vt 0.03125 0.6875
vt 0 0.6875
vt 0 0.203125
vt 0 0.6875
vt 0.03125 0.6875
vt 0.03125 0.703125
vt 0 0.703125
vt 0.03125 0.6875
vt 0 0.6875
vt 0 0.703125
vt 0.03125 0.703125
vt 0.046875 0.203125
vt 0.046875 0.6875
vt 0.03125 0.6875
vt 0.03125 0.203125
vt 0.046875 0.203125
vt 0.046875 0.6875
vt 0.03125 0.6875
vt 0.03125 0.203125
vn -0.13088548710107162 -0.9396926820993803 -0.31598520926649176
vn 0.1308856327617845 0.9396925435615733 0.31598556092221697
vn 0.35960585104974047 -0.34201473290357787 0.8681644742603133
vn -0.35960516240694856 0.34201967706156694 -0.8681628117311715
vn -0.9238799230085657 -0.0000027761746466654358 0.38268248960983253
vn 0.9238798786170237 0.0000028183946846402787 -0.382682596780479
usemtl m_63d97fd3-8065-75d2-0c33-ad773b83d79b
f 204/729/183 202/730/183 201/731/183 203/732/183
f 207/733/184 205/734/184 206/735/184 208/736/184
f 201/737/185 202/738/185 206/739/185 205/740/185
f 204/741/186 203/742/186 207/743/186 208/744/186
f 203/745/187 201/746/187 205/747/187 207/748/187
f 208/749/188 206/750/188 202/751/188 204/752/188
o rim
v 1.4359537499999997 0.3424981250000003 1.54643875
v 1.5464387499999999 0.3424981250000003 1.43595375
v 0.14855624999999997 -0.32016562499999995 0.259041875
v 0.259041875 -0.32016562499999995 0.14855625
v 1.4208381249999997 0.40122875000000036 1.53132375
v 1.5313237499999999 0.40122875000000036 1.420838125
v 0.13344124999999998 -0.261435 0.243926875
v 0.24392687499999996 -0.261435 0.13344125
vt 0.03125 0.203125
vt 0.03125 0.6875
vt 0 0.6875
vt 0 0.203125
vt 0.03125 0.203125
vt 0.03125 0.6875
vt 0 0.6875
vt 0 0.203125
vt 0 0.6875
vt 0.03125 0.6875
vt 0.03125 0.703125
vt 0 0.703125
vt 0.03125 0.6875
vt 0 0.6875
vt 0 0.703125
vt 0.03125 0.703125
vt 0.046875 0.203125
vt 0.046875 0.6875
vt 0.03125 0.6875
vt 0.03125 0.203125
vt 0.046875 0.203125
vt 0.046875 0.6875
vt 0.03125 0.6875
vt 0.03125 0.203125
vn 0.24184466025999987 -0.9396926734882264 0.24184466026
vn -0.2418447120977019 0.939692646805731 -0.24184471209770095
vn 0.6644627313236768 0.3420212820333821 0.664462731323677
vn -0.6644643382903334 -0.3420150380915712 -0.6644643382903335
vn -0.7071049195015862 -0.000006566631516254802 0.7071086428361167
vn 0.7071084912732446 -0.000006644646030392942 -0.7071050710644949
usemtl m_63d97fd3-8065-75d2-0c33-ad773b83d79b
f 212/753/189 210/754/189 209/755/189 211/756/189
f 215/757/190 213/758/190 214/759/190 216/760/190
f 209/761/191 210/762/191 214/763/191 213/764/191
f 212/765/192 211/766/192 215/767/192 216/768/192
f 211/769/193 209/770/193 213/771/193 215/772/193
f 216/773/194 214/774/194 210/775/194 212/776/194
o rim
v 1.8979906250000003 -0.4033256249999996 0.870735625
v 1.9577850000000003 -0.4033256249999996 0.726379375
v 0.21592500000000003 0.2593381250000001 0.17400125
v 0.27571937500000004 0.2593381250000001 0.029645
v 1.9177393750000002 -0.34459499999999954 0.878915625
v 1.9775337500000003 -0.34459499999999954 0.734559375
v 0.23567437500000002 0.31806937500000004 0.18218125
v 0.29546875 0.3180693750000001 0.037825
vt 0.03125 0.203125
vt 0.03125 0.6875
vt 0 0.6875
vt 0 0.203125
vt 0.03125 0.203125
vt 0.03125 0.6875
vt 0 0.6875
vt 0 0.203125
vt 0 0.6875
vt 0.03125 0.6875
vt 0.03125 0.703125
vt 0 0.703125
vt 0.03125 0.6875
vt 0 0.6875
vt 0 0.703125
vt 0.03125 0.703125
vt 0.046875 0.203125
vt 0.046875 0.6875
vt 0.03125 0.6875
vt 0.03125 0.203125
vt 0.046875 0.203125
vt 0.046875 0.6875
vt 0.03125 0.6875
vt 0.03125 0.203125
vn -0.3159852092664914 -0.9396926820993803 -0.13088548710107178
vn 0.3159855609222165 0.9396925435615734 0.13088563276178464
vn 0.8681644742603134 -0.3420147329035777 0.3596058510497404
vn -0.8681628117311718 0.34201967706156655 -0.35960516240694856
vn -0.38268248960983253 0.0000027761746463753206 0.9238799230085657
vn 0.38268259678047956 -0.000002818394684350168 -0.9238798786170233
usemtl m_63d97fd3-8065-75d2-0c33-ad773b83d79b
f 220/777/195 218/778/195 217/779/195 219/780/195
f 223/781/196 221/782/196 222/783/196 224/784/196
f 217/785/197 218/786/197 222/787/197 221/788/197
f 220/789/198 219/790/198 223/791/198 224/792/198
f 219/793/199 217/794/199 221/795/199 223/796/199
f 224/797/200 222/798/200 218/799/200 220/800/200
o rim
v 2.10887 0.34249812500000043 0.078125
v 2.10887 0.34249812500000043 -0.078125
v 0.288215625 -0.3201656249999999 0.078125
v 0.288215625 -0.3201656249999999 -0.078125
v 2.08749375 0.40122875000000047 0.078125
v 2.08749375 0.40122875000000047 -0.078125
v 0.26683937499999993 -0.261435 0.078125
v 0.26683937499999993 -0.261435 -0.078125
vt 0.03125 0.203125
vt 0.03125 0.6875
vt 0 0.6875
vt 0 0.203125
vt 0.03125 0.203125
vt 0.03125 0.6875
vt 0 0.6875
vt 0 0.203125
vt 0 0.6875
vt 0.03125 0.6875
vt 0.03125 0.703125
vt 0 0.703125
vt 0.03125 0.6875
vt 0 0.6875
vt 0 0.703125
vt 0.03125 0.703125
vt 0.046875 0.203125
vt 0.046875 0.6875
vt 0.03125 0.6875
vt 0.03125 0.203125
vt 0.046875 0.203125
vt 0.046875 0.6875
vt 0.03125 0.6875
vt 0.03125 0.203125
vn 0.34202002966689365 -0.9396926621543118 0
vn -0.34202002966689365 0.9396926621543118 0
vn 0.9396923602752509 0.34202085907197 0
vn -0.9396923602752503 -0.3420208590719718 0
vn 0 0 1
vn 0 0 -1
usemtl m_63d97fd3-8065-75d2-0c33-ad773b83d79b
f 228/801/201 226/802/201 225/803/201 227/804/201
f 231/805/202 229/806/202 230/807/202 232/808/202
f 225/809/203 226/810/203 230/811/203 229/812/203
f 228/813/204 227/814/204 231/815/204 232/816/204
f 227/817/205 225/818/205 229/819/205 231/820/205
f 232/821/206 230/822/206 226/823/206 228/824/206
o rim
v 1.9577850000000003 -0.4033256249999996 -0.726379375
v 1.8979906250000003 -0.4033256249999996 -0.870735625
v 0.27571937500000004 0.2593381250000001 -0.029645
v 0.21592500000000003 0.2593381250000001 -0.17400125
v 1.9775337500000003 -0.34459499999999954 -0.734559375
v 1.9177393750000002 -0.34459499999999954 -0.878915625
v 0.29546875 0.3180693750000001 -0.037825
v 0.23567437500000002 0.31806937500000004 -0.18218125
vt 0.03125 0.203125
vt 0.03125 0.6875
vt 0 0.6875
vt 0 0.203125
vt 0.03125 0.203125
vt 0.03125 0.6875
vt 0 0.6875
vt 0 0.203125
vt 0 0.6875
vt 0.03125 0.6875
vt 0.03125 0.703125
vt 0 0.703125
vt 0.03125 0.6875
vt 0 0.6875
vt 0 0.703125
vt 0.03125 0.703125
vt 0.046875 0.203125
vt 0.046875 0.6875
vt 0.03125 0.6875
vt 0.03125 0.203125
vt 0.046875 0.203125
vt 0.046875 0.6875
vt 0.03125 0.6875
vt 0.03125 0.203125
vn -0.3159852092664915 -0.9396926820993802 0.1308854871010718
vn 0.31598556092221675 0.9396925435615734 -0.13088563276178472
vn 0.8681644742603134 -0.34201473290357776 -0.3596058510497404
vn -0.8681628117311718 0.3420196770615669 0.35960516240694856
vn 0.38268248960983253 -0.0000027761746463753206 0.9238799230085657
vn -0.3826825967804789 0.000002818394684350163 -0.9238798786170235
usemtl m_63d97fd3-8065-75d2-0c33-ad773b83d79b
f 236/825/207 234/826/207 233/827/207 235/828/207
f 239/829/208 237/830/208 238/831/208 240/832/208
f 233/833/209 234/834/209 238/835/209 237/836/209
f 236/837/210 235/838/210 239/839/210 240/840/210
f 235/841/211 233/842/211 237/843/211 239/844/211
f 240/845/212 238/846/212 234/847/212 236/848/212
o rim
v 1.5464387499999999 0.3424981250000003 -1.43595375
v 1.4359537499999997 0.3424981250000003 -1.54643875
v 0.259041875 -0.32016562499999995 -0.14855625
v 0.14855624999999997 -0.32016562499999995 -0.259041875
v 1.5313237499999999 0.40122875000000036 -1.420838125
v 1.4208381249999997 0.40122875000000036 -1.53132375
v 0.24392687499999996 -0.261435 -0.13344125
v 0.13344124999999998 -0.261435 -0.243926875
vt 0.03125 0.203125
vt 0.03125 0.6875
vt 0 0.6875
vt 0 0.203125
vt 0.03125 0.203125
vt 0.03125 0.6875
vt 0 0.6875
vt 0 0.203125
vt 0 0.6875
vt 0.03125 0.6875
vt 0.03125 0.703125
vt 0 0.703125
vt 0.03125 0.6875
vt 0 0.6875
vt 0 0.703125
vt 0.03125 0.703125
vt 0.046875 0.203125
vt 0.046875 0.6875
vt 0.03125 0.6875
vt 0.03125 0.203125
vt 0.046875 0.203125
vt 0.046875 0.6875
vt 0.03125 0.6875
vt 0.03125 0.203125
vn 0.24184466026000023 -0.9396926734882264 -0.24184466025999965
vn -0.24184471209770117 0.939692646805731 0.24184471209770167
vn 0.6644627313236768 0.3420212820333821 -0.664462731323677
vn -0.6644643382903334 -0.3420150380915712 0.6644643382903335
vn 0.7071086428361167 -0.000006566631515940784 0.7071049195015862
vn -0.7071050710644949 -0.00000664464603070696 -0.7071084912732446
usemtl m_63d97fd3-8065-75d2-0c33-ad773b83d79b
f 244/849/213 242/850/213 241/851/213 243/852/213
f 247/853/214 245/854/214 246/855/214 248/856/214
f 241/857/215 242/858/215 246/859/215 245/860/215
f 244/861/216 243/862/216 247/863/216 248/864/216
f 243/865/217 241/866/217 245/867/217 247/868/217
f 248/869/218 246/870/218 242/871/218 244/872/218
o rim
v 0.8707356250000002 -0.4033256249999998 -1.897990625
v 0.7263793750000003 -0.4033256249999999 -1.957785
v 0.17400125000000002 0.25933812500000003 -0.215925
v 0.02964500000000003 0.259338125 -0.275719375
v 0.8789156250000001 -0.34459499999999976 -1.917739375
v 0.7345593750000001 -0.3445949999999999 -1.97753375
v 0.18218125000000002 0.31806937500000004 -0.235674375
v 0.03782500000000001 0.318069375 -0.29546875
vt 0.03125 0.203125
vt 0.03125 0.6875
vt 0 0.6875
vt 0 0.203125
vt 0.03125 0.203125
vt 0.03125 0.6875
vt 0 0.6875
vt 0 0.203125
vt 0 0.6875
vt 0.03125 0.6875
vt 0.03125 0.703125
vt 0 0.703125
vt 0.03125 0.6875
vt 0 0.6875
vt 0 0.703125
vt 0.03125 0.703125
vt 0.046875 0.203125
vt 0.046875 0.6875
vt 0.03125 0.6875
vt 0.03125 0.203125
vt 0.046875 0.203125
vt 0.046875 0.6875
vt 0.03125 0.6875
vt 0.03125 0.203125
vn -0.13088548710107156 -0.9396926820993802 0.3159852092664916
vn 0.13088563276178442 0.9396925435615733 -0.31598556092221675
vn 0.35960585104974047 -0.3420147329035778 -0.8681644742603133
vn -0.3596051624069486 0.34201967706156666 0.8681628117311717
vn 0.9238799230085657 0.0000027761746466654358 0.38268248960983253
vn -0.9238798786170233 -0.000002818394684640283 -0.38268259678047956
usemtl m_63d97fd3-8065-75d2-0c33-ad773b83d79b
f 252/873/219 250/874/219 249/875/219 251/876/219
f 255/877/220 253/878/220 254/879/220 256/880/220
f 249/881/221 250/882/221 254/883/221 253/884/221
f 252/885/222 251/886/222 255/887/222 256/888/222
f 251/889/223 249/890/223 253/891/223 255/892/223
f 256/893/224 254/894/224 250/895/224 252/896/224
o rim
v 0.31249999999999994 0.18750000000000008 0.3125
v 0.31249999999999994 0.18750000000000008 -0.3125
v -0.31250000000000006 0.18749999999999994 0.3125
v -0.31250000000000006 0.18749999999999994 -0.3125
v 0.3124999999999999 0.3750000000000001 0.3125
v 0.3124999999999999 0.3750000000000001 -0.3125
v -0.3125000000000001 0.37499999999999994 0.3125
v -0.3125000000000001 0.37499999999999994 -0.3125
vt 0.34375 0.78125
vt 0.34375 0.9375
vt 0.1875 0.9375
vt 0.1875 0.78125
vt 0.34375 0.78125
vt 0.34375 0.9375
vt 0.1875 0.9375
vt 0.1875 0.78125
vt 0.1875 0.734375
vt 0.34375 0.734375
vt 0.34375 0.78125
vt 0.1875 0.78125
vt 0.34375 0.9375
vt 0.1875 0.9375
vt 0.1875 0.984375
vt 0.34375 0.984375
vt 0.4375 0.75
vt 0.4375 0.59375
vt 0.484375 0.59375
vt 0.484375 0.75
vt 0.4375 0.75
vt 0.4375 0.59375
vt 0.484375 0.59375
vt 0.484375 0.75
vn 2.220446049250313e-16 -1 0
vn -2.220446049250313e-16 1 0
vn 1 2.220446049250313e-16 0
vn -1 -2.220446049250313e-16 0
vn 0 0 1
vn 0 0 -1
usemtl m_63d97fd3-8065-75d2-0c33-ad773b83d79b
f 260/897/225 258/898/225 257/899/225 259/900/225
f 263/901/226 261/902/226 262/903/226 264/904/226
f 257/905/227 258/906/227 262/907/227 261/908/227
f 260/909/228 259/910/228 263/911/228 264/912/228
f 259/913/229 257/914/229 261/915/229 263/916/229
f 264/917/230 262/918/230 258/919/230 260/920/230
o rim
v 0.24999999999999994 0.18750000000000006 -0.3125
v 0.24999999999999994 0.18750000000000006 -0.5625
v -0.25000000000000006 0.18749999999999994 -0.3125
v -0.25000000000000006 0.18749999999999994 -0.5625
v 0.2499999999999999 0.37500000000000006 -0.3125
v 0.2499999999999999 0.37500000000000006 -0.5625
v -0.2500000000000001 0.37499999999999994 -0.3125
v -0.2500000000000001 0.37499999999999994 -0.5625
vt 0.40625 0.796875
vt 0.40625 0.921875
vt 0.34375 0.921875
vt 0.34375 0.796875
vt 0.1875 0.796875
vt 0.1875 0.921875
vt 0.125 0.921875
vt 0.125 0.796875
vt 0.125 0.921875
vt 0.1875 0.921875
vt 0.1875 0.96875
vt 0.125 0.96875
vt 0.1875 0.75
vt 0.125 0.75
vt 0.125 0.796875
vt 0.1875 0.796875
vt 0.453125 0.796875
vt 0.453125 0.921875
vt 0.40625 0.921875
vt 0.40625 0.796875
vt 0.125 0.796875
vt 0.125 0.921875
vt 0.078125 0.921875
vt 0.078125 0.796875
vn 2.220446049250313e-16 -1 0
vn -2.220446049250313e-16 1 0
vn 1 2.220446049250313e-16 0
vn -1 -2.220446049250313e-16 0
vn 0 0 1
vn 0 0 -1
usemtl m_63d97fd3-8065-75d2-0c33-ad773b83d79b
f 268/921/231 266/922/231 265/923/231 267/924/231
f 271/925/232 269/926/232 270/927/232 272/928/232
f 265/929/233 266/930/233 270/931/233 269/932/233
f 268/933/234 267/934/234 271/935/234 272/936/234
f 267/937/235 265/938/235 269/939/235 271/940/235
f 272/941/236 270/942/236 266/943/236 268/944/236
o rim
v 0.12499999999999994 0.18750000000000006 -0.5625
v 0.12499999999999994 0.18750000000000006 -0.625
v -0.12500000000000006 0.1875 -0.5625
v -0.12500000000000006 0.1875 -0.625
v 0.12499999999999992 0.37500000000000006 -0.5625
v 0.12499999999999992 0.37500000000000006 -0.625
v -0.12500000000000008 0.375 -0.5625
v -0.12500000000000008 0.375 -0.625
vt 0.53125 0.828125
vt 0.53125 0.890625
vt 0.515625 0.890625
vt 0.515625 0.828125
vt 0.078125 0.828125
vt 0.078125 0.890625
vt 0.0625 0.890625
vt 0.0625 0.828125
vt 0.015625 0.90625
vt 0.015625 0.890625
vt 0.0625 0.890625
vt 0.0625 0.90625
vt 0.015625 0.8125
vt 0.015625 0.828125
vt 0.0625 0.828125
vt 0.0625 0.8125
vt 0.515625 0.828125
vt 0.515625 0.890625
vt 0.46875 0.890625
vt 0.46875 0.828125
vt 0.0625 0.828125
vt 0.0625 0.890625
vt 0.015625 0.890625
vt 0.015625 0.828125
vn 2.220446049250313e-16 -1 0
vn -2.220446049250313e-16 1 0
vn 1 2.220446049250313e-16 0
vn -1 -2.220446049250313e-16 0
vn 0 0 1
vn 0 0 -1
usemtl m_63d97fd3-8065-75d2-0c33-ad773b83d79b
f 276/945/237 274/946/237 273/947/237 275/948/237
f 279/949/238 277/950/238 278/951/238 280/952/238
f 273/953/239 274/954/239 278/955/239 277/956/239
f 276/957/240 275/958/240 279/959/240 280/960/240
f 275/961/241 273/962/241 277/963/241 279/964/241
f 280/965/242 278/966/242 274/967/242 276/968/242
o rim
v 0.12499999999999994 0.18750000000000006 0.625
v 0.12499999999999994 0.18750000000000006 0.5625
v -0.12500000000000006 0.1875 0.625
v -0.12500000000000006 0.1875 0.5625
v 0.12499999999999992 0.37500000000000006 0.625
v 0.12499999999999992 0.37500000000000006 0.5625
v -0.12500000000000008 0.375 0.625
v -0.12500000000000008 0.375 0.5625
vt 0.015625 0.828125
vt 0.015625 0.890625
vt 0 0.890625
vt 0 0.828125
vt 0.46875 0.828125
vt 0.46875 0.890625
vt 0.453125 0.890625
vt 0.453125 0.828125
vt 0.46875 0.90625
vt 0.46875 0.890625
vt 0.515625 0.890625
vt 0.515625 0.90625
vt 0.46875 0.8125
vt 0.46875 0.828125
vt 0.515625 0.828125
vt 0.515625 0.8125
vt 0.515625 0.828125
vt 0.515625 0.890625
vt 0.46875 0.890625
vt 0.46875 0.828125
vt 0.515625 0.828125
vt 0.515625 0.890625
vt 0.46875 0.890625
vt 0.46875 0.828125
vn 2.220446049250313e-16 -1 0
vn -2.220446049250313e-16 1 0
vn 1 2.220446049250313e-16 0
vn -1 -2.220446049250313e-16 0
vn 0 0 1
vn 0 0 -1
usemtl m_63d97fd3-8065-75d2-0c33-ad773b83d79b
f 284/969/243 282/970/243 281/971/243 283/972/243
f 287/973/244 285/974/244 286/975/244 288/976/244
f 281/977/245 282/978/245 286/979/245 285/980/245
f 284/981/246 283/982/246 287/983/246 288/984/246
f 283/985/247 281/986/247 285/987/247 287/988/247
f 288/989/248 286/990/248 282/991/248 284/992/248
o rim
v 0.24999999999999994 0.18750000000000006 0.5625
v 0.24999999999999994 0.18750000000000006 0.3125
v -0.25000000000000006 0.18749999999999994 0.5625
v -0.25000000000000006 0.18749999999999994 0.3125
v 0.2499999999999999 0.37500000000000006 0.5625
v 0.2499999999999999 0.37500000000000006 0.3125
v -0.2500000000000001 0.37499999999999994 0.5625
v -0.2500000000000001 0.37499999999999994 0.3125
vt 0.1875 0.796875
vt 0.1875 0.921875
vt 0.125 0.921875
vt 0.125 0.796875
vt 0.40625 0.796875
vt 0.40625 0.921875
vt 0.34375 0.921875
vt 0.34375 0.796875
vt 0.34375 0.921875
vt 0.40625 0.921875
vt 0.40625 0.96875
vt 0.34375 0.96875
vt 0.40625 0.75
vt 0.34375 0.75
vt 0.34375 0.796875
vt 0.40625 0.796875
vt 0.453125 0.796875
vt 0.453125 0.921875
vt 0.40625 0.921875
vt 0.40625 0.796875
vt 0.453125 0.796875
vt 0.453125 0.921875
vt 0.40625 0.921875
vt 0.40625 0.796875
vn 2.220446049250313e-16 -1 0
vn -2.220446049250313e-16 1 0
vn 1 2.220446049250313e-16 0
vn -1 -2.220446049250313e-16 0
vn 0 0 1
vn 0 0 -1
usemtl m_63d97fd3-8065-75d2-0c33-ad773b83d79b
f 292/993/249 290/994/249 289/995/249 291/996/249
f 295/997/250 293/998/250 294/999/250 296/1000/250
f 289/1001/251 290/1002/251 294/1003/251 293/1004/251
f 292/1005/252 291/1006/252 295/1007/252 296/1008/252
f 291/1009/253 289/1010/253 293/1011/253 295/1012/253
f 296/1013/254 294/1014/254 290/1015/254 292/1016/254
o rim
v 0.31249999999999994 -0.3749999999999999 0.3125
v 0.31249999999999994 -0.3749999999999999 -0.3125
v -0.31250000000000006 -0.37500000000000006 0.3125
v -0.31250000000000006 -0.37500000000000006 -0.3125
v 0.3124999999999999 -0.1874999999999999 0.3125
v 0.3124999999999999 -0.1874999999999999 -0.3125
v -0.3125000000000001 -0.18750000000000006 0.3125
v -0.3125000000000001 -0.18750000000000006 -0.3125
vt 0.34375 0.78125
vt 0.34375 0.9375
vt 0.1875 0.9375
vt 0.1875 0.78125
vt 0.34375 0.78125
vt 0.34375 0.9375
vt 0.1875 0.9375
vt 0.1875 0.78125
vt 0.1875 0.734375
vt 0.34375 0.734375
vt 0.34375 0.78125
vt 0.1875 0.78125
vt 0.34375 0.9375
vt 0.1875 0.9375
vt 0.1875 0.984375
vt 0.34375 0.984375
vt 0.4375 0.75
vt 0.4375 0.59375
vt 0.484375 0.59375
vt 0.484375 0.75
vt 0.4375 0.75
vt 0.4375 0.59375
vt 0.484375 0.59375
vt 0.484375 0.75
vn 2.220446049250313e-16 -1 0
vn -2.220446049250313e-16 1 0
vn 1 2.220446049250313e-16 0
vn -1 -2.220446049250313e-16 0
vn 0 0 1
vn 0 0 -1
usemtl m_63d97fd3-8065-75d2-0c33-ad773b83d79b
f 300/1017/255 298/1018/255 297/1019/255 299/1020/255
f 303/1021/256 301/1022/256 302/1023/256 304/1024/256
f 297/1025/257 298/1026/257 302/1027/257 301/1028/257
f 300/1029/258 299/1030/258 303/1031/258 304/1032/258
f 299/1033/259 297/1034/259 301/1035/259 303/1036/259
f 304/1037/260 302/1038/260 298/1039/260 300/1040/260
o rim
v 0.24999999999999994 -0.37499999999999994 -0.3125
v 0.24999999999999994 -0.37499999999999994 -0.5625
v -0.25000000000000006 -0.37500000000000006 -0.3125
v -0.25000000000000006 -0.37500000000000006 -0.5625
v 0.2499999999999999 -0.18749999999999994 -0.3125
v 0.2499999999999999 -0.18749999999999994 -0.5625
v -0.2500000000000001 -0.18750000000000006 -0.3125
v -0.2500000000000001 -0.18750000000000006 -0.5625
vt 0.40625 0.796875
vt 0.40625 0.921875
vt 0.34375 0.921875
vt 0.34375 0.796875
vt 0.1875 0.796875
vt 0.1875 0.921875
vt 0.125 0.921875
vt 0.125 0.796875
vt 0.125 0.921875
vt 0.1875 0.921875
vt 0.1875 0.96875
vt 0.125 0.96875
vt 0.1875 0.75
vt 0.125 0.75
vt 0.125 0.796875
vt 0.1875 0.796875
vt 0.453125 0.796875
vt 0.453125 0.921875
vt 0.40625 0.921875
vt 0.40625 0.796875
vt 0.125 0.796875
vt 0.125 0.921875
vt 0.078125 0.921875
vt 0.078125 0.796875
vn 2.220446049250313e-16 -1 0
vn -2.220446049250313e-16 1 0
vn 1 2.220446049250313e-16 0
vn -1 -2.220446049250313e-16 0
vn 0 0 1
vn 0 0 -1
usemtl m_63d97fd3-8065-75d2-0c33-ad773b83d79b
f 308/1041/261 306/1042/261 305/1043/261 307/1044/261
f 311/1045/262 309/1046/262 310/1047/262 312/1048/262
f 305/1049/263 306/1050/263 310/1051/263 309/1052/263
f 308/1053/264 307/1054/264 311/1055/264 312/1056/264
f 307/1057/265 305/1058/265 309/1059/265 311/1060/265
f 312/1061/266 310/1062/266 306/1063/266 308/1064/266
o rim
v 0.12499999999999994 -0.37499999999999994 -0.5625
v 0.12499999999999994 -0.37499999999999994 -0.625
v -0.12500000000000006 -0.375 -0.5625
v -0.12500000000000006 -0.375 -0.625
v 0.12499999999999992 -0.18749999999999994 -0.5625
v 0.12499999999999992 -0.18749999999999994 -0.625
v -0.12500000000000008 -0.1875 -0.5625
v -0.12500000000000008 -0.1875 -0.625
vt 0.46875 0.828125
vt 0.46875 0.890625
vt 0.453125 0.890625
vt 0.453125 0.828125
vt 0.53125 0.828125
vt 0.53125 0.890625
vt 0.515625 0.890625
vt 0.515625 0.828125
vt 0.015625 0.90625
vt 0.015625 0.890625
vt 0.0625 0.890625
vt 0.0625 0.90625
vt 0.015625 0.8125
vt 0.015625 0.828125
vt 0.0625 0.828125
vt 0.0625 0.8125
vt 0.515625 0.828125
vt 0.515625 0.890625
vt 0.46875 0.890625
vt 0.46875 0.828125
vt 0.0625 0.828125
vt 0.0625 0.890625
vt 0.015625 0.890625
vt 0.015625 0.828125
vn 2.220446049250313e-16 -1 0
vn -2.220446049250313e-16 1 0
vn 1 2.220446049250313e-16 0
vn -1 -2.220446049250313e-16 0
vn 0 0 1
vn 0 0 -1
usemtl m_63d97fd3-8065-75d2-0c33-ad773b83d79b
f 316/1065/267 314/1066/267 313/1067/267 315/1068/267
f 319/1069/268 317/1070/268 318/1071/268 320/1072/268
f 313/1073/269 314/1074/269 318/1075/269 317/1076/269
f 316/1077/270 315/1078/270 319/1079/270 320/1080/270
f 315/1081/271 313/1082/271 317/1083/271 319/1084/271
f 320/1085/272 318/1086/272 314/1087/272 316/1088/272
o rim
v 0.12499999999999994 -0.37499999999999994 0.625
v 0.12499999999999994 -0.37499999999999994 0.5625
v -0.12500000000000006 -0.375 0.625
v -0.12500000000000006 -0.375 0.5625
v 0.12499999999999992 -0.18749999999999994 0.625
v 0.12499999999999992 -0.18749999999999994 0.5625
v -0.12500000000000008 -0.1875 0.625
v -0.12500000000000008 -0.1875 0.5625
vt 0.078125 0.828125
vt 0.078125 0.890625
vt 0.0625 0.890625
vt 0.0625 0.828125
vt 0.078125 0.828125
vt 0.078125 0.890625
vt 0.0625 0.890625
vt 0.0625 0.828125
vt 0.46875 0.828125
vt 0.46875 0.8125
vt 0.515625 0.8125
vt 0.515625 0.828125
vt 0.46875 0.8125
vt 0.46875 0.828125
vt 0.515625 0.828125
vt 0.515625 0.8125
vt 0.0625 0.828125
vt 0.0625 0.890625
vt 0.015625 0.890625
vt 0.015625 0.828125
vt 0.515625 0.828125
vt 0.515625 0.890625
vt 0.46875 0.890625
vt 0.46875 0.828125
vn 2.220446049250313e-16 -1 0
vn -2.220446049250313e-16 1 0
vn 1 2.220446049250313e-16 0
vn -1 -2.220446049250313e-16 0
vn 0 0 1
vn 0 0 -1
usemtl m_63d97fd3-8065-75d2-0c33-ad773b83d79b
f 324/1089/273 322/1090/273 321/1091/273 323/1092/273
f 327/1093/274 325/1094/274 326/1095/274 328/1096/274
f 321/1097/275 322/1098/275 326/1099/275 325/1100/275
f 324/1101/276 323/1102/276 327/1103/276 328/1104/276
f 323/1105/277 321/1106/277 325/1107/277 327/1108/277
f 328/1109/278 326/1110/278 322/1111/278 324/1112/278
o rim
v 0.24999999999999994 -0.37499999999999994 0.5625
v 0.24999999999999994 -0.37499999999999994 0.3125
v -0.25000000000000006 -0.37500000000000006 0.5625
v -0.25000000000000006 -0.37500000000000006 0.3125
v 0.2499999999999999 -0.18749999999999994 0.5625
v 0.2499999999999999 -0.18749999999999994 0.3125
v -0.2500000000000001 -0.18750000000000006 0.5625
v -0.2500000000000001 -0.18750000000000006 0.3125
vt 0.1875 0.796875
vt 0.1875 0.921875
vt 0.125 0.921875
vt 0.125 0.796875
vt 0.40625 0.796875
vt 0.40625 0.921875
vt 0.34375 0.921875
vt 0.34375 0.796875
vt 0.34375 0.921875
vt 0.40625 0.921875
vt 0.40625 0.96875
vt 0.34375 0.96875
vt 0.40625 0.75
vt 0.34375 0.75
vt 0.34375 0.796875
vt 0.40625 0.796875
vt 0.453125 0.796875
vt 0.453125 0.921875
vt 0.40625 0.921875
vt 0.40625 0.796875
vt 0.453125 0.796875
vt 0.453125 0.921875
vt 0.40625 0.921875
vt 0.40625 0.796875
vn 2.220446049250313e-16 -1 0
vn -2.220446049250313e-16 1 0
vn 1 2.220446049250313e-16 0
vn -1 -2.220446049250313e-16 0
vn 0 0 1
vn 0 0 -1
usemtl m_63d97fd3-8065-75d2-0c33-ad773b83d79b
f 332/1113/279 330/1114/279 329/1115/279 331/1116/279
f 335/1117/280 333/1118/280 334/1119/280 336/1120/280
f 329/1121/281 330/1122/281 334/1123/281 333/1124/281
f 332/1125/282 331/1126/282 335/1127/282 336/1128/282
f 331/1129/283 329/1130/283 333/1131/283 335/1132/283
f 336/1133/284 334/1134/284 330/1135/284 332/1136/284
o rim
v 0.2187500000000001 -0.49999999999999994 0.21875
v 0.2187500000000001 -0.49999999999999994 -0.21875
v -0.2187499999999999 -0.5 0.21875
v -0.2187499999999999 -0.5 -0.21875
v 0.2187499999999999 0.5000000000000001 0.21875
v 0.2187499999999999 0.5000000000000001 -0.21875
v -0.2187500000000001 0.49999999999999994 0.21875
v -0.2187500000000001 0.49999999999999994 -0.21875
vt 0.421875 0.59375
vt 0.421875 0.703125
vt 0.3125 0.703125
vt 0.3125 0.59375
vt 0.421875 0.59375
vt 0.421875 0.703125
vt 0.3125 0.703125
vt 0.3125 0.59375
vt 0.0625 0.703125
vt 0.0625 0.59375
vt 0.3125 0.59375
vt 0.3125 0.703125
vt 0.0625 0.59375
vt 0.0625 0.703125
vt 0.3125 0.703125
vt 0.3125 0.59375
vt 0.3125 0.59375
vt 0.3125 0.703125
vt 0.0625 0.703125
vt 0.0625 0.59375
vt 0.3125 0.59375
vt 0.3125 0.703125
vt 0.0625 0.703125
vt 0.0625 0.59375
vn 2.220446049250313e-16 -1 0
vn -2.220446049250313e-16 1 0
vn 1 2.220446049250313e-16 0
vn -1 -2.220446049250313e-16 0
vn 0 0 1
vn 0 0 -1
usemtl m_63d97fd3-8065-75d2-0c33-ad773b83d79b
f 340/1137/285 338/1138/285 337/1139/285 339/1140/285
f 343/1141/286 341/1142/286 342/1143/286 344/1144/286
f 337/1145/287 338/1146/287 342/1147/287 341/1148/287
f 340/1149/288 339/1150/288 343/1151/288 344/1152/288
f 339/1153/289 337/1154/289 341/1155/289 343/1156/289
f 344/1157/290 342/1158/290 338/1159/290 340/1160/290
o rim
v -0.43505187500000003 0.49999999999999994 2.18715375
v -0.4350518749999999 -0.5 2.18715375
v -1.238923125 0.49999999999999983 1.854179375
v -1.238923125 -0.5000000000000001 1.854179375
v -1.854179375 0.4999999999999998 1.238923125
v -1.854179375 -0.5000000000000002 1.238923125
v -2.18715375 0.4999999999999997 0.435051875
v -2.18715375 -0.5000000000000002 0.435051875
v -2.18715375 0.4999999999999997 -0.435051875
v -2.18715375 -0.5000000000000002 -0.435051875
v -1.854179375 0.4999999999999998 -1.238923125
v -1.854179375 -0.5000000000000002 -1.238923125
v -1.238923125 0.49999999999999983 -1.854179375
v -1.238923125 -0.5000000000000001 -1.854179375
v -0.43505187500000003 0.49999999999999994 -2.18715375
v -0.4350518749999999 -0.5 -2.18715375
v 0.4350518749999999 0.5 -2.18715375
v 0.43505187500000003 -0.49999999999999994 -2.18715375
v 1.238923125 0.5000000000000001 -1.854179375
v 1.238923125 -0.49999999999999983 -1.854179375
v 1.854179375 0.5000000000000002 -1.238923125
v 1.854179375 -0.4999999999999998 -1.238923125
v 2.18715375 0.5000000000000002 -0.435051875
v 2.18715375 -0.4999999999999997 -0.435051875
v 2.18715375 0.5000000000000002 0.435051875
v 2.18715375 -0.4999999999999997 0.435051875
v 1.854179375 0.5000000000000002 1.238923125
v 1.854179375 -0.4999999999999998 1.238923125
v 1.238923125 0.5000000000000001 1.854179375
v 1.238923125 -0.49999999999999983 1.854179375
v 0.4350518749999999 0.5 2.18715375
v 0.43505187500000003 -0.49999999999999994 2.18715375
vt 0.28125 0.578125
vt 0.0625 0.578125
vt 0.0625 0.328125
vt 0.28125 0.328125
vt 0.28125 0.578125
vt 0.0625 0.578125
vt 0.0625 0.328125
vt 0.28125 0.328125
vt 0.28125 0.578125
vt 0.0625 0.578125
vt 0.0625 0.328125
vt 0.28125 0.328125
vt 0.28125 0.578125
vt 0.0625 0.578125
vt 0.0625 0.328125
vt 0.28125 0.328125
vt 0.28125 0.578125
vt 0.0625 0.578125
vt 0.0625 0.328125
vt 0.28125 0.328125
vt 0.28125 0.578125
vt 0.0625 0.578125
vt 0.0625 0.328125
vt 0.28125 0.328125
vt 0.28125 0.578125
vt 0.0625 0.578125
vt 0.0625 0.328125
vt 0.28125 0.328125
vt 0.28125 0.578125
vt 0.0625 0.578125
vt 0.0625 0.328125
vt 0.28125 0.328125
vt 0.28125 0.578125
vt 0.0625 0.578125
vt 0.0625 0.328125
vt 0.28125 0.328125
vt 0.28125 0.578125
vt 0.0625 0.578125
vt 0.0625 0.328125
vt 0.28125 0.328125
vt 0.28125 0.578125
vt 0.0625 0.578125
vt 0.0625 0.328125
vt 0.28125 0.328125
vt 0.28125 0.578125
vt 0.0625 0.578125
vt 0.0625 0.328125
vt 0.28125 0.328125
vt 0.28125 0.578125
vt 0.0625 0.578125
vt 0.0625 0.328125
vt 0.28125 0.328125
vt 0.28125 0.578125
vt 0.0625 0.578125
vt 0.0625 0.328125
vt 0.28125 0.328125
vt 0.28125 0.578125
vt 0.0625 0.578125
vt 0.0625 0.328125
vt 0.28125 0.328125
vt 0.28125 0.578125
vt 0.0625 0.578125
vt 0.0625 0.328125
vt 0.28125 0.328125
vn 0.3826834331971431 4.6865204155160124e-17 -0.9238795321666391
vn 0.7071067811865476 8.659560562354934e-17 -0.7071067811865476
vn 0.9238795321666391 1.1314261118656286e-16 -0.3826834331971431
vn 1 1.2246467991473532e-16 0
vn 0.9238795321666391 1.1314261118656286e-16 0.3826834331971431
vn 0.7071067811865476 8.659560562354934e-17 0.7071067811865476
vn 0.3826834331971431 4.6865204155160124e-17 0.9238795321666391
vn 0 0 1
vn -0.3826834331971431 -4.6865204155160124e-17 0.9238795321666391
vn -0.7071067811865476 -8.659560562354934e-17 0.7071067811865476
vn -0.9238795321666391 -1.1314261118656286e-16 0.3826834331971431
vn -1 -1.2246467991473532e-16 0
vn -0.9238795321666391 -1.1314261118656286e-16 -0.3826834331971431
vn -0.7071067811865476 -8.659560562354934e-17 -0.7071067811865476
vn -0.3826834331971431 -4.6865204155160124e-17 -0.9238795321666391
vn 0 0 -1
usemtl m_63d97fd3-8065-75d2-0c33-ad773b83d79b
f 346/1161/291 348/1162/291 347/1163/291 345/1164/291
f 348/1165/292 350/1166/292 349/1167/292 347/1168/292
f 350/1169/293 352/1170/293 351/1171/293 349/1172/293
f 352/1173/294 354/1174/294 353/1175/294 351/1176/294
f 354/1177/295 356/1178/295 355/1179/295 353/1180/295
f 356/1181/296 358/1182/296 357/1183/296 355/1184/296
f 358/1185/297 360/1186/297 359/1187/297 357/1188/297
f 360/1189/298 362/1190/298 361/1191/298 359/1192/298
f 362/1193/299 364/1194/299 363/1195/299 361/1196/299
f 364/1197/300 366/1198/300 365/1199/300 363/1200/300
f 366/1201/301 368/1202/301 367/1203/301 365/1204/301
f 368/1205/302 370/1206/302 369/1207/302 367/1208/302
f 370/1209/303 372/1210/303 371/1211/303 369/1212/303
f 372/1213/304 374/1214/304 373/1215/304 371/1216/304
f 374/1217/305 376/1218/305 375/1219/305 373/1220/305
f 376/1221/306 346/1222/306 345/1223/306 375/1224/306
o tire
v -0.47241687500000007 0.49999999999999994 2.375
v -0.47241687499999996 -0.5000000000000001 2.375
v -0.43505187500000003 0.49999999999999994 2.18715375
v -0.4350518749999999 -0.5 2.18715375
v -1.345329375 0.49999999999999983 2.0134275
v -1.345329375 -0.5000000000000001 2.0134275
v -1.238923125 0.49999999999999983 1.854179375
v -1.238923125 -0.5000000000000001 1.854179375
v -2.0134275 0.4999999999999998 1.345329375
v -2.0134275 -0.5000000000000002 1.345329375
v -1.854179375 0.4999999999999998 1.238923125
v -1.854179375 -0.5000000000000002 1.238923125
v -2.375 0.4999999999999997 0.472416875
v -2.375 -0.5000000000000003 0.472416875
v -2.18715375 0.4999999999999997 0.435051875
v -2.18715375 -0.5000000000000002 0.435051875
v -2.375 0.4999999999999997 -0.472416875
v -2.375 -0.5000000000000003 -0.472416875
v -2.18715375 0.4999999999999997 -0.435051875
v -2.18715375 -0.5000000000000002 -0.435051875
v -2.0134275 0.4999999999999998 -1.345329375
v -2.0134275 -0.5000000000000002 -1.345329375
v -1.854179375 0.4999999999999998 -1.238923125
v -1.854179375 -0.5000000000000002 -1.238923125
v -1.345329375 0.49999999999999983 -2.0134275
v -1.345329375 -0.5000000000000001 -2.0134275
v -1.238923125 0.49999999999999983 -1.854179375
v -1.238923125 -0.5000000000000001 -1.854179375
v -0.47241687500000007 0.49999999999999994 -2.375
v -0.47241687499999996 -0.5000000000000001 -2.375
v -0.43505187500000003 0.49999999999999994 -2.18715375
v -0.4350518749999999 -0.5 -2.18715375
v 0.47241687499999996 0.5000000000000001 -2.375
v 0.47241687500000007 -0.49999999999999994 -2.375
v 0.4350518749999999 0.5 -2.18715375
v 0.43505187500000003 -0.49999999999999994 -2.18715375
v 1.345329375 0.5000000000000001 -2.0134275
v 1.345329375 -0.49999999999999983 -2.0134275
v 1.238923125 0.5000000000000001 -1.854179375
v 1.238923125 -0.49999999999999983 -1.854179375
v 2.0134275 0.5000000000000002 -1.345329375
v 2.0134275 -0.4999999999999998 -1.345329375
v 1.854179375 0.5000000000000002 -1.238923125
v 1.854179375 -0.4999999999999998 -1.238923125
v 2.375 0.5000000000000003 -0.472416875
v 2.375 -0.4999999999999997 -0.472416875
v 2.18715375 0.5000000000000002 -0.435051875
v 2.18715375 -0.4999999999999997 -0.435051875
v 2.375 0.5000000000000003 0.472416875
v 2.375 -0.4999999999999997 0.472416875
v 2.18715375 0.5000000000000002 0.435051875
v 2.18715375 -0.4999999999999997 0.435051875
v 2.0134275 0.5000000000000002 1.345329375
v 2.0134275 -0.4999999999999998 1.345329375
v 1.854179375 0.5000000000000002 1.238923125
v 1.854179375 -0.4999999999999998 1.238923125
v 1.345329375 0.5000000000000001 2.0134275
v 1.345329375 -0.49999999999999983 2.0134275
v 1.238923125 0.5000000000000001 1.854179375
v 1.238923125 -0.49999999999999983 1.854179375
v 0.47241687499999996 0.5000000000000001 2.375
v 0.47241687500000007 -0.49999999999999994 2.375
v 0.4350518749999999 0.5 2.18715375
v 0.43505187500000003 -0.49999999999999994 2.18715375
vt 0.296875 0.328125
vt 0.53125 0.328125
vt 0.53125 0.578125
vt 0.296875 0.578125
vt 0.571766875 0.328125625
vt 0.787605625 0.328125
vt 0.796875 0.37499812499999996
vt 0.5625 0.375
vt 0.796875 0.375
vt 0.5625 0.375
vt 0.57176875 0.328125625
vt 0.787606875 0.328125
vt 0.296875 0.328125
vt 0.53125 0.328125
vt 0.53125 0.578125
vt 0.296875 0.578125
vt 0.57176765625 0.328125625
vt 0.78760671875 0.328125
vt 0.796875 0.374999375
vt 0.5625 0.375
vt 0.796875 0.375
vt 0.5625 0.375
vt 0.5717675 0.328125
vt 0.787606875 0.328125
vt 0.296875 0.328125
vt 0.53125 0.328125
vt 0.53125 0.578125
vt 0.296875 0.578125
vt 0.57176875 0.328125625
vt 0.7876075 0.328125
vt 0.796875 0.375
vt 0.5625 0.375
vt 0.796875 0.375
vt 0.5625 0.375
vt 0.5717675 0.328125
vt 0.787605625 0.328125625
vt 0.296875 0.328125
vt 0.53125 0.328125
vt 0.53125 0.578125
vt 0.296875 0.578125
vt 0.571769375 0.328125625
vt 0.787605 0.328125
vt 0.796875 0.37499875000000005
vt 0.5625 0.375
vt 0.796875 0.37499875000000005
vt 0.5625 0.375
vt 0.571769375 0.328125625
vt 0.787605 0.328125
vt 0.296875 0.328125
vt 0.53125 0.328125
vt 0.53125 0.578125
vt 0.296875 0.578125
vt 0.5717675 0.328125
vt 0.787605625 0.328125
vt 0.796875 0.374999375
vt 0.5625 0.375
vt 0.796875 0.374999375
vt 0.5625 0.375
vt 0.57176875 0.32812624999999995
vt 0.7876075 0.328125
vt 0.296875 0.328125
vt 0.53125 0.328125
vt 0.53125 0.578125
vt 0.296875 0.578125
vt 0.5717675 0.328125
vt 0.787606875 0.328125
vt 0.796875 0.375
vt 0.5625 0.375
vt 0.796875 0.374999375
vt 0.5625 0.375
vt 0.57176765625 0.328125625
vt 0.78760671875 0.328125
vt 0.296875 0.328125
vt 0.53125 0.328125
vt 0.53125 0.578125
vt 0.296875 0.578125
vt 0.57176875 0.328125
vt 0.787606875 0.328125
vt 0.796875 0.375
vt 0.5625 0.374999375
vt 0.796875 0.374999375
vt 0.5625 0.375
vt 0.5717675 0.328125
vt 0.78760625 0.328125
vt 0.296875 0.328125
vt 0.53125 0.328125
vt 0.53125 0.578125
vt 0.296875 0.578125
vt 0.571769375 0.328125
vt 0.787605 0.328125
vt 0.796875 0.375
vt 0.5625 0.375
vt 0.796875 0.375
vt 0.5625 0.375
vt 0.571769375 0.328125
vt 0.787605 0.328125
vt 0.296875 0.328125
vt 0.53125 0.328125
vt 0.53125 0.578125
vt 0.296875 0.578125
vt 0.5717675 0.32812624999999995
vt 0.787605625 0.328125
vt 0.796875 0.37499812499999996
vt 0.5625 0.375
vt 0.796875 0.375
vt 0.5625 0.375
vt 0.57176875 0.32812624999999995
vt 0.7876075 0.328125
vt 0.296875 0.328125
vt 0.53125 0.328125
vt 0.53125 0.578125
vt 0.296875 0.578125
vt 0.5717675 0.32812624999999995
vt 0.787606875 0.328125
vt 0.796875 0.37499875000000005
vt 0.5625 0.375
vt 0.796875 0.375
vt 0.5625 0.375
vt 0.57176765625 0.328125
vt 0.78760734375 0.328125
vt 0.296875 0.328125
vt 0.53125 0.328125
vt 0.53125 0.578125
vt 0.296875 0.578125
vt 0.57176875 0.32812624999999995
vt 0.787606875 0.328125
vt 0.796875 0.375
vt 0.5625 0.375
vt 0.796875 0.375
vt 0.5625 0.375
vt 0.5717675 0.328125
vt 0.78760625 0.32812624999999995
vt 0.296875 0.328125
vt 0.53125 0.328125
vt 0.53125 0.578125
vt 0.296875 0.578125
vt 0.571769375 0.328125625
vt 0.787605 0.328125
vt 0.796875 0.37499875000000005
vt 0.5625 0.375
vt 0.796875 0.37499875000000005
vt 0.5625 0.375
vt 0.571769375 0.328125625
vt 0.787605 0.328125
vt 0.296875 0.328125
vt 0.53125 0.328125
vt 0.53125 0.578125
vt 0.296875 0.578125
vt 0.5717675 0.328125
vt 0.78760625 0.328125
vt 0.796875 0.374999375
vt 0.5625 0.375
vt 0.796875 0.37499875000000005
vt 0.5625 0.375
vt 0.57176875 0.32812687500000004
vt 0.787606875 0.328125
vt 0.296875 0.328125
vt 0.53125 0.328125
vt 0.53125 0.578125
vt 0.296875 0.578125
vt 0.57176765625 0.328125
vt 0.78760734375 0.328125
vt 0.796875 0.375
vt 0.5625 0.375
vt 0.796875 0.37499875000000005
vt 0.5625 0.375
vt 0.5717675 0.32812624999999995
vt 0.787606875 0.328125
vt 0.296875 0.328125
vt 0.53125 0.328125
vt 0.53125 0.578125
vt 0.296875 0.578125
vt 0.57176875 0.328125
vt 0.7876075 0.328125
vt 0.796875 0.375
vt 0.5625 0.374999375
vt 0.796875 0.37499875000000005
vt 0.5625 0.375
vt 0.5717675 0.328125
vt 0.787605625 0.328125
vt 0.296875 0.328125
vt 0.53125 0.328125
vt 0.53125 0.578125
vt 0.296875 0.578125
vt 0.571769375 0.328125
vt 0.787605 0.328125
vt 0.796875 0.375
vt 0.5625 0.375
vt 0.796875 0.375
vt 0.5625 0.375
vt 0.571769375 0.328125
vt 0.787605 0.328125
vn -0.38268370675622604 -4.686523765648566e-17 0.923879418854709
vn -1.2246467991473532e-16 1 0
vn 1.2246467991473532e-16 -1 0
vn -0.7071067811865476 -8.659560562354934e-17 0.7071067811865476
vn -1.2246467991473532e-16 1 0
vn 1.2246467991473532e-16 -1 0
vn -0.923879418854709 -1.1314259730985363e-16 0.38268370675622604
vn -1.2246467991473532e-16 1 0
vn 1.2246467991473532e-16 -1 0
vn -1 -1.2246467991473532e-16 0
vn -1.2246467991473532e-16 1 0
vn 1.2246467991473532e-16 -1 0
vn -0.923879418854709 -1.1314259730985363e-16 -0.38268370675622604
vn -1.2246467991473532e-16 1 0
vn 1.2246467991473532e-16 -1 0
vn -0.7071067811865476 -8.659560562354934e-17 -0.7071067811865476
vn -1.2246467991473532e-16 1 0
vn 1.2246467991473532e-16 -1 0
vn -0.38268370675622604 -4.686523765648566e-17 -0.923879418854709
vn -1.2246467991473532e-16 1 0
vn 1.2246467991473532e-16 -1 0
vn 0 0 -1
vn -1.2246467991473532e-16 1 0
vn 1.2246467991473532e-16 -1 0
vn 0.38268370675622604 4.686523765648566e-17 -0.923879418854709
vn -1.2246467991473532e-16 1 0
vn 1.2246467991473532e-16 -1 0
vn 0.7071067811865476 8.659560562354934e-17 -0.7071067811865476
vn -1.2246467991473532e-16 1 0
vn 1.2246467991473532e-16 -1 0
vn 0.923879418854709 1.1314259730985363e-16 -0.38268370675622604
vn -1.2246467991473532e-16 1 0
vn 1.2246467991473532e-16 -1 0
vn 1 1.2246467991473532e-16 0
vn -1.2246467991473532e-16 1 0
vn 1.2246467991473532e-16 -1 0
vn 0.923879418854709 1.1314259730985363e-16 0.38268370675622604
vn -1.2246467991473532e-16 1 0
vn 1.2246467991473532e-16 -1 0
vn 0.7071067811865476 8.659560562354934e-17 0.7071067811865476
vn -1.2246467991473532e-16 1 0
vn 1.2246467991473532e-16 -1 0
vn 0.38268370675622604 4.686523765648566e-17 0.923879418854709
vn -1.2246467991473532e-16 1 0
vn 1.2246467991473532e-16 -1 0
vn 0 0 1
vn -1.2246467991473532e-16 1 0
vn 1.2246467991473532e-16 -1 0
usemtl m_63d97fd3-8065-75d2-0c33-ad773b83d79b
f 377/1225/307 381/1226/307 382/1227/307 378/1228/307
f 379/1229/308 383/1230/308 381/1231/308 377/1232/308
f 378/1233/309 382/1234/309 384/1235/309 380/1236/309
f 381/1237/310 385/1238/310 386/1239/310 382/1240/310
f 383/1241/311 387/1242/311 385/1243/311 381/1244/311
f 382/1245/312 386/1246/312 388/1247/312 384/1248/312
f 385/1249/313 389/1250/313 390/1251/313 386/1252/313
f 387/1253/314 391/1254/314 389/1255/314 385/1256/314
f 386/1257/315 390/1258/315 392/1259/315 388/1260/315
f 389/1261/316 393/1262/316 394/1263/316 390/1264/316
f 391/1265/317 395/1266/317 393/1267/317 389/1268/317
f 390/1269/318 394/1270/318 396/1271/318 392/1272/318
f 393/1273/319 397/1274/319 398/1275/319 394/1276/319
f 395/1277/320 399/1278/320 397/1279/320 393/1280/320
f 394/1281/321 398/1282/321 400/1283/321 396/1284/321
f 397/1285/322 401/1286/322 402/1287/322 398/1288/322
f 399/1289/323 403/1290/323 401/1291/323 397/1292/323
f 398/1293/324 402/1294/324 404/1295/324 400/1296/324
f 401/1297/325 405/1298/325 406/1299/325 402/1300/325
f 403/1301/326 407/1302/326 405/1303/326 401/1304/326
f 402/1305/327 406/1306/327 408/1307/327 404/1308/327
f 405/1309/328 409/1310/328 410/1311/328 406/1312/328
f 407/1313/329 411/1314/329 409/1315/329 405/1316/329
f 406/1317/330 410/1318/330 412/1319/330 408/1320/330
f 409/1321/331 413/1322/331 414/1323/331 410/1324/331
f 411/1325/332 415/1326/332 413/1327/332 409/1328/332
f 410/1329/333 414/1330/333 416/1331/333 412/1332/333
f 413/1333/334 417/1334/334 418/1335/334 414/1336/334
f 415/1337/335 419/1338/335 417/1339/335 413/1340/335
f 414/1341/336 418/1342/336 420/1343/336 416/1344/336
f 417/1345/337 421/1346/337 422/1347/337 418/1348/337
f 419/1349/338 423/1350/338 421/1351/338 417/1352/338
f 418/1353/339 422/1354/339 424/1355/339 420/1356/339
f 421/1357/340 425/1358/340 426/1359/340 422/1360/340
f 423/1361/341 427/1362/341 425/1363/341 421/1364/341
f 422/1365/342 426/1366/342 428/1367/342 424/1368/342
f 425/1369/343 429/1370/343 430/1371/343 426/1372/343
f 427/1373/344 431/1374/344 429/1375/344 425/1376/344
f 426/1377/345 430/1378/345 432/1379/345 428/1380/345
f 429/1381/346 433/1382/346 434/1383/346 430/1384/346
f 431/1385/347 435/1386/347 433/1387/347 429/1388/347
f 430/1389/348 434/1390/348 436/1391/348 432/1392/348
f 433/1393/349 437/1394/349 438/1395/349 434/1396/349
f 435/1397/350 439/1398/350 437/1399/350 433/1400/350
f 434/1401/351 438/1402/351 440/1403/351 436/1404/351
f 437/1405/352 377/1406/352 378/1407/352 438/1408/352
f 439/1409/353 379/1410/353 377/1411/353 437/1412/353
f 438/1413/354 378/1414/354 380/1415/354 440/1416/354
o tire
v -0.491065 -0.02343750000000006 2.46875
v -0.4910649999999999 -0.44531250000000006 2.46875
v -0.469605625 -0.02343750000000006 2.360865625
v -0.46960562499999997 -0.44531250000000006 2.360865625
v -1.398434375 -0.02343750000000017 2.092905
v -1.398434375 -0.44531250000000017 2.092905
v -1.337323125 -0.023437500000000163 2.001445
v -1.337323125 -0.44531250000000017 2.001445
v -2.092905 -0.023437500000000257 1.398434375
v -2.092905 -0.4453125000000003 1.398434375
v -2.001445 -0.023437500000000246 1.337323125
v -2.001445 -0.4453125000000002 1.337323125
v -2.46875 -0.023437500000000302 0.491065
v -2.46875 -0.4453125000000003 0.491065
v -2.360865625 -0.023437500000000288 0.469605625
v -2.360865625 -0.4453125000000003 0.469605625
v -2.46875 -0.023437500000000302 -0.491065
v -2.46875 -0.4453125000000003 -0.491065
v -2.360865625 -0.023437500000000288 -0.469605625
v -2.360865625 -0.4453125000000003 -0.469605625
v -2.092905 -0.023437500000000257 -1.398434375
v -2.092905 -0.4453125000000003 -1.398434375
v -2.001445 -0.023437500000000246 -1.337323125
v -2.001445 -0.4453125000000002 -1.337323125
v -1.398434375 -0.02343750000000017 -2.092905
v -1.398434375 -0.44531250000000017 -2.092905
v -1.337323125 -0.023437500000000163 -2.001445
v -1.337323125 -0.44531250000000017 -2.001445
v -0.491065 -0.02343750000000006 -2.46875
v -0.4910649999999999 -0.44531250000000006 -2.46875
v -0.469605625 -0.02343750000000006 -2.360865625
v -0.46960562499999997 -0.44531250000000006 -2.360865625
v 0.491065 -0.02343749999999994 -2.46875
v 0.49106500000000003 -0.44531249999999994 -2.46875
v 0.469605625 -0.02343749999999994 -2.360865625
v 0.4696056250000001 -0.44531249999999994 -2.360865625
v 1.398434375 -0.02343749999999983 -2.092905
v 1.398434375 -0.44531249999999983 -2.092905
v 1.337323125 -0.023437499999999837 -2.001445
v 1.337323125 -0.44531249999999983 -2.001445
v 2.092905 -0.023437499999999743 -1.398434375
v 2.092905 -0.4453124999999997 -1.398434375
v 2.001445 -0.023437499999999754 -1.337323125
v 2.001445 -0.4453124999999998 -1.337323125
v 2.46875 -0.023437499999999698 -0.491065
v 2.46875 -0.4453124999999997 -0.491065
v 2.360865625 -0.023437499999999712 -0.469605625
v 2.360865625 -0.4453124999999997 -0.469605625
v 2.46875 -0.023437499999999698 0.491065
v 2.46875 -0.4453124999999997 0.491065
v 2.360865625 -0.023437499999999712 0.469605625
v 2.360865625 -0.4453124999999997 0.469605625
v 2.092905 -0.023437499999999743 1.398434375
v 2.092905 -0.4453124999999997 1.398434375
v 2.001445 -0.023437499999999754 1.337323125
v 2.001445 -0.4453124999999998 1.337323125
v 1.398434375 -0.02343749999999983 2.092905
v 1.398434375 -0.44531249999999983 2.092905
v 1.337323125 -0.023437499999999837 2.001445
v 1.337323125 -0.44531249999999983 2.001445
v 0.491065 -0.02343749999999994 2.46875
v 0.49106500000000003 -0.44531249999999994 2.46875
v 0.469605625 -0.02343749999999994 2.360865625
v 0.4696056250000001 -0.44531249999999994 2.360865625
vt 0.3125 0.203125
vt 0.5625 0.203125
vt 0.5625 0.3125
vt 0.3125 0.3125
vt 0.296875 0.3125
vt 0.0625 0.3125
vt 0.0625 0.203125
vt 0.296875 0.203125
vt 0.56796328125 0.46875
vt 0.80703921875 0.46875218750000003
vt 0.8125 0.5
vt 0.5625 0.49999640624999997
vt 0.5625 0.5
vt 0.8125 0.5
vt 0.80703859375 0.46875
vt 0.56796328125 0.46875140625
vt 0.3125 0.203125
vt 0.5625 0.203125
vt 0.5625 0.3125
vt 0.3125 0.3125
vt 0.296875 0.3125
vt 0.0625 0.3125
vt 0.0625 0.203125
vt 0.296875 0.203125
vt 0.56796453125 0.46875
vt 0.80703734375 0.46875218750000003
vt 0.8125 0.5
vt 0.5625 0.49999640624999997
vt 0.5625 0.49999859375
vt 0.8125 0.5
vt 0.80703671875 0.46875
vt 0.56796390625 0.46875
vt 0.3125 0.203125
vt 0.5625 0.203125
vt 0.5625 0.3125
vt 0.3125 0.3125
vt 0.296875 0.3125
vt 0.0625 0.3125
vt 0.0625 0.203125
vt 0.296875 0.203125
vt 0.56796265625 0.46875
vt 0.80703671875 0.46875218750000003
vt 0.8125 0.5
vt 0.5625 0.5
vt 0.5625 0.5
vt 0.8125 0.5
vt 0.80703671875 0.46875218750000003
vt 0.56796265625 0.46875
vt 0.3125 0.203125
vt 0.5625 0.203125
vt 0.5625 0.3125
vt 0.3125 0.3125
vt 0.296875 0.3125
vt 0.0625 0.3125
vt 0.0625 0.203125
vt 0.296875 0.203125
vt 0.56796203125 0.46875
vt 0.80703859375 0.46875218750000003
vt 0.8125 0.5
vt 0.5625 0.49999781249999997
vt 0.5625 0.5
vt 0.8125 0.49999781249999997
vt 0.80703796875 0.46875
vt 0.56796140625 0.46875218750000003
vt 0.3125 0.203125
vt 0.5625 0.203125
vt 0.5625 0.3125
vt 0.3125 0.3125
vt 0.296875 0.3125
vt 0.0625 0.3125
vt 0.0625 0.203125
vt 0.296875 0.203125
vt 0.56796328125 0.46875
vt 0.80703921875 0.46875
vt 0.8125 0.5
vt 0.5625 0.49999859375
vt 0.5625 0.5
vt 0.8125 0.49999781249999997
vt 0.80703859375 0.46875
vt 0.56796265625 0.46875359375000003
vt 0.3125 0.203125
vt 0.5625 0.203125
vt 0.5625 0.3125
vt 0.3125 0.3125
vt 0.296875 0.3125
vt 0.0625 0.3125
vt 0.0625 0.203125
vt 0.296875 0.203125
vt 0.56796390625 0.46875
vt 0.80703734375 0.46875
vt 0.8125 0.5
vt 0.5625 0.49999859375
vt 0.5625 0.49999859375
vt 0.8125 0.5
vt 0.80703671875 0.46875
vt 0.56796390625 0.46875
vt 0.3125 0.203125
vt 0.5625 0.203125
vt 0.5625 0.3125
vt 0.3125 0.3125
vt 0.296875 0.3125
vt 0.0625 0.3125
vt 0.0625 0.203125
vt 0.296875 0.203125
vt 0.56796265625 0.46875
vt 0.80703671875 0.46875
vt 0.8125 0.49999781249999997
vt 0.5625 0.5
vt 0.5625 0.5
vt 0.8125 0.49999781249999997
vt 0.80703671875 0.46875
vt 0.56796265625 0.46875
vt 0.3125 0.203125
vt 0.5625 0.203125
vt 0.5625 0.3125
vt 0.3125 0.3125
vt 0.296875 0.3125
vt 0.0625 0.3125
vt 0.0625 0.203125
vt 0.296875 0.203125
vt 0.56796140625 0.46875
vt 0.80703796875 0.46875
vt 0.8125 0.5
vt 0.5625 0.5
vt 0.5625 0.5
vt 0.8125 0.5
vt 0.80703796875 0.46875
vt 0.56796140625 0.46875
vt 0.3125 0.203125
vt 0.5625 0.203125
vt 0.5625 0.3125
vt 0.3125 0.3125
vt 0.296875 0.3125
vt 0.0625 0.3125
vt 0.0625 0.203125
vt 0.296875 0.203125
vt 0.56796328125 0.46875
vt 0.80703921875 0.46875218750000003
vt 0.8125 0.5
vt 0.5625 0.49999640624999997
vt 0.5625 0.5
vt 0.8125 0.5
vt 0.80703859375 0.46875
vt 0.56796328125 0.46875140625
vt 0.3125 0.203125
vt 0.5625 0.203125
vt 0.5625 0.3125
vt 0.3125 0.3125
vt 0.296875 0.3125
vt 0.0625 0.3125
vt 0.0625 0.203125
vt 0.296875 0.203125
vt 0.56796390625 0.46875
vt 0.80703734375 0.46875218750000003
vt 0.8125 0.5
vt 0.5625 0.49999640624999997
vt 0.5625 0.49999859375
vt 0.8125 0.5
vt 0.80703734375 0.46875
vt 0.56796390625 0.46875
vt 0.3125 0.203125
vt 0.5625 0.203125
vt 0.5625 0.3125
vt 0.3125 0.3125
vt 0.296875 0.3125
vt 0.0625 0.3125
vt 0.0625 0.203125
vt 0.296875 0.203125
vt 0.56796265625 0.46875
vt 0.80703671875 0.46875218750000003
vt 0.8125 0.5
vt 0.5625 0.5
vt 0.5625 0.5
vt 0.8125 0.5
vt 0.80703671875 0.46875218750000003
vt 0.56796265625 0.46875
vt 0.3125 0.203125
vt 0.5625 0.203125
vt 0.5625 0.3125
vt 0.3125 0.3125
vt 0.296875 0.3125
vt 0.0625 0.3125
vt 0.0625 0.203125
vt 0.296875 0.203125
vt 0.56796203125 0.46875
vt 0.80703859375 0.46875140625
vt 0.8125 0.5
vt 0.5625 0.49999781249999997
vt 0.5625 0.5
vt 0.8125 0.49999781249999997
vt 0.80703796875 0.46875
vt 0.56796140625 0.46875140625
vt 0.3125 0.203125
vt 0.5625 0.203125
vt 0.5625 0.3125
vt 0.3125 0.3125
vt 0.296875 0.3125
vt 0.0625 0.3125
vt 0.0625 0.203125
vt 0.296875 0.203125
vt 0.56796328125 0.46875
vt 0.80703859375 0.46875
vt 0.8125 0.5
vt 0.5625 0.49999859375
vt 0.5625 0.5
vt 0.8125 0.49999781249999997
vt 0.80703859375 0.46875
vt 0.56796328125 0.46875359375000003
vt 0.3125 0.203125
vt 0.5625 0.203125
vt 0.5625 0.3125
vt 0.3125 0.3125
vt 0.296875 0.3125
vt 0.0625 0.3125
vt 0.0625 0.203125
vt 0.296875 0.203125
vt 0.56796390625 0.46875
vt 0.80703671875 0.46875
vt 0.8125 0.5
vt 0.5625 0.49999859375
vt 0.5625 0.49999859375
vt 0.8125 0.5
vt 0.80703734375 0.46875
vt 0.56796390625 0.46875
vt 0.3125 0.203125
vt 0.5625 0.203125
vt 0.5625 0.3125
vt 0.3125 0.3125
vt 0.296875 0.3125
vt 0.0625 0.3125
vt 0.0625 0.203125
vt 0.296875 0.203125
vt 0.56796265625 0.46875
vt 0.80703671875 0.46875
vt 0.8125 0.49999781249999997
vt 0.5625 0.5
vt 0.5625 0.5
vt 0.8125 0.49999781249999997
vt 0.80703671875 0.46875
vt 0.56796265625 0.46875
vt 0.3125 0.203125
vt 0.5625 0.203125
vt 0.5625 0.3125
vt 0.3125 0.3125
vt 0.296875 0.3125
vt 0.0625 0.3125
vt 0.0625 0.203125
vt 0.296875 0.203125
vt 0.56796203125 0.46875
vt 0.80703859375 0.46875
vt 0.8125 0.5
vt 0.5625 0.5
vt 0.5625 0.5
vt 0.8125 0.5
vt 0.80703859375 0.46875
vt 0.56796203125 0.46875
vn -0.3826836920413604 -4.6865235854434345e-17 0.9238794249498109
vn 0.38268367609714954 4.6865233901831663e-17 -0.9238794315541243
vn -1.2246467991473532e-16 1 0
vn 1.2246467991473532e-16 -1 0
vn -0.7071067811865476 -8.659560562354934e-17 0.7071067811865476
vn 0.7071067811865476 8.659560562354934e-17 -0.7071067811865476
vn -1.2246467991473532e-16 1 0
vn 1.2246467991473532e-16 -1 0
vn -0.9238794249498109 -1.1314259805628832e-16 0.3826836920413604
vn 0.9238794315541243 1.1314259886508347e-16 -0.38268367609714954
vn -1.2246467991473532e-16 1 0
vn 1.2246467991473532e-16 -1 0
vn -1 -1.2246467991473532e-16 0
vn 1 1.2246467991473532e-16 0
vn -1.2246467991473532e-16 1 0
vn 1.2246467991473532e-16 -1 0
vn -0.9238794249498109 -1.1314259805628832e-16 -0.3826836920413604
vn 0.9238794315541243 1.1314259886508347e-16 0.38268367609714954
vn -1.2246467991473532e-16 1 0
vn 1.2246467991473532e-16 -1 0
vn -0.7071067811865476 -8.659560562354934e-17 -0.7071067811865476
vn 0.7071067811865476 8.659560562354934e-17 0.7071067811865476
vn -1.2246467991473532e-16 1 0
vn 1.2246467991473532e-16 -1 0
vn -0.3826836920413604 -4.6865235854434345e-17 -0.9238794249498109
vn 0.38268367609714954 4.6865233901831663e-17 0.9238794315541243
vn -1.2246467991473532e-16 1 0
vn 1.2246467991473532e-16 -1 0
vn 0 0 -1
vn 0 0 1
vn -1.2246467991473532e-16 1 0
vn 1.2246467991473532e-16 -1 0
vn 0.3826836920413604 4.6865235854434345e-17 -0.9238794249498109
vn -0.38268367609714954 -4.6865233901831663e-17 0.9238794315541243
vn -1.2246467991473532e-16 1 0
vn 1.2246467991473532e-16 -1 0
vn 0.7071067811865476 8.659560562354934e-17 -0.7071067811865476
vn -0.7071067811865476 -8.659560562354934e-17 0.7071067811865476
vn -1.2246467991473532e-16 1 0
vn 1.2246467991473532e-16 -1 0
vn 0.9238794249498109 1.1314259805628832e-16 -0.3826836920413604
vn -0.9238794315541243 -1.1314259886508347e-16 0.38268367609714954
vn -1.2246467991473532e-16 1 0
vn 1.2246467991473532e-16 -1 0
vn 1 1.2246467991473532e-16 0
vn -1 -1.2246467991473532e-16 0
vn -1.2246467991473532e-16 1 0
vn 1.2246467991473532e-16 -1 0
vn 0.9238794249498109 1.1314259805628832e-16 0.3826836920413604
vn -0.9238794315541243 -1.1314259886508347e-16 -0.38268367609714954
vn -1.2246467991473532e-16 1 0
vn 1.2246467991473532e-16 -1 0
vn 0.7071067811865476 8.659560562354934e-17 0.7071067811865476
vn -0.7071067811865476 -8.659560562354934e-17 -0.7071067811865476
vn -1.2246467991473532e-16 1 0
vn 1.2246467991473532e-16 -1 0
vn 0.3826836920413604 4.6865235854434345e-17 0.9238794249498109
vn -0.38268367609714954 -4.6865233901831663e-17 -0.9238794315541243
vn -1.2246467991473532e-16 1 0
vn 1.2246467991473532e-16 -1 0
vn 0 0 1
vn 0 0 -1
vn -1.2246467991473532e-16 1 0
vn 1.2246467991473532e-16 -1 0
usemtl m_63d97fd3-8065-75d2-0c33-ad773b83d79b
f 441/1417/355 445/1418/355 446/1419/355 442/1420/355
f 444/1421/356 448/1422/356 447/1423/356 443/1424/356
f 443/1425/357 447/1426/357 445/1427/357 441/1428/357
f 442/1429/358 446/1430/358 448/1431/358 444/1432/358
f 445/1433/359 449/1434/359 450/1435/359 446/1436/359
f 448/1437/360 452/1438/360 451/1439/360 447/1440/360
f 447/1441/361 451/1442/361 449/1443/361 445/1444/361
f 446/1445/362 450/1446/362 452/1447/362 448/1448/362
f 449/1449/363 453/1450/363 454/1451/363 450/1452/363
f 452/1453/364 456/1454/364 455/1455/364 451/1456/364
f 451/1457/365 455/1458/365 453/1459/365 449/1460/365
f 450/1461/366 454/1462/366 456/1463/366 452/1464/366
f 453/1465/367 457/1466/367 458/1467/367 454/1468/367
f 456/1469/368 460/1470/368 459/1471/368 455/1472/368
f 455/1473/369 459/1474/369 457/1475/369 453/1476/369
f 454/1477/370 458/1478/370 460/1479/370 456/1480/370
f 457/1481/371 461/1482/371 462/1483/371 458/1484/371
f 460/1485/372 464/1486/372 463/1487/372 459/1488/372
f 459/1489/373 463/1490/373 461/1491/373 457/1492/373
f 458/1493/374 462/1494/374 464/1495/374 460/1496/374
f 461/1497/375 465/1498/375 466/1499/375 462/1500/375
f 464/1501/376 468/1502/376 467/1503/376 463/1504/376
f 463/1505/377 467/1506/377 465/1507/377 461/1508/377
f 462/1509/378 466/1510/378 468/1511/378 464/1512/378
f 465/1513/379 469/1514/379 470/1515/379 466/1516/379
f 468/1517/380 472/1518/380 471/1519/380 467/1520/380
f 467/1521/381 471/1522/381 469/1523/381 465/1524/381
f 466/1525/382 470/1526/382 472/1527/382 468/1528/382
f 469/1529/383 473/1530/383 474/1531/383 470/1532/383
f 472/1533/384 476/1534/384 475/1535/384 471/1536/384
f 471/1537/385 475/1538/385 473/1539/385 469/1540/385
f 470/1541/386 474/1542/386 476/1543/386 472/1544/386
f 473/1545/387 477/1546/387 478/1547/387 474/1548/387
f 476/1549/388 480/1550/388 479/1551/388 475/1552/388
f 475/1553/389 479/1554/389 477/1555/389 473/1556/389
f 474/1557/390 478/1558/390 480/1559/390 476/1560/390
f 477/1561/391 481/1562/391 482/1563/391 478/1564/391
f 480/1565/392 484/1566/392 483/1567/392 479/1568/392
f 479/1569/393 483/1570/393 481/1571/393 477/1572/393
f 478/1573/394 482/1574/394 484/1575/394 480/1576/394
f 481/1577/395 485/1578/395 486/1579/395 482/1580/395
f 484/1581/396 488/1582/396 487/1583/396 483/1584/396
f 483/1585/397 487/1586/397 485/1587/397 481/1588/397
f 482/1589/398 486/1590/398 488/1591/398 484/1592/398
f 485/1593/399 489/1594/399 490/1595/399 486/1596/399
f 488/1597/400 492/1598/400 491/1599/400 487/1600/400
f 487/1601/401 491/1602/401 489/1603/401 485/1604/401
f 486/1605/402 490/1606/402 492/1607/402 488/1608/402
f 489/1609/403 493/1610/403 494/1611/403 490/1612/403
f 492/1613/404 496/1614/404 495/1615/404 491/1616/404
f 491/1617/405 495/1618/405 493/1619/405 489/1620/405
f 490/1621/406 494/1622/406 496/1623/406 492/1624/406
f 493/1625/407 497/1626/407 498/1627/407 494/1628/407
f 496/1629/408 500/1630/408 499/1631/408 495/1632/408
f 495/1633/409 499/1634/409 497/1635/409 493/1636/409
f 494/1637/410 498/1638/410 500/1639/410 496/1640/410
f 497/1641/411 501/1642/411 502/1643/411 498/1644/411
f 500/1645/412 504/1646/412 503/1647/412 499/1648/412
f 499/1649/413 503/1650/413 501/1651/413 497/1652/413
f 498/1653/414 502/1654/414 504/1655/414 500/1656/414
f 501/1657/415 441/1658/415 442/1659/415 502/1660/415
f 504/1661/416 444/1662/416 443/1663/416 503/1664/416
f 503/1665/417 443/1666/417 441/1667/417 501/1668/417
f 502/1669/418 442/1670/418 444/1671/418 504/1672/418
o tire
v -0.49106500000000003 0.44531249999999994 2.46875
v -0.491065 0.02343749999999994 2.46875
v -0.4696056250000001 0.44531249999999994 2.360865625
v -0.469605625 0.02343749999999994 2.360865625
v -1.398434375 0.44531249999999983 2.092905
v -1.398434375 0.02343749999999983 2.092905
v -1.337323125 0.44531249999999983 2.001445
v -1.337323125 0.023437499999999837 2.001445
v -2.092905 0.4453124999999997 1.398434375
v -2.092905 0.023437499999999743 1.398434375
v -2.001445 0.4453124999999998 1.337323125
v -2.001445 0.023437499999999754 1.337323125
v -2.46875 0.4453124999999997 0.491065
v -2.46875 0.023437499999999698 0.491065
v -2.360865625 0.4453124999999997 0.469605625
v -2.360865625 0.023437499999999712 0.469605625
v -2.46875 0.4453124999999997 -0.491065
v -2.46875 0.023437499999999698 -0.491065
v -2.360865625 0.4453124999999997 -0.469605625
v -2.360865625 0.023437499999999712 -0.469605625
v -2.092905 0.4453124999999997 -1.398434375
v -2.092905 0.023437499999999743 -1.398434375
v -2.001445 0.4453124999999998 -1.337323125
v -2.001445 0.023437499999999754 -1.337323125
v -1.398434375 0.44531249999999983 -2.092905
v -1.398434375 0.02343749999999983 -2.092905
v -1.337323125 0.44531249999999983 -2.001445
v -1.337323125 0.023437499999999837 -2.001445
v -0.49106500000000003 0.44531249999999994 -2.46875
v -0.491065 0.02343749999999994 -2.46875
v -0.4696056250000001 0.44531249999999994 -2.360865625
v -0.469605625 0.02343749999999994 -2.360865625
v 0.4910649999999999 0.44531250000000006 -2.46875
v 0.491065 0.02343750000000006 -2.46875
v 0.46960562499999997 0.44531250000000006 -2.360865625
v 0.469605625 0.02343750000000006 -2.360865625
v 1.398434375 0.44531250000000017 -2.092905
v 1.398434375 0.02343750000000017 -2.092905
v 1.337323125 0.44531250000000017 -2.001445
v 1.337323125 0.023437500000000163 -2.001445
v 2.092905 0.4453125000000003 -1.398434375
v 2.092905 0.023437500000000257 -1.398434375
v 2.001445 0.4453125000000002 -1.337323125
v 2.001445 0.023437500000000246 -1.337323125
v 2.46875 0.4453125000000003 -0.491065
v 2.46875 0.023437500000000302 -0.491065
v 2.360865625 0.4453125000000003 -0.469605625
v 2.360865625 0.023437500000000288 -0.469605625
v 2.46875 0.4453125000000003 0.491065
v 2.46875 0.023437500000000302 0.491065
v 2.360865625 0.4453125000000003 0.469605625
v 2.360865625 0.023437500000000288 0.469605625
v 2.092905 0.4453125000000003 1.398434375
v 2.092905 0.023437500000000257 1.398434375
v 2.001445 0.4453125000000002 1.337323125
v 2.001445 0.023437500000000246 1.337323125
v 1.398434375 0.44531250000000017 2.092905
v 1.398434375 0.02343750000000017 2.092905
v 1.337323125 0.44531250000000017 2.001445
v 1.337323125 0.023437500000000163 2.001445
v 0.4910649999999999 0.44531250000000006 2.46875
v 0.491065 0.02343750000000006 2.46875
v 0.46960562499999997 0.44531250000000006 2.360865625
v 0.469605625 0.02343750000000006 2.360865625
vt 0.3125 0.203125
vt 0.5625 0.203125
vt 0.5625 0.3125
vt 0.3125 0.3125
vt 0.296875 0.3125
vt 0.0625 0.3125
vt 0.0625 0.203125
vt 0.296875 0.203125
vt 0.56796328125 0.46875
vt 0.80703859375 0.46875
vt 0.8125 0.5
vt 0.5625 0.49999859375
vt 0.5625 0.5
vt 0.8125 0.5
vt 0.80703859375 0.46875
vt 0.56796328125 0.46875140625
vt 0.3125 0.203125
vt 0.5625 0.203125
vt 0.5625 0.3125
vt 0.3125 0.3125
vt 0.296875 0.3125
vt 0.0625 0.3125
vt 0.0625 0.203125
vt 0.296875 0.203125
vt 0.56796390625 0.46875
vt 0.80703671875 0.46875
vt 0.8125 0.5
vt 0.5625 0.49999859375
vt 0.5625 0.49999859375
vt 0.8125 0.5
vt 0.80703671875 0.46875
vt 0.56796390625 0.46875
vt 0.3125 0.203125
vt 0.5625 0.203125
vt 0.5625 0.3125
vt 0.3125 0.3125
vt 0.296875 0.3125
vt 0.0625 0.3125
vt 0.0625 0.203125
vt 0.296875 0.203125
vt 0.56796265625 0.46875
vt 0.80703671875 0.46875
vt 0.8125 0.49999781249999997
vt 0.5625 0.5
vt 0.5625 0.5
vt 0.8125 0.5
vt 0.80703671875 0.46875218750000003
vt 0.56796265625 0.46875
vt 0.3125 0.203125
vt 0.5625 0.203125
vt 0.5625 0.3125
vt 0.3125 0.3125
vt 0.296875 0.3125
vt 0.0625 0.3125
vt 0.0625 0.203125
vt 0.296875 0.203125
vt 0.56796203125 0.46875
vt 0.80703859375 0.46875
vt 0.8125 0.5
vt 0.5625 0.5
vt 0.5625 0.5
vt 0.8125 0.49999781249999997
vt 0.80703796875 0.46875
vt 0.56796140625 0.46875218750000003
vt 0.3125 0.203125
vt 0.5625 0.203125
vt 0.5625 0.3125
vt 0.3125 0.3125
vt 0.296875 0.3125
vt 0.0625 0.3125
vt 0.0625 0.203125
vt 0.296875 0.203125
vt 0.56796328125 0.46875
vt 0.80703859375 0.46875
vt 0.8125 0.5
vt 0.5625 0.49999859375
vt 0.5625 0.5
vt 0.8125 0.49999781249999997
vt 0.80703859375 0.46875
vt 0.56796265625 0.46875359375000003
vt 0.3125 0.203125
vt 0.5625 0.203125
vt 0.5625 0.3125
vt 0.3125 0.3125
vt 0.296875 0.3125
vt 0.0625 0.3125
vt 0.0625 0.203125
vt 0.296875 0.203125
vt 0.56796390625 0.46875
vt 0.80703671875 0.46875
vt 0.8125 0.5
vt 0.5625 0.49999859375
vt 0.5625 0.49999859375
vt 0.8125 0.5
vt 0.80703671875 0.46875
vt 0.56796390625 0.46875
vt 0.3125 0.203125
vt 0.5625 0.203125
vt 0.5625 0.3125
vt 0.3125 0.3125
vt 0.296875 0.3125
vt 0.0625 0.3125
vt 0.0625 0.203125
vt 0.296875 0.203125
vt 0.56796265625 0.46875
vt 0.80703671875 0.46875
vt 0.8125 0.49999781249999997
vt 0.5625 0.5
vt 0.5625 0.5
vt 0.8125 0.49999781249999997
vt 0.80703671875 0.46875
vt 0.56796265625 0.46875
vt 0.3125 0.203125
vt 0.5625 0.203125
vt 0.5625 0.3125
vt 0.3125 0.3125
vt 0.296875 0.3125
vt 0.0625 0.3125
vt 0.0625 0.203125
vt 0.296875 0.203125
vt 0.56796203125 0.46875
vt 0.80703859375 0.46875
vt 0.8125 0.5
vt 0.5625 0.5
vt 0.5625 0.5
vt 0.8125 0.5
vt 0.80703796875 0.46875
vt 0.56796140625 0.46875
vt 0.3125 0.203125
vt 0.5625 0.203125
vt 0.5625 0.3125
vt 0.3125 0.3125
vt 0.296875 0.3125
vt 0.0625 0.3125
vt 0.0625 0.203125
vt 0.296875 0.203125
vt 0.56796328125 0.46875
vt 0.80703859375 0.46875
vt 0.8125 0.5
vt 0.5625 0.49999859375
vt 0.5625 0.5
vt 0.8125 0.5
vt 0.80703859375 0.46875
vt 0.56796328125 0.46875140625
vt 0.3125 0.203125
vt 0.5625 0.203125
vt 0.5625 0.3125
vt 0.3125 0.3125
vt 0.296875 0.3125
vt 0.0625 0.3125
vt 0.0625 0.203125
vt 0.296875 0.203125
vt 0.56796390625 0.46875
vt 0.80703671875 0.46875
vt 0.8125 0.5
vt 0.5625 0.49999859375
vt 0.5625 0.49999859375
vt 0.8125 0.5
vt 0.80703734375 0.46875
vt 0.56796390625 0.46875
vt 0.3125 0.203125
vt 0.5625 0.203125
vt 0.5625 0.3125
vt 0.3125 0.3125
vt 0.296875 0.3125
vt 0.0625 0.3125
vt 0.0625 0.203125
vt 0.296875 0.203125
vt 0.56796265625 0.46875
vt 0.80703671875 0.46875
vt 0.8125 0.49999781249999997
vt 0.5625 0.5
vt 0.5625 0.5
vt 0.8125 0.5
vt 0.80703671875 0.46875218750000003
vt 0.56796265625 0.46875
vt 0.3125 0.203125
vt 0.5625 0.203125
vt 0.5625 0.3125
vt 0.3125 0.3125
vt 0.296875 0.3125
vt 0.0625 0.3125
vt 0.0625 0.203125
vt 0.296875 0.203125
vt 0.56796203125 0.46875
vt 0.80703859375 0.46875
vt 0.8125 0.5
vt 0.5625 0.5
vt 0.5625 0.5
vt 0.8125 0.49999781249999997
vt 0.80703796875 0.46875
vt 0.56796140625 0.46875140625
vt 0.3125 0.203125
vt 0.5625 0.203125
vt 0.5625 0.3125
vt 0.3125 0.3125
vt 0.296875 0.3125
vt 0.0625 0.3125
vt 0.0625 0.203125
vt 0.296875 0.203125
vt 0.56796328125 0.46875
vt 0.80703859375 0.46875
vt 0.8125 0.5
vt 0.5625 0.49999859375
vt 0.5625 0.5
vt 0.8125 0.49999781249999997
vt 0.80703859375 0.46875
vt 0.56796328125 0.46875359375000003
vt 0.3125 0.203125
vt 0.5625 0.203125
vt 0.5625 0.3125
vt 0.3125 0.3125
vt 0.296875 0.3125
vt 0.0625 0.3125
vt 0.0625 0.203125
vt 0.296875 0.203125
vt 0.56796390625 0.46875
vt 0.80703671875 0.46875
vt 0.8125 0.5
vt 0.5625 0.49999859375
vt 0.5625 0.49999859375
vt 0.8125 0.5
vt 0.80703734375 0.46875
vt 0.56796390625 0.46875
vt 0.3125 0.203125
vt 0.5625 0.203125
vt 0.5625 0.3125
vt 0.3125 0.3125
vt 0.296875 0.3125
vt 0.0625 0.3125
vt 0.0625 0.203125
vt 0.296875 0.203125
vt 0.56796265625 0.46875
vt 0.80703671875 0.46875
vt 0.8125 0.49999781249999997
vt 0.5625 0.5
vt 0.5625 0.5
vt 0.8125 0.49999781249999997
vt 0.80703671875 0.46875
vt 0.56796265625 0.46875
vt 0.3125 0.203125
vt 0.5625 0.203125
vt 0.5625 0.3125
vt 0.3125 0.3125
vt 0.296875 0.3125
vt 0.0625 0.3125
vt 0.0625 0.203125
vt 0.296875 0.203125
vt 0.56796203125 0.46875
vt 0.80703859375 0.46875
vt 0.8125 0.5
vt 0.5625 0.5
vt 0.5625 0.5
vt 0.8125 0.5
vt 0.80703859375 0.46875
vt 0.56796203125 0.46875
vn -0.3826836920413604 -4.6865235854434345e-17 0.9238794249498109
vn 0.38268367609714954 4.6865233901831663e-17 -0.9238794315541243
vn -1.2246467991473532e-16 1 0
vn 1.2246467991473532e-16 -1 0
vn -0.7071067811865476 -8.659560562354934e-17 0.7071067811865476
vn 0.7071067811865476 8.659560562354934e-17 -0.7071067811865476
vn -1.2246467991473532e-16 1 0
vn 1.2246467991473532e-16 -1 0
vn -0.9238794249498109 -1.1314259805628832e-16 0.3826836920413604
vn 0.9238794315541243 1.1314259886508347e-16 -0.38268367609714954
vn -1.2246467991473532e-16 1 0
vn 1.2246467991473532e-16 -1 0
vn -1 -1.2246467991473532e-16 0
vn 1 1.2246467991473532e-16 0
vn -1.2246467991473532e-16 1 0
vn 1.2246467991473532e-16 -1 0
vn -0.9238794249498109 -1.1314259805628832e-16 -0.3826836920413604
vn 0.9238794315541243 1.1314259886508347e-16 0.38268367609714954
vn -1.2246467991473532e-16 1 0
vn 1.2246467991473532e-16 -1 0
vn -0.7071067811865476 -8.659560562354934e-17 -0.7071067811865476
vn 0.7071067811865476 8.659560562354934e-17 0.7071067811865476
vn -1.2246467991473532e-16 1 0
vn 1.2246467991473532e-16 -1 0
vn -0.3826836920413604 -4.6865235854434345e-17 -0.9238794249498109
vn 0.38268367609714954 4.6865233901831663e-17 0.9238794315541243
vn -1.2246467991473532e-16 1 0
vn 1.2246467991473532e-16 -1 0
vn 0 0 -1
vn 0 0 1
vn -1.2246467991473532e-16 1 0
vn 1.2246467991473532e-16 -1 0
vn 0.3826836920413604 4.6865235854434345e-17 -0.9238794249498109
vn -0.38268367609714954 -4.6865233901831663e-17 0.9238794315541243
vn -1.2246467991473532e-16 1 0
vn 1.2246467991473532e-16 -1 0
vn 0.7071067811865476 8.659560562354934e-17 -0.7071067811865476
vn -0.7071067811865476 -8.659560562354934e-17 0.7071067811865476
vn -1.2246467991473532e-16 1 0
vn 1.2246467991473532e-16 -1 0
vn 0.9238794249498109 1.1314259805628832e-16 -0.3826836920413604
vn -0.9238794315541243 -1.1314259886508347e-16 0.38268367609714954
vn -1.2246467991473532e-16 1 0
vn 1.2246467991473532e-16 -1 0
vn 1 1.2246467991473532e-16 0
vn -1 -1.2246467991473532e-16 0
vn -1.2246467991473532e-16 1 0
vn 1.2246467991473532e-16 -1 0
vn 0.9238794249498109 1.1314259805628832e-16 0.3826836920413604
vn -0.9238794315541243 -1.1314259886508347e-16 -0.38268367609714954
vn -1.2246467991473532e-16 1 0
vn 1.2246467991473532e-16 -1 0
vn 0.7071067811865476 8.659560562354934e-17 0.7071067811865476
vn -0.7071067811865476 -8.659560562354934e-17 -0.7071067811865476
vn -1.2246467991473532e-16 1 0
vn 1.2246467991473532e-16 -1 0
vn 0.3826836920413604 4.6865235854434345e-17 0.9238794249498109
vn -0.38268367609714954 -4.6865233901831663e-17 -0.9238794315541243
vn -1.2246467991473532e-16 1 0
vn 1.2246467991473532e-16 -1 0
vn 0 0 1
vn 0 0 -1
vn -1.2246467991473532e-16 1 0
vn 1.2246467991473532e-16 -1 0
usemtl m_63d97fd3-8065-75d2-0c33-ad773b83d79b
f 505/1673/419 509/1674/419 510/1675/419 506/1676/419
f 508/1677/420 512/1678/420 511/1679/420 507/1680/420
f 507/1681/421 511/1682/421 509/1683/421 505/1684/421
f 506/1685/422 510/1686/422 512/1687/422 508/1688/422
f 509/1689/423 513/1690/423 514/1691/423 510/1692/423
f 512/1693/424 516/1694/424 515/1695/424 511/1696/424
f 511/1697/425 515/1698/425 513/1699/425 509/1700/425
f 510/1701/426 514/1702/426 516/1703/426 512/1704/426
f 513/1705/427 517/1706/427 518/1707/427 514/1708/427
f 516/1709/428 520/1710/428 519/1711/428 515/1712/428
f 515/1713/429 519/1714/429 517/1715/429 513/1716/429
f 514/1717/430 518/1718/430 520/1719/430 516/1720/430
f 517/1721/431 521/1722/431 522/1723/431 518/1724/431
f 520/1725/432 524/1726/432 523/1727/432 519/1728/432
f 519/1729/433 523/1730/433 521/1731/433 517/1732/433
f 518/1733/434 522/1734/434 524/1735/434 520/1736/434
f 521/1737/435 525/1738/435 526/1739/435 522/1740/435
f 524/1741/436 528/1742/436 527/1743/436 523/1744/436
f 523/1745/437 527/1746/437 525/1747/437 521/1748/437
f 522/1749/438 526/1750/438 528/1751/438 524/1752/438
f 525/1753/439 529/1754/439 530/1755/439 526/1756/439
f 528/1757/440 532/1758/440 531/1759/440 527/1760/440
f 527/1761/441 531/1762/441 529/1763/441 525/1764/441
f 526/1765/442 530/1766/442 532/1767/442 528/1768/442
f 529/1769/443 533/1770/443 534/1771/443 530/1772/443
f 532/1773/444 536/1774/444 535/1775/444 531/1776/444
f 531/1777/445 535/1778/445 533/1779/445 529/1780/445
f 530/1781/446 534/1782/446 536/1783/446 532/1784/446
f 533/1785/447 537/1786/447 538/1787/447 534/1788/447
f 536/1789/448 540/1790/448 539/1791/448 535/1792/448
f 535/1793/449 539/1794/449 537/1795/449 533/1796/449
f 534/1797/450 538/1798/450 540/1799/450 536/1800/450
f 537/1801/451 541/1802/451 542/1803/451 538/1804/451
f 540/1805/452 544/1806/452 543/1807/452 539/1808/452
f 539/1809/453 543/1810/453 541/1811/453 537/1812/453
f 538/1813/454 542/1814/454 544/1815/454 540/1816/454
f 541/1817/455 545/1818/455 546/1819/455 542/1820/455
f 544/1821/456 548/1822/456 547/1823/456 543/1824/456
f 543/1825/457 547/1826/457 545/1827/457 541/1828/457
f 542/1829/458 546/1830/458 548/1831/458 544/1832/458
f 545/1833/459 549/1834/459 550/1835/459 546/1836/459
f 548/1837/460 552/1838/460 551/1839/460 547/1840/460
f 547/1841/461 551/1842/461 549/1843/461 545/1844/461
f 546/1845/462 550/1846/462 552/1847/462 548/1848/462
f 549/1849/463 553/1850/463 554/1851/463 550/1852/463
f 552/1853/464 556/1854/464 555/1855/464 551/1856/464
f 551/1857/465 555/1858/465 553/1859/465 549/1860/465
f 550/1861/466 554/1862/466 556/1863/466 552/1864/466
f 553/1865/467 557/1866/467 558/1867/467 554/1868/467
f 556/1869/468 560/1870/468 559/1871/468 555/1872/468
f 555/1873/469 559/1874/469 557/1875/469 553/1876/469
f 554/1877/470 558/1878/470 560/1879/470 556/1880/470
f 557/1881/471 561/1882/471 562/1883/471 558/1884/471
f 560/1885/472 564/1886/472 563/1887/472 559/1888/472
f 559/1889/473 563/1890/473 561/1891/473 557/1892/473
f 558/1893/474 562/1894/474 564/1895/474 560/1896/474
f 561/1897/475 565/1898/475 566/1899/475 562/1900/475
f 564/1901/476 568/1902/476 567/1903/476 563/1904/476
f 563/1905/477 567/1906/477 565/1907/477 561/1908/477
f 562/1909/478 566/1910/478 568/1911/478 564/1912/478
f 565/1913/479 505/1914/479 506/1915/479 566/1916/479
f 568/1917/480 508/1918/480 507/1919/480 567/1920/480
f 567/1921/481 507/1922/481 505/1923/481 565/1924/481
f 566/1925/482 506/1926/482 508/1927/482 568/1928/482