# Made in Blockbench 5.1.4
mtllib steel_traction_engine_wheel.mtl

o tire
v 0.472416875 -0.8125 2.375
v 0.472416875 0.8125 2.375
v 0.44748375 -0.8125 2.24965375
v 0.44748375 0.8125 2.24965375
v 1.345329375 -0.8125 2.0134275
v 1.345329375 0.8125 2.0134275
v 1.274326875 -0.8125 1.907164375
v 1.274326875 0.8125 1.907164375
v 2.0134275 -0.8125 1.345329375
v 2.0134275 0.8125 1.345329375
v 1.907164375 -0.8125 1.274326875
v 1.907164375 0.8125 1.274326875
v 2.375 -0.8125 0.472416875
v 2.375 0.8125 0.472416875
v 2.24965375 -0.8125 0.44748375
v 2.24965375 0.8125 0.44748375
v 2.375 -0.8125 -0.472416875
v 2.375 0.8125 -0.472416875
v 2.24965375 -0.8125 -0.44748375
v 2.24965375 0.8125 -0.44748375
v 2.0134275 -0.8125 -1.345329375
v 2.0134275 0.8125 -1.345329375
v 1.907164375 -0.8125 -1.274326875
v 1.907164375 0.8125 -1.274326875
v 1.345329375 -0.8125 -2.0134275
v 1.345329375 0.8125 -2.0134275
v 1.274326875 -0.8125 -1.907164375
v 1.274326875 0.8125 -1.907164375
v 0.472416875 -0.8125 -2.375
v 0.472416875 0.8125 -2.375
v 0.44748375 -0.8125 -2.24965375
v 0.44748375 0.8125 -2.24965375
v -0.472416875 -0.8125 -2.375
v -0.472416875 0.8125 -2.375
v -0.44748375 -0.8125 -2.24965375
v -0.44748375 0.8125 -2.24965375
v -1.345329375 -0.8125 -2.0134275
v -1.345329375 0.8125 -2.0134275
v -1.274326875 -0.8125 -1.907164375
v -1.274326875 0.8125 -1.907164375
v -2.0134275 -0.8125 -1.345329375
v -2.0134275 0.8125 -1.345329375
v -1.907164375 -0.8125 -1.274326875
v -1.907164375 0.8125 -1.274326875
v -2.375 -0.8125 -0.472416875
v -2.375 0.8125 -0.472416875
v -2.24965375 -0.8125 -0.44748375
v -2.24965375 0.8125 -0.44748375
v -2.375 -0.8125 0.472416875
v -2.375 0.8125 0.472416875
v -2.24965375 -0.8125 0.44748375
v -2.24965375 0.8125 0.44748375
v -2.0134275 -0.8125 1.345329375
v -2.0134275 0.8125 1.345329375
v -1.907164375 -0.8125 1.274326875
v -1.907164375 0.8125 1.274326875
v -1.345329375 -0.8125 2.0134275
v -1.345329375 0.8125 2.0134275
v -1.274326875 -0.8125 1.907164375
v -1.274326875 0.8125 1.907164375
v -0.472416875 -0.8125 2.375
v -0.472416875 0.8125 2.375
v -0.44748375 -0.8125 2.24965375
v -0.44748375 0.8125 2.24965375
vt 0.453125 0.59375
vt 0.6875 0.59375
vt 0.6875 1
vt 0.453125 1
vt 0 0.39375000000000004
vt 0 0.13828125000000002
vt 0.40625 0.13828125000000002
vt 0.40625 0.39375000000000004
vt 0.493816875 0.4375
vt 0.27181125 0.4375
vt 0.265625625 0.46875
vt 0.500000625 0.468749375
vt 0.499999375 0.46875
vt 0.265624375 0.46875
vt 0.27181 0.4375
vt 0.49381625 0.4375
vt 0.453125 0.59375
vt 0.6875 0.59375
vt 0.6875 1
vt 0.453125 1
vt 0 0.39375000000000004
vt 0 0.13828125000000002
vt 0.40625 0.13828125000000002
vt 0.40625 0.39375000000000004
vt 0.49381625 0.4375
vt 0.271809375 0.4375
vt 0.265625625 0.46875
vt 0.500000625 0.46875
vt 0.50000125 0.46875
vt 0.26562625 0.46875
vt 0.271810625 0.4375
vt 0.4938175 0.4375
vt 0.453125 0.59375
vt 0.6875 0.59375
vt 0.6875 1
vt 0.453125 1
vt 0 0.39375000000000004
vt 0 0.13828125000000002
vt 0.40625 0.13828125000000002
vt 0.40625 0.39375000000000004
vt 0.493815 0.4375
vt 0.271809375 0.4375
vt 0.265625625 0.46875
vt 0.500000625 0.46875
vt 0.499999375 0.46875
vt 0.265624375 0.46875
vt 0.271808125 0.4375
vt 0.493814375 0.4375
vt 0.453125 0.59375
vt 0.6875 0.59375
vt 0.6875 1
vt 0.453125 1
vt 0 0.39375000000000004
vt 0 0.13828125000000002
vt 0.40625 0.13828125000000002
vt 0.40625 0.39375000000000004
vt 0.493814375 0.4375
vt 0.27181125 0.4375
vt 0.265625625 0.46875
vt 0.500000625 0.46875
vt 0.5 0.46875
vt 0.265625 0.46875
vt 0.27181125 0.4375
vt 0.493814375 0.4375
vt 0.453125 0.59375
vt 0.6875 0.59375
vt 0.6875 1
vt 0.453125 1
vt 0 0.39375000000000004
vt 0 0.13828125000000002
vt 0.40625 0.13828125000000002
vt 0.40625 0.39375000000000004
vt 0.4938175 0.4375
vt 0.27181125 0.4375
vt 0.265625625 0.46875
vt 0.500000625 0.46875
vt 0.5 0.46875
vt 0.265625 0.46875
vt 0.271810625 0.4375
vt 0.49381625 0.4375
vt 0.453125 0.59375
vt 0.6875 0.59375
vt 0.6875 1
vt 0.453125 1
vt 0 0.39375000000000004
vt 0 0.13828125000000002
vt 0.40625 0.13828125000000002
vt 0.40625 0.39375000000000004
vt 0.493815 0.4375
vt 0.271808125 0.4375
vt 0.26562375 0.46875
vt 0.49999875 0.46875
vt 0.5 0.46875
vt 0.265625 0.46875
vt 0.271809375 0.4375
vt 0.493815625 0.4375
vt 0.453125 0.59375
vt 0.6875 0.59375
vt 0.6875 1
vt 0.453125 1
vt 0 0.39375000000000004
vt 0 0.13828125000000002
vt 0.40625 0.13828125000000002
vt 0.40625 0.39375000000000004
vt 0.493815625 0.4375
vt 0.271809375 0.4375
vt 0.265625625 0.46875
vt 0.500000625 0.46875
vt 0.5 0.46875
vt 0.265625 0.46875
vt 0.27180875 0.4375
vt 0.493814375 0.4375
vt 0.453125 0.59375
vt 0.6875 0.59375
vt 0.6875 1
vt 0.453125 1
vt 0 0.39375000000000004
vt 0 0.13828125000000002
vt 0.40625 0.13828125000000002
vt 0.40625 0.39375000000000004
vt 0.493815625 0.4375
vt 0.2718125 0.4375
vt 0.26562625 0.468749375
vt 0.50000125 0.468749375
vt 0.5 0.46875
vt 0.265625 0.46875
vt 0.27181125 0.4375
vt 0.49381375 0.4375
vt 0.453125 0.59375
vt 0.6875 0.59375
vt 0.6875 1
vt 0.453125 1
vt 0 0.39375000000000004
vt 0 0.13828125000000002
vt 0.40625 0.13828125000000002
vt 0.40625 0.39375000000000004
vt 0.493816875 0.4375
vt 0.27181125 0.4375
vt 0.265625625 0.46875
vt 0.500000625 0.46875
vt 0.5 0.46875
vt 0.265625 0.46875
vt 0.271810625 0.4375
vt 0.49381625 0.4375
vt 0.453125 0.59375
vt 0.6875 0.59375
vt 0.6875 1
vt 0.453125 1
vt 0 0.39375000000000004
vt 0 0.13828125000000002
vt 0.40625 0.13828125000000002
vt 0.40625 0.39375000000000004
vt 0.493815 0.4375
vt 0.271808125 0.4375
vt 0.26562375 0.468750625
vt 0.49999875 0.46875
vt 0.5 0.46875
vt 0.265625 0.46875
vt 0.271809375 0.4375
vt 0.493815625 0.4375
vt 0.453125 0.59375
vt 0.6875 0.59375
vt 0.6875 1
vt 0.453125 1
vt 0 0.39375000000000004
vt 0 0.13828125000000002
vt 0.40625 0.13828125000000002
vt 0.40625 0.39375000000000004
vt 0.493815 0.4375
vt 0.271809375 0.4375
vt 0.265625625 0.46875
vt 0.500000625 0.46875
vt 0.5 0.46875
vt 0.265625 0.46875
vt 0.27180875 0.4375
vt 0.493814375 0.4375
vt 0.453125 0.59375
vt 0.6875 0.59375
vt 0.6875 1
vt 0.453125 1
vt 0 0.39375000000000004
vt 0 0.13828125000000002
vt 0.40625 0.13828125000000002
vt 0.40625 0.39375000000000004
vt 0.493815625 0.4375
vt 0.2718125 0.4375
vt 0.26562625 0.468749375
vt 0.50000125 0.468749375
vt 0.49999875 0.46875
vt 0.26562375 0.46875
vt 0.27181 0.4375
vt 0.493813125 0.4375
vt 0.453125 0.59375
vt 0.6875 0.59375
vt 0.6875 1
vt 0.453125 1
vt 0 0.39375000000000004
vt 0 0.13828125000000002
vt 0.40625 0.13828125000000002
vt 0.40625 0.39375000000000004
vt 0.493816875 0.4375
vt 0.27181125 0.4375
vt 0.265625625 0.46875
vt 0.500000625 0.46875
vt 0.499999375 0.46875
vt 0.265624375 0.46875
vt 0.271810625 0.4375
vt 0.49381625 0.4375
vt 0.453125 0.59375
vt 0.6875 0.59375
vt 0.6875 1
vt 0.453125 1
vt 0 0.39375000000000004
vt 0 0.13828125000000002
vt 0.40625 0.13828125000000002
vt 0.40625 0.39375000000000004
vt 0.49381625 0.4375
vt 0.27181 0.4375
vt 0.265625625 0.46875
vt 0.500000625 0.46875
vt 0.50000125 0.46875
vt 0.26562625 0.46875
vt 0.271810625 0.4375
vt 0.4938175 0.4375
vt 0.453125 0.59375
vt 0.6875 0.59375
vt 0.6875 1
vt 0.453125 1
vt 0 0.39375000000000004
vt 0 0.13828125000000002
vt 0.40625 0.13828125000000002
vt 0.40625 0.39375000000000004
vt 0.493815 0.4375
vt 0.271809375 0.4375
vt 0.265625625 0.46875
vt 0.500000625 0.46875
vt 0.499999375 0.46875
vt 0.265624375 0.46875
vt 0.271808125 0.4375
vt 0.493814375 0.4375
vt 0.453125 0.59375
vt 0.6875 0.59375
vt 0.6875 1
vt 0.453125 1
vt 0 0.39375000000000004
vt 0 0.13828125000000002
vt 0.40625 0.13828125000000002
vt 0.40625 0.39375000000000004
vt 0.493814375 0.4375
vt 0.27181125 0.4375
vt 0.265625625 0.46875
vt 0.500000625 0.46875
vt 0.49999875 0.46875
vt 0.26562375 0.46875
vt 0.27181 0.4375
vt 0.493813125 0.4375
vn 0.382683706756226 0 0.923879418854709
vn -0.38268318312828176 0 -0.9238796357485135
vn 0 -1 0
vn 0 1 0
vn 0.7071067811865476 0 0.7071067811865476
vn -0.7071067811865476 0 -0.7071067811865476
vn 0 -1 0
vn 0 1 0
vn 0.923879418854709 0 0.382683706756226
vn -0.9238796357485135 0 -0.38268318312828176
vn 0 -1 0
vn 0 1 0
vn 1 0 0
vn -1 0 0
vn 0 -1 0
vn 0 1 0
vn 0.923879418854709 0 -0.382683706756226
vn -0.9238796357485135 0 0.38268318312828176
vn 0 -1 0
vn 0 1 0
vn 0.7071067811865476 0 -0.7071067811865476
vn -0.7071067811865476 0 0.7071067811865476
vn 0 -1 0
vn 0 1 0
vn 0.382683706756226 0 -0.923879418854709
vn -0.38268318312828176 0 0.9238796357485135
vn 0 -1 0
vn 0 1 0
vn 0 0 -1
vn 0 0 1
vn 0 -1 0
vn 0 1 0
vn -0.382683706756226 0 -0.923879418854709
vn 0.38268318312828176 0 0.9238796357485135
vn 0 -1 0
vn 0 1 0
vn -0.7071067811865476 0 -0.7071067811865476
vn 0.7071067811865476 0 0.7071067811865476
vn 0 -1 0
vn 0 1 0
vn -0.923879418854709 0 -0.382683706756226
vn 0.9238796357485135 0 0.38268318312828176
vn 0 -1 0
vn 0 1 0
vn -1 0 0
vn 1 0 0
vn 0 -1 0
vn 0 1 0
vn -0.923879418854709 0 0.382683706756226
vn 0.9238796357485135 0 -0.38268318312828176
vn 0 -1 0
vn 0 1 0
vn -0.7071067811865476 0 0.7071067811865476
vn 0.7071067811865476 0 -0.7071067811865476
vn 0 -1 0
vn 0 1 0
vn -0.382683706756226 0 0.923879418854709
vn 0.38268318312828176 0 -0.9238796357485135
vn 0 -1 0
vn 0 1 0
vn 0 0 1
vn 0 0 -1
vn 0 -1 0
vn 0 1 0
usemtl m_8ad7ed1f-24b8-7774-e41a-79070d979311
f 1/1/1 5/2/1 6/3/1 2/4/1
f 4/5/2 8/6/2 7/7/2 3/8/2
f 3/9/3 7/10/3 5/11/3 1/12/3
f 2/13/4 6/14/4 8/15/4 4/16/4
f 5/17/5 9/18/5 10/19/5 6/20/5
f 8/21/6 12/22/6 11/23/6 7/24/6
f 7/25/7 11/26/7 9/27/7 5/28/7
f 6/29/8 10/30/8 12/31/8 8/32/8
f 9/33/9 13/34/9 14/35/9 10/36/9
f 12/37/10 16/38/10 15/39/10 11/40/10
f 11/41/11 15/42/11 13/43/11 9/44/11
f 10/45/12 14/46/12 16/47/12 12/48/12
f 13/49/13 17/50/13 18/51/13 14/52/13
f 16/53/14 20/54/14 19/55/14 15/56/14
f 15/57/15 19/58/15 17/59/15 13/60/15
f 14/61/16 18/62/16 20/63/16 16/64/16
f 17/65/17 21/66/17 22/67/17 18/68/17
f 20/69/18 24/70/18 23/71/18 19/72/18
f 19/73/19 23/74/19 21/75/19 17/76/19
f 18/77/20 22/78/20 24/79/20 20/80/20
f 21/81/21 25/82/21 26/83/21 22/84/21
f 24/85/22 28/86/22 27/87/22 23/88/22
f 23/89/23 27/90/23 25/91/23 21/92/23
f 22/93/24 26/94/24 28/95/24 24/96/24
f 25/97/25 29/98/25 30/99/25 26/100/25
f 28/101/26 32/102/26 31/103/26 27/104/26
f 27/105/27 31/106/27 29/107/27 25/108/27
f 26/109/28 30/110/28 32/111/28 28/112/28
f 29/113/29 33/114/29 34/115/29 30/116/29
f 32/117/30 36/118/30 35/119/30 31/120/30
f 31/121/31 35/122/31 33/123/31 29/124/31
f 30/125/32 34/126/32 36/127/32 32/128/32
f 33/129/33 37/130/33 38/131/33 34/132/33
f 36/133/34 40/134/34 39/135/34 35/136/34
f 35/137/35 39/138/35 37/139/35 33/140/35
f 34/141/36 38/142/36 40/143/36 36/144/36
f 37/145/37 41/146/37 42/147/37 38/148/37
f 40/149/38 44/150/38 43/151/38 39/152/38
f 39/153/39 43/154/39 41/155/39 37/156/39
f 38/157/40 42/158/40 44/159/40 40/160/40
f 41/161/41 45/162/41 46/163/41 42/164/41
f 44/165/42 48/166/42 47/167/42 43/168/42
f 43/169/43 47/170/43 45/171/43 41/172/43
f 42/173/44 46/174/44 48/175/44 44/176/44
f 45/177/45 49/178/45 50/179/45 46/180/45
f 48/181/46 52/182/46 51/183/46 47/184/46
f 47/185/47 51/186/47 49/187/47 45/188/47
f 46/189/48 50/190/48 52/191/48 48/192/48
f 49/193/49 53/194/49 54/195/49 50/196/49
f 52/197/50 56/198/50 55/199/50 51/200/50
f 51/201/51 55/202/51 53/203/51 49/204/51
f 50/205/52 54/206/52 56/207/52 52/208/52
f 53/209/53 57/210/53 58/211/53 54/212/53
f 56/213/54 60/214/54 59/215/54 55/216/54
f 55/217/55 59/218/55 57/219/55 53/220/55
f 54/221/56 58/222/56 60/223/56 56/224/56
f 57/225/57 61/226/57 62/227/57 58/228/57
f 60/229/58 64/230/58 63/231/58 59/232/58
f 59/233/59 63/234/59 61/235/59 57/236/59
f 58/237/60 62/238/60 64/239/60 60/240/60
f 61/241/61 1/242/61 2/243/61 62/244/61
f 64/245/62 4/246/62 3/247/62 63/248/62
f 63/249/63 3/250/63 1/251/63 61/252/63
f 62/253/64 2/254/64 4/255/64 64/256/64
o tire
v 0.447553125 0.3125 2.25
v 0.447553125 0.5 2.25
v 0.39726875 0.3125 1.997205
v 0.39726875 0.5 1.997205
v 1.2745225 0.3125 1.907458125
v 1.2745225 0.5 1.907458125
v 1.131325625 0.3125 1.69314875
v 1.131325625 0.5 1.69314875
v 1.907458125 0.3125 1.2745225
v 1.907458125 0.5 1.2745225
v 1.69314875 0.3125 1.131325625
v 1.69314875 0.5 1.131325625
v 2.25 0.3125 0.447553125
v 2.25 0.5 0.447553125
v 1.997205 0.3125 0.39726875
v 1.997205 0.5 0.39726875
v 2.25 0.3125 -0.447553125
v 2.25 0.5 -0.447553125
v 1.997205 0.3125 -0.39726875
v 1.997205 0.5 -0.39726875
v 1.907458125 0.3125 -1.2745225
v 1.907458125 0.5 -1.2745225
v 1.69314875 0.3125 -1.131325625
v 1.69314875 0.5 -1.131325625
v 1.2745225 0.3125 -1.907458125
v 1.2745225 0.5 -1.907458125
v 1.131325625 0.3125 -1.69314875
v 1.131325625 0.5 -1.69314875
v 0.447553125 0.3125 -2.25
v 0.447553125 0.5 -2.25
v 0.39726875 0.3125 -1.997205
v 0.39726875 0.5 -1.997205
v -0.447553125 0.3125 -2.25
v -0.447553125 0.5 -2.25
v -0.39726875 0.3125 -1.997205
v -0.39726875 0.5 -1.997205
v -1.2745225 0.3125 -1.907458125
v -1.2745225 0.5 -1.907458125
v -1.131325625 0.3125 -1.69314875
v -1.131325625 0.5 -1.69314875
v -1.907458125 0.3125 -1.2745225
v -1.907458125 0.5 -1.2745225
v -1.69314875 0.3125 -1.131325625
v -1.69314875 0.5 -1.131325625
v -2.25 0.3125 -0.447553125
v -2.25 0.5 -0.447553125
v -1.997205 0.3125 -0.39726875
v -1.997205 0.5 -0.39726875
v -2.25 0.3125 0.447553125
v -2.25 0.5 0.447553125
v -1.997205 0.3125 0.39726875
v -1.997205 0.5 0.39726875
v -1.907458125 0.3125 1.2745225
v -1.907458125 0.5 1.2745225
v -1.69314875 0.3125 1.131325625
v -1.69314875 0.5 1.131325625
v -1.2745225 0.3125 1.907458125
v -1.2745225 0.5 1.907458125
v -1.131325625 0.3125 1.69314875
v -1.131325625 0.5 1.69314875
v -0.447553125 0.3125 2.25
v -0.447553125 0.5 2.25
v -0.39726875 0.3125 1.997205
v -0.39726875 0.5 1.997205
vt 0 0.546875
vt 0.21875 0.546875
vt 0.21875 0.59375
vt 0 0.59375
vt 0.203125 0.640625
vt 0 0.640625
vt 0 0.59375
vt 0.203125 0.59375
vt 0.328124375 0.73103875
vt 0.328125 0.925210625
vt 0.265625 0.9375
vt 0.265625 0.71875
vt 0.265625 0.9375
vt 0.265625 0.71875
vt 0.328125 0.7310393749999999
vt 0.328125 0.92521125
vt 0 0.546875
vt 0.21875 0.546875
vt 0.21875 0.59375
vt 0 0.59375
vt 0.203125 0.640625
vt 0 0.640625
vt 0 0.59375
vt 0.203125 0.59375
vt 0.328124375 0.7310375
vt 0.328125 0.9252125
vt 0.265625625 0.9375
vt 0.265625 0.71875
vt 0.265625 0.9375
vt 0.265625 0.71875
vt 0.328125 0.7310375
vt 0.328125 0.9252125
vt 0 0.546875
vt 0.21875 0.546875
vt 0.21875 0.59375
vt 0 0.59375
vt 0.203125 0.640625
vt 0 0.640625
vt 0 0.59375
vt 0.203125 0.59375
vt 0.328124375 0.7310393749999999
vt 0.328125 0.925211875
vt 0.265625 0.9375
vt 0.265625 0.71875
vt 0.265625 0.9375
vt 0.265625 0.71875
vt 0.328125 0.731038125
vt 0.328124375 0.925210625
vt 0 0.546875
vt 0.21875 0.546875
vt 0.21875 0.59375
vt 0 0.59375
vt 0.203125 0.640625
vt 0 0.640625
vt 0 0.59375
vt 0.203125 0.59375
vt 0.328124375 0.7310393749999999
vt 0.328125 0.925211875
vt 0.265625625 0.9375
vt 0.265625 0.71875
vt 0.265625625 0.9375
vt 0.265625 0.71875
vt 0.328124375 0.731038125
vt 0.328125 0.925210625
vt 0 0.546875
vt 0.21875 0.546875
vt 0.21875 0.59375
vt 0 0.59375
vt 0.203125 0.640625
vt 0 0.640625
vt 0 0.59375
vt 0.203125 0.59375
vt 0.328125 0.7310393749999999
vt 0.328125 0.925210625
vt 0.265625 0.9375
vt 0.265625 0.71875
vt 0.265625625 0.9375
vt 0.265625 0.71875
vt 0.328125 0.7310393749999999
vt 0.328125 0.925210625
vt 0 0.546875
vt 0.21875 0.546875
vt 0.21875 0.59375
vt 0 0.59375
vt 0.203125 0.640625
vt 0 0.640625
vt 0 0.59375
vt 0.203125 0.59375
vt 0.328125 0.7310375
vt 0.328125 0.9252125
vt 0.265625 0.9375
vt 0.265625 0.71875
vt 0.265625625 0.9375
vt 0.265625 0.71875
vt 0.328124375 0.7310375
vt 0.328125 0.9252125
vt 0 0.546875
vt 0.21875 0.546875
vt 0.21875 0.59375
vt 0 0.59375
vt 0.203125 0.640625
vt 0 0.640625
vt 0 0.59375
vt 0.203125 0.59375
vt 0.328125 0.7310393749999999
vt 0.328125 0.9252125
vt 0.265625 0.9375
vt 0.265625625 0.71875
vt 0.265625625 0.9375
vt 0.265625 0.71875
vt 0.328125 0.7310375
vt 0.328125 0.925210625
vt 0 0.546875
vt 0.21875 0.546875
vt 0.21875 0.59375
vt 0 0.59375
vt 0.203125 0.640625
vt 0 0.640625
vt 0 0.59375
vt 0.203125 0.59375
vt 0.328125 0.7310393749999999
vt 0.328125 0.925211875
vt 0.265625 0.9375
vt 0.265625 0.71875
vt 0.265625 0.9375
vt 0.265625 0.71875
vt 0.328125 0.731038125
vt 0.328125 0.925210625
vt 0 0.546875
vt 0.21875 0.546875
vt 0.21875 0.59375
vt 0 0.59375
vt 0.203125 0.640625
vt 0 0.640625
vt 0 0.59375
vt 0.203125 0.59375
vt 0.328124375 0.73103875
vt 0.328125 0.925210625
vt 0.265625 0.9375
vt 0.265625 0.71875
vt 0.265625 0.9375
vt 0.265625 0.71875
vt 0.328125 0.7310393749999999
vt 0.328125 0.92521125
vt 0 0.546875
vt 0.21875 0.546875
vt 0.21875 0.59375
vt 0 0.59375
vt 0.203125 0.640625
vt 0 0.640625
vt 0 0.59375
vt 0.203125 0.59375
vt 0.328124375 0.7310375
vt 0.328125 0.9252125
vt 0.265625625 0.9375
vt 0.265625 0.71875
vt 0.265625 0.9375
vt 0.265625 0.71875
vt 0.328125 0.7310375
vt 0.328125 0.9252125
vt 0 0.546875
vt 0.21875 0.546875
vt 0.21875 0.59375
vt 0 0.59375
vt 0.203125 0.640625
vt 0 0.640625
vt 0 0.59375
vt 0.203125 0.59375
vt 0.328124375 0.7310393749999999
vt 0.328125 0.925211875
vt 0.265625 0.9375
vt 0.265625 0.71875
vt 0.265625 0.9375
vt 0.265625 0.71875
vt 0.328125 0.731038125
vt 0.328124375 0.925210625
vt 0 0.546875
vt 0.21875 0.546875
vt 0.21875 0.59375
vt 0 0.59375
vt 0.203125 0.640625
vt 0 0.640625
vt 0 0.59375
vt 0.203125 0.59375
vt 0.328124375 0.7310393749999999
vt 0.328125 0.925211875
vt 0.265625625 0.9375
vt 0.265625 0.71875
vt 0.265625625 0.9375
vt 0.265625 0.71875
vt 0.328124375 0.731038125
vt 0.328125 0.925210625
vt 0 0.546875
vt 0.21875 0.546875
vt 0.21875 0.59375
vt 0 0.59375
vt 0.203125 0.640625
vt 0 0.640625
vt 0 0.59375
vt 0.203125 0.59375
vt 0.328125 0.7310393749999999
vt 0.328125 0.925210625
vt 0.265625 0.9375
vt 0.265625 0.71875
vt 0.265625625 0.9375
vt 0.265625 0.71875
vt 0.328125 0.7310393749999999
vt 0.328125 0.925210625
vt 0 0.546875
vt 0.21875 0.546875
vt 0.21875 0.59375
vt 0 0.59375
vt 0.203125 0.640625
vt 0 0.640625
vt 0 0.59375
vt 0.203125 0.59375
vt 0.328125 0.7310375
vt 0.328125 0.9252125
vt 0.265625 0.9375
vt 0.265625 0.71875
vt 0.265625625 0.9375
vt 0.265625 0.71875
vt 0.328124375 0.7310375
vt 0.328125 0.9252125
vt 0 0.546875
vt 0.21875 0.546875
vt 0.21875 0.59375
vt 0 0.59375
vt 0.203125 0.640625
vt 0 0.640625
vt 0 0.59375
vt 0.203125 0.59375
vt 0.328125 0.7310393749999999
vt 0.328125 0.9252125
vt 0.265625 0.9375
vt 0.265625625 0.71875
vt 0.265625625 0.9375
vt 0.265625 0.71875
vt 0.328125 0.7310375
vt 0.328125 0.925210625
vt 0 0.546875
vt 0.21875 0.546875
vt 0.21875 0.59375
vt 0 0.59375
vt 0.203125 0.640625
vt 0 0.640625
vt 0 0.59375
vt 0.203125 0.59375
vt 0.328125 0.7310393749999999
vt 0.328125 0.925211875
vt 0.265625 0.9375
vt 0.265625 0.71875
vt 0.265625 0.9375
vt 0.265625 0.71875
vt 0.328125 0.731038125
vt 0.328125 0.925210625
vn 0.382683379162824 0 0.9238795545483851
vn -0.38268336449417917 0 -0.9238795606243356
vn 0 -1 0
vn 0 1 0
vn 0.7071067811865476 0 0.7071067811865476
vn -0.7071067811865476 0 -0.7071067811865476
vn 0 -1 0
vn 0 1 0
vn 0.9238795545483851 0 0.382683379162824
vn -0.9238795606243356 0 -0.38268336449417917
vn 0 -1 0
vn 0 1 0
vn 1 0 0
vn -1 0 0
vn 0 -1 0
vn 0 1 0
vn 0.9238795545483851 0 -0.382683379162824
vn -0.9238795606243356 0 0.38268336449417917
vn 0 -1 0
vn 0 1 0
vn 0.7071067811865476 0 -0.7071067811865476
vn -0.7071067811865476 0 0.7071067811865476
vn 0 -1 0
vn 0 1 0
vn 0.382683379162824 0 -0.9238795545483851
vn -0.38268336449417917 0 0.9238795606243356
vn 0 -1 0
vn 0 1 0
vn 0 0 -1
vn 0 0 1
vn 0 -1 0
vn 0 1 0
vn -0.382683379162824 0 -0.9238795545483851
vn 0.38268336449417917 0 0.9238795606243356
vn 0 -1 0
vn 0 1 0
vn -0.7071067811865476 0 -0.7071067811865476
vn 0.7071067811865476 0 0.7071067811865476
vn 0 -1 0
vn 0 1 0
vn -0.9238795545483851 0 -0.382683379162824
vn 0.9238795606243356 0 0.38268336449417917
vn 0 -1 0
vn 0 1 0
vn -1 0 0
vn 1 0 0
vn 0 -1 0
vn 0 1 0
vn -0.9238795545483851 0 0.382683379162824
vn 0.9238795606243356 0 -0.38268336449417917
vn 0 -1 0
vn 0 1 0
vn -0.7071067811865476 0 0.7071067811865476
vn 0.7071067811865476 0 -0.7071067811865476
vn 0 -1 0
vn 0 1 0
vn -0.382683379162824 0 0.9238795545483851
vn 0.38268336449417917 0 -0.9238795606243356
vn 0 -1 0
vn 0 1 0
vn 0 0 1
vn 0 0 -1
vn 0 -1 0
vn 0 1 0
usemtl m_8ad7ed1f-24b8-7774-e41a-79070d979311
f 65/257/65 69/258/65 70/259/65 66/260/65
f 68/261/66 72/262/66 71/263/66 67/264/66
f 67/265/67 71/266/67 69/267/67 65/268/67
f 66/269/68 70/270/68 72/271/68 68/272/68
f 69/273/69 73/274/69 74/275/69 70/276/69
f 72/277/70 76/278/70 75/279/70 71/280/70
f 71/281/71 75/282/71 73/283/71 69/284/71
f 70/285/72 74/286/72 76/287/72 72/288/72
f 73/289/73 77/290/73 78/291/73 74/292/73
f 76/293/74 80/294/74 79/295/74 75/296/74
f 75/297/75 79/298/75 77/299/75 73/300/75
f 74/301/76 78/302/76 80/303/76 76/304/76
f 77/305/77 81/306/77 82/307/77 78/308/77
f 80/309/78 84/310/78 83/311/78 79/312/78
f 79/313/79 83/314/79 81/315/79 77/316/79
f 78/317/80 82/318/80 84/319/80 80/320/80
f 81/321/81 85/322/81 86/323/81 82/324/81
f 84/325/82 88/326/82 87/327/82 83/328/82
f 83/329/83 87/330/83 85/331/83 81/332/83
f 82/333/84 86/334/84 88/335/84 84/336/84
f 85/337/85 89/338/85 90/339/85 86/340/85
f 88/341/86 92/342/86 91/343/86 87/344/86
f 87/345/87 91/346/87 89/347/87 85/348/87
f 86/349/88 90/350/88 92/351/88 88/352/88
f 89/353/89 93/354/89 94/355/89 90/356/89
f 92/357/90 96/358/90 95/359/90 91/360/90
f 91/361/91 95/362/91 93/363/91 89/364/91
f 90/365/92 94/366/92 96/367/92 92/368/92
f 93/369/93 97/370/93 98/371/93 94/372/93
f 96/373/94 100/374/94 99/375/94 95/376/94
f 95/377/95 99/378/95 97/379/95 93/380/95
f 94/381/96 98/382/96 100/383/96 96/384/96
f 97/385/97 101/386/97 102/387/97 98/388/97
f 100/389/98 104/390/98 103/391/98 99/392/98
f 99/393/99 103/394/99 101/395/99 97/396/99
f 98/397/100 102/398/100 104/399/100 100/400/100
f 101/401/101 105/402/101 106/403/101 102/404/101
f 104/405/102 108/406/102 107/407/102 103/408/102
f 103/409/103 107/410/103 105/411/103 101/412/103
f 102/413/104 106/414/104 108/415/104 104/416/104
f 105/417/105 109/418/105 110/419/105 106/420/105
f 108/421/106 112/422/106 111/423/106 107/424/106
f 107/425/107 111/426/107 109/427/107 105/428/107
f 106/429/108 110/430/108 112/431/108 108/432/108
f 109/433/109 113/434/109 114/435/109 110/436/109
f 112/437/110 116/438/110 115/439/110 111/440/110
f 111/441/111 115/442/111 113/443/111 109/444/111
f 110/445/112 114/446/112 116/447/112 112/448/112
f 113/449/113 117/450/113 118/451/113 114/452/113
f 116/453/114 120/454/114 119/455/114 115/456/114
f 115/457/115 119/458/115 117/459/115 113/460/115
f 114/461/116 118/462/116 120/463/116 116/464/116
f 117/465/117 121/466/117 122/467/117 118/468/117
f 120/469/118 124/470/118 123/471/118 119/472/118
f 119/473/119 123/474/119 121/475/119 117/476/119
f 118/477/120 122/478/120 124/479/120 120/480/120
f 121/481/121 125/482/121 126/483/121 122/484/121
f 124/485/122 128/486/122 127/487/122 123/488/122
f 123/489/123 127/490/123 125/491/123 121/492/123
f 122/493/124 126/494/124 128/495/124 124/496/124
f 125/497/125 65/498/125 66/499/125 126/500/125
f 128/501/126 68/502/126 67/503/126 127/504/126
f 127/505/127 67/506/127 65/507/127 125/508/127
f 126/509/128 66/510/128 68/511/128 128/512/128
o tire
v 0.447553125 -0.5 2.25
v 0.447553125 -0.3125 2.25
v 0.39726875 -0.5 1.997205
v 0.39726875 -0.3125 1.997205
v 1.2745225 -0.5 1.907458125
v 1.2745225 -0.3125 1.907458125
v 1.131325625 -0.5 1.69314875
v 1.131325625 -0.3125 1.69314875
v 1.907458125 -0.5 1.2745225
v 1.907458125 -0.3125 1.2745225
v 1.69314875 -0.5 1.131325625
v 1.69314875 -0.3125 1.131325625
v 2.25 -0.5 0.447553125
v 2.25 -0.3125 0.447553125
v 1.997205 -0.5 0.39726875
v 1.997205 -0.3125 0.39726875
v 2.25 -0.5 -0.447553125
v 2.25 -0.3125 -0.447553125
v 1.997205 -0.5 -0.39726875
v 1.997205 -0.3125 -0.39726875
v 1.907458125 -0.5 -1.2745225
v 1.907458125 -0.3125 -1.2745225
v 1.69314875 -0.5 -1.131325625
v 1.69314875 -0.3125 -1.131325625
v 1.2745225 -0.5 -1.907458125
v 1.2745225 -0.3125 -1.907458125
v 1.131325625 -0.5 -1.69314875
v 1.131325625 -0.3125 -1.69314875
v 0.447553125 -0.5 -2.25
v 0.447553125 -0.3125 -2.25
v 0.39726875 -0.5 -1.997205
v 0.39726875 -0.3125 -1.997205
v -0.447553125 -0.5 -2.25
v -0.447553125 -0.3125 -2.25
v -0.39726875 -0.5 -1.997205
v -0.39726875 -0.3125 -1.997205
v -1.2745225 -0.5 -1.907458125
v -1.2745225 -0.3125 -1.907458125
v -1.131325625 -0.5 -1.69314875
v -1.131325625 -0.3125 -1.69314875
v -1.907458125 -0.5 -1.2745225
v -1.907458125 -0.3125 -1.2745225
v -1.69314875 -0.5 -1.131325625
v -1.69314875 -0.3125 -1.131325625
v -2.25 -0.5 -0.447553125
v -2.25 -0.3125 -0.447553125
v -1.997205 -0.5 -0.39726875
v -1.997205 -0.3125 -0.39726875
v -2.25 -0.5 0.447553125
v -2.25 -0.3125 0.447553125
v -1.997205 -0.5 0.39726875
v -1.997205 -0.3125 0.39726875
v -1.907458125 -0.5 1.2745225
v -1.907458125 -0.3125 1.2745225
v -1.69314875 -0.5 1.131325625
v -1.69314875 -0.3125 1.131325625
v -1.2745225 -0.5 1.907458125
v -1.2745225 -0.3125 1.907458125
v -1.131325625 -0.5 1.69314875
v -1.131325625 -0.3125 1.69314875
v -0.447553125 -0.5 2.25
v -0.447553125 -0.3125 2.25
v -0.39726875 -0.5 1.997205
v -0.39726875 -0.3125 1.997205
vt 0 0.546875
vt 0.21875 0.546875
vt 0.21875 0.59375
vt 0 0.59375
vt 0.203125 0.640625
vt 0 0.640625
vt 0 0.59375
vt 0.203125 0.59375
vt 0.328124375 0.73103875
vt 0.328125 0.925210625
vt 0.265625 0.9375
vt 0.265625 0.71875
vt 0.265625 0.9375
vt 0.265625 0.71875
vt 0.328125 0.7310393749999999
vt 0.328125 0.92521125
vt 0 0.546875
vt 0.21875 0.546875
vt 0.21875 0.59375
vt 0 0.59375
vt 0.203125 0.640625
vt 0 0.640625
vt 0 0.59375
vt 0.203125 0.59375
vt 0.328124375 0.7310375
vt 0.328125 0.9252125
vt 0.265625625 0.9375
vt 0.265625 0.71875
vt 0.265625 0.9375
vt 0.265625 0.71875
vt 0.328125 0.7310375
vt 0.328125 0.9252125
vt 0 0.546875
vt 0.21875 0.546875
vt 0.21875 0.59375
vt 0 0.59375
vt 0.203125 0.640625
vt 0 0.640625
vt 0 0.59375
vt 0.203125 0.59375
vt 0.328124375 0.7310393749999999
vt 0.328125 0.925211875
vt 0.265625 0.9375
vt 0.265625 0.71875
vt 0.265625 0.9375
vt 0.265625 0.71875
vt 0.328125 0.731038125
vt 0.328124375 0.925210625
vt 0 0.546875
vt 0.21875 0.546875
vt 0.21875 0.59375
vt 0 0.59375
vt 0.203125 0.640625
vt 0 0.640625
vt 0 0.59375
vt 0.203125 0.59375
vt 0.328124375 0.7310393749999999
vt 0.328125 0.925211875
vt 0.265625625 0.9375
vt 0.265625 0.71875
vt 0.265625625 0.9375
vt 0.265625 0.71875
vt 0.328124375 0.731038125
vt 0.328125 0.925210625
vt 0 0.546875
vt 0.21875 0.546875
vt 0.21875 0.59375
vt 0 0.59375
vt 0.203125 0.640625
vt 0 0.640625
vt 0 0.59375
vt 0.203125 0.59375
vt 0.328125 0.7310393749999999
vt 0.328125 0.925210625
vt 0.265625 0.9375
vt 0.265625 0.71875
vt 0.265625625 0.9375
vt 0.265625 0.71875
vt 0.328125 0.7310393749999999
vt 0.328125 0.925210625
vt 0 0.546875
vt 0.21875 0.546875
vt 0.21875 0.59375
vt 0 0.59375
vt 0.203125 0.640625
vt 0 0.640625
vt 0 0.59375
vt 0.203125 0.59375
vt 0.328125 0.7310375
vt 0.328125 0.9252125
vt 0.265625 0.9375
vt 0.265625 0.71875
vt 0.265625625 0.9375
vt 0.265625 0.71875
vt 0.328124375 0.7310375
vt 0.328125 0.9252125
vt 0 0.546875
vt 0.21875 0.546875
vt 0.21875 0.59375
vt 0 0.59375
vt 0.203125 0.640625
vt 0 0.640625
vt 0 0.59375
vt 0.203125 0.59375
vt 0.328125 0.7310393749999999
vt 0.328125 0.9252125
vt 0.265625 0.9375
vt 0.265625625 0.71875
vt 0.265625625 0.9375
vt 0.265625 0.71875
vt 0.328125 0.7310375
vt 0.328125 0.925210625
vt 0 0.546875
vt 0.21875 0.546875
vt 0.21875 0.59375
vt 0 0.59375
vt 0.203125 0.640625
vt 0 0.640625
vt 0 0.59375
vt 0.203125 0.59375
vt 0.328125 0.7310393749999999
vt 0.328125 0.925211875
vt 0.265625 0.9375
vt 0.265625 0.71875
vt 0.265625 0.9375
vt 0.265625 0.71875
vt 0.328125 0.731038125
vt 0.328125 0.925210625
vt 0 0.546875
vt 0.21875 0.546875
vt 0.21875 0.59375
vt 0 0.59375
vt 0.203125 0.640625
vt 0 0.640625
vt 0 0.59375
vt 0.203125 0.59375
vt 0.328124375 0.73103875
vt 0.328125 0.925210625
vt 0.265625 0.9375
vt 0.265625 0.71875
vt 0.265625 0.9375
vt 0.265625 0.71875
vt 0.328125 0.7310393749999999
vt 0.328125 0.92521125
vt 0 0.546875
vt 0.21875 0.546875
vt 0.21875 0.59375
vt 0 0.59375
vt 0.203125 0.640625
vt 0 0.640625
vt 0 0.59375
vt 0.203125 0.59375
vt 0.328124375 0.7310375
vt 0.328125 0.9252125
vt 0.265625625 0.9375
vt 0.265625 0.71875
vt 0.265625 0.9375
vt 0.265625 0.71875
vt 0.328125 0.7310375
vt 0.328125 0.9252125
vt 0 0.546875
vt 0.21875 0.546875
vt 0.21875 0.59375
vt 0 0.59375
vt 0.203125 0.640625
vt 0 0.640625
vt 0 0.59375
vt 0.203125 0.59375
vt 0.328124375 0.7310393749999999
vt 0.328125 0.925211875
vt 0.265625 0.9375
vt 0.265625 0.71875
vt 0.265625 0.9375
vt 0.265625 0.71875
vt 0.328125 0.731038125
vt 0.328124375 0.925210625
vt 0 0.546875
vt 0.21875 0.546875
vt 0.21875 0.59375
vt 0 0.59375
vt 0.203125 0.640625
vt 0 0.640625
vt 0 0.59375
vt 0.203125 0.59375
vt 0.328124375 0.7310393749999999
vt 0.328125 0.925211875
vt 0.265625625 0.9375
vt 0.265625 0.71875
vt 0.265625625 0.9375
vt 0.265625 0.71875
vt 0.328124375 0.731038125
vt 0.328125 0.925210625
vt 0 0.546875
vt 0.21875 0.546875
vt 0.21875 0.59375
vt 0 0.59375
vt 0.203125 0.640625
vt 0 0.640625
vt 0 0.59375
vt 0.203125 0.59375
vt 0.328125 0.7310393749999999
vt 0.328125 0.925210625
vt 0.265625 0.9375
vt 0.265625 0.71875
vt 0.265625625 0.9375
vt 0.265625 0.71875
vt 0.328125 0.7310393749999999
vt 0.328125 0.925210625
vt 0.25 0.46875
vt 0.46875 0.46875
vt 0.46875 0.515625
vt 0.25 0.515625
vt 0.203125 0.640625
vt 0 0.640625
vt 0 0.59375
vt 0.203125 0.59375
vt 0.328125 0.7310375
vt 0.328125 0.9252125
vt 0.265625 0.9375
vt 0.265625 0.71875
vt 0.265625625 0.9375
vt 0.265625 0.71875
vt 0.328124375 0.7310375
vt 0.328125 0.9252125
vt 0 0.546875
vt 0.21875 0.546875
vt 0.21875 0.59375
vt 0 0.59375
vt 0.203125 0.640625
vt 0 0.640625
vt 0 0.59375
vt 0.203125 0.59375
vt 0.328125 0.7310393749999999
vt 0.328125 0.9252125
vt 0.265625 0.9375
vt 0.265625625 0.71875
vt 0.265625625 0.9375
vt 0.265625 0.71875
vt 0.328125 0.7310375
vt 0.328125 0.925210625
vt 0 0.546875
vt 0.21875 0.546875
vt 0.21875 0.59375
vt 0 0.59375
vt 0.203125 0.640625
vt 0 0.640625
vt 0 0.59375
vt 0.203125 0.59375
vt 0.328125 0.7310393749999999
vt 0.328125 0.925211875
vt 0.265625 0.9375
vt 0.265625 0.71875
vt 0.265625 0.9375
vt 0.265625 0.71875
vt 0.328125 0.731038125
vt 0.328125 0.925210625
vn 0.382683379162824 0 0.9238795545483851
vn -0.38268336449417917 0 -0.9238795606243356
vn 0 -1 0
vn 0 1 0
vn 0.7071067811865476 0 0.7071067811865476
vn -0.7071067811865476 0 -0.7071067811865476
vn 0 -1 0
vn 0 1 0
vn 0.9238795545483851 0 0.382683379162824
vn -0.9238795606243356 0 -0.38268336449417917
vn 0 -1 0
vn 0 1 0
vn 1 0 0
vn -1 0 0
vn 0 -1 0
vn 0 1 0
vn 0.9238795545483851 0 -0.382683379162824
vn -0.9238795606243356 0 0.38268336449417917
vn 0 -1 0
vn 0 1 0
vn 0.7071067811865476 0 -0.7071067811865476
vn -0.7071067811865476 0 0.7071067811865476
vn 0 -1 0
vn 0 1 0
vn 0.382683379162824 0 -0.9238795545483851
vn -0.38268336449417917 0 0.9238795606243356
vn 0 -1 0
vn 0 1 0
vn 0 0 -1
vn 0 0 1
vn 0 -1 0
vn 0 1 0
vn -0.382683379162824 0 -0.9238795545483851
vn 0.38268336449417917 0 0.9238795606243356
vn 0 -1 0
vn 0 1 0
vn -0.7071067811865476 0 -0.7071067811865476
vn 0.7071067811865476 0 0.7071067811865476
vn 0 -1 0
vn 0 1 0
vn -0.9238795545483851 0 -0.382683379162824
vn 0.9238795606243356 0 0.38268336449417917
vn 0 -1 0
vn 0 1 0
vn -1 0 0
vn 1 0 0
vn 0 -1 0
vn 0 1 0
vn -0.9238795545483851 0 0.382683379162824
vn 0.9238795606243356 0 -0.38268336449417917
vn 0 -1 0
vn 0 1 0
vn -0.7071067811865476 0 0.7071067811865476
vn 0.7071067811865476 0 -0.7071067811865476
vn 0 -1 0
vn 0 1 0
vn -0.382683379162824 0 0.9238795545483851
vn 0.38268336449417917 0 -0.9238795606243356
vn 0 -1 0
vn 0 1 0
vn 0 0 1
vn 0 0 -1
vn 0 -1 0
vn 0 1 0
usemtl m_8ad7ed1f-24b8-7774-e41a-79070d979311
f 129/513/129 133/514/129 134/515/129 130/516/129
f 132/517/130 136/518/130 135/519/130 131/520/130
f 131/521/131 135/522/131 133/523/131 129/524/131
f 130/525/132 134/526/132 136/527/132 132/528/132
f 133/529/133 137/530/133 138/531/133 134/532/133
f 136/533/134 140/534/134 139/535/134 135/536/134
f 135/537/135 139/538/135 137/539/135 133/540/135
f 134/541/136 138/542/136 140/543/136 136/544/136
f 137/545/137 141/546/137 142/547/137 138/548/137
f 140/549/138 144/550/138 143/551/138 139/552/138
f 139/553/139 143/554/139 141/555/139 137/556/139
f 138/557/140 142/558/140 144/559/140 140/560/140
f 141/561/141 145/562/141 146/563/141 142/564/141
f 144/565/142 148/566/142 147/567/142 143/568/142
f 143/569/143 147/570/143 145/571/143 141/572/143
f 142/573/144 146/574/144 148/575/144 144/576/144
f 145/577/145 149/578/145 150/579/145 146/580/145
f 148/581/146 152/582/146 151/583/146 147/584/146
f 147/585/147 151/586/147 149/587/147 145/588/147
f 146/589/148 150/590/148 152/591/148 148/592/148
f 149/593/149 153/594/149 154/595/149 150/596/149
f 152/597/150 156/598/150 155/599/150 151/600/150
f 151/601/151 155/602/151 153/603/151 149/604/151
f 150/605/152 154/606/152 156/607/152 152/608/152
f 153/609/153 157/610/153 158/611/153 154/612/153
f 156/613/154 160/614/154 159/615/154 155/616/154
f 155/617/155 159/618/155 157/619/155 153/620/155
f 154/621/156 158/622/156 160/623/156 156/624/156
f 157/625/157 161/626/157 162/627/157 158/628/157
f 160/629/158 164/630/158 163/631/158 159/632/158
f 159/633/159 163/634/159 161/635/159 157/636/159
f 158/637/160 162/638/160 164/639/160 160/640/160
f 161/641/161 165/642/161 166/643/161 162/644/161
f 164/645/162 168/646/162 167/647/162 163/648/162
f 163/649/163 167/650/163 165/651/163 161/652/163
f 162/653/164 166/654/164 168/655/164 164/656/164
f 165/657/165 169/658/165 170/659/165 166/660/165
f 168/661/166 172/662/166 171/663/166 167/664/166
f 167/665/167 171/666/167 169/667/167 165/668/167
f 166/669/168 170/670/168 172/671/168 168/672/168
f 169/673/169 173/674/169 174/675/169 170/676/169
f 172/677/170 176/678/170 175/679/170 171/680/170
f 171/681/171 175/682/171 173/683/171 169/684/171
f 170/685/172 174/686/172 176/687/172 172/688/172
f 173/689/173 177/690/173 178/691/173 174/692/173
f 176/693/174 180/694/174 179/695/174 175/696/174
f 175/697/175 179/698/175 177/699/175 173/700/175
f 174/701/176 178/702/176 180/703/176 176/704/176
f 177/705/177 181/706/177 182/707/177 178/708/177
f 180/709/178 184/710/178 183/711/178 179/712/178
f 179/713/179 183/714/179 181/715/179 177/716/179
f 178/717/180 182/718/180 184/719/180 180/720/180
f 181/721/181 185/722/181 186/723/181 182/724/181
f 184/725/182 188/726/182 187/727/182 183/728/182
f 183/729/183 187/730/183 185/731/183 181/732/183
f 182/733/184 186/734/184 188/735/184 184/736/184
f 185/737/185 189/738/185 190/739/185 186/740/185
f 188/741/186 192/742/186 191/743/186 187/744/186
f 187/745/187 191/746/187 189/747/187 185/748/187
f 186/749/188 190/750/188 192/751/188 188/752/188
f 189/753/189 129/754/189 130/755/189 190/756/189
f 192/757/190 132/758/190 131/759/190 191/760/190
f 191/761/191 131/762/191 129/763/191 189/764/191
f 190/765/192 130/766/192 132/767/192 192/768/192
o tire
v 2.40625 -0.8191490687547387 -0.22087579636867058
v 2.40625 -0.7703105187859145 -0.49785297690335406
v 2.375 -0.8191490687547387 -0.22087579636867058
v 2.375 -0.7703105187859145 -0.49785297690335406
v 2.406249999999999 0.7811635298900992 0.06130249234009119
v 2.406249999999999 0.8300020798589234 -0.21567468819459232
v 2.374999999999999 0.7811635298900992 0.06130249234009119
v 2.374999999999999 0.8300020798589234 -0.21567468819459232
vt 0.171875 0.71875
vt 0.171875 0.734375
vt 0.09375 0.734375
vt 0.09375 0.71875
vt 0.171875 0.71875
vt 0.171875 0.734375
vt 0.09375 0.734375
vt 0.09375 0.71875
vt 0.40625 0.640625
vt 0.40625 0.71875
vt 0 0.71875
vt 0 0.640625
vt 0.40625 0.640625
vt 0.40625 0.71875
vt 0 0.71875
vt 0 0.640625
vt 0.40625 0.421875
vt 0.40625 0.4375
vt 0 0.4375
vt 0 0.421875
vt 0.40625 0.421875
vt 0.40625 0.4375
vt 0 0.4375
vt 0 0.421875
vn 3.3282657779280604e-16 -0.984807753012208 -0.17364817766693036
vn -3.3282657779280604e-16 0.984807753012208 0.17364817766693036
vn 1 3.280068726670554e-16 5.78364615090078e-17
vn -1 -3.280068726670554e-16 -5.78364615090078e-17
vn 3.050255545341986e-17 -0.1736481776669304 0.9848077530122081
vn -3.050255545341986e-17 0.1736481776669304 -0.9848077530122081
usemtl m_8ad7ed1f-24b8-7774-e41a-79070d979311
f 196/769/193 194/770/193 193/771/193 195/772/193
f 199/773/194 197/774/194 198/775/194 200/776/194
f 193/777/195 194/778/195 198/779/195 197/780/195
f 196/781/196 195/782/196 199/783/196 200/784/196
f 195/785/197 193/786/197 197/787/197 199/788/197
f 200/789/198 198/790/198 194/791/198 196/792/198
o tire
v 2.40625 -0.8300020798589218 0.27817468819459246
v 2.40625 -0.7811635298900976 0.0011975076599089196
v 2.375 -0.8300020798589218 0.27817468819459246
v 2.375 -0.7811635298900976 0.0011975076599089196
v 2.406249999999999 0.770310518785916 0.5603529769033542
v 2.406249999999999 0.8191490687547403 0.2833757963686707
v 2.374999999999999 0.770310518785916 0.5603529769033542
v 2.374999999999999 0.8191490687547403 0.2833757963686707
vt 0.171875 0.71875
vt 0.171875 0.734375
vt 0.09375 0.734375
vt 0.09375 0.71875
vt 0.171875 0.71875
vt 0.171875 0.734375
vt 0.09375 0.734375
vt 0.09375 0.71875
vt 0.40625 0.640625
vt 0.40625 0.71875
vt 0 0.71875
vt 0 0.640625
vt 0.40625 0.640625
vt 0.40625 0.71875
vt 0 0.71875
vt 0 0.640625
vt 0.40625 0.421875
vt 0.40625 0.4375
vt 0 0.4375
vt 0 0.421875
vt 0.40625 0.421875
vt 0.40625 0.4375
vt 0 0.4375
vt 0 0.421875
vn 3.3282657779280604e-16 -0.984807753012208 -0.17364817766693036
vn -3.3282657779280604e-16 0.984807753012208 0.17364817766693036
vn 1 3.280068726670554e-16 5.78364615090078e-17
vn -1 -3.280068726670554e-16 -5.78364615090078e-17
vn 3.050255545341986e-17 -0.1736481776669304 0.9848077530122081
vn -3.050255545341986e-17 0.1736481776669304 -0.9848077530122081
usemtl m_8ad7ed1f-24b8-7774-e41a-79070d979311
f 204/793/199 202/794/199 201/795/199 203/796/199
f 207/797/200 205/798/200 206/799/200 208/800/200
f 201/801/201 202/802/201 206/803/201 205/804/201
f 204/805/202 203/806/202 207/807/202 208/808/202
f 203/809/203 201/810/203 205/811/203 207/812/203
f 208/813/204 206/814/204 202/815/204 204/816/204
o tire
v 2.1385590751643373 -0.8191517311629202 -1.12489373469706
v 2.0325645581657157 -0.7703133456697189 -1.380787339479685
v 2.109687838713407 -0.8191516968435762 -1.1129348799946523
v 2.003693321714785 -0.770313311350375 -1.3688284847772774
v 2.246545268166748 0.7811610350447964 -0.8641965301983293
v 2.1405507511681265 0.8299994205379977 -1.1200901349809544
v 2.2176740317158177 0.7811610693641403 -0.8522376754959218
v 2.111679514717196 0.8299994548573416 -1.1081312802785468
vt 0.171875 0.71875
vt 0.171875 0.734375
vt 0.09375 0.734375
vt 0.09375 0.71875
vt 0.171875 0.71875
vt 0.171875 0.734375
vt 0.09375 0.734375
vt 0.09375 0.71875
vt 0.40625 0.640625
vt 0.40625 0.71875
vt 0 0.71875
vt 0 0.640625
vt 0.40625 0.640625
vt 0.40625 0.71875
vt 0 0.71875
vt 0 0.640625
vt 0.40625 0.421875
vt 0.40625 0.4375
vt 0 0.4375
vt 0 0.421875
vt 0.40625 0.421875
vt 0.40625 0.4375
vt 0 0.4375
vt 0 0.421875
vn -0.0664530418476372 -0.9848078561278255 -0.1604290489222957
vn 0.0664530418476372 0.9848078561278255 0.1604290489222957
vn 0.92387956642977 -0.0000010982190061722963 -0.38268335047704205
vn -0.92387956642977 0.0000010982190061722963 0.38268335047704205
vn 0.3768693937728782 -0.1736475928647158 0.9098439281160002
vn -0.3768693937728782 0.1736475928647158 -0.9098439281160002
usemtl m_8ad7ed1f-24b8-7774-e41a-79070d979311
f 212/817/205 210/818/205 209/819/205 211/820/205
f 215/821/206 213/822/206 214/823/206 216/824/206
f 209/825/207 210/826/207 214/827/207 213/828/207
f 212/829/208 211/830/208 215/831/208 216/832/208
f 211/833/209 209/834/209 213/835/209 215/836/209
f 216/837/210 214/838/210 210/839/210 212/840/210
o tire
v 2.329537162275142 -0.8300047057169648 -0.6638309891898099
v 2.2235426452765203 -0.7811663202237635 -0.9197245939724349
v 2.3006659258242115 -0.8300046713976209 -0.6518721344874022
v 2.19467140882559 -0.7811662859044196 -0.9077657392700272
v 2.437523355277553 0.7703080604907517 -0.4031337846910793
v 2.331528838278931 0.819146445983953 -0.6590273894737043
v 2.4086521188266223 0.7703080948100957 -0.39117492998867176
v 2.3026576018280007 0.819146480303297 -0.6470685347712968
vt 0.171875 0.71875
vt 0.171875 0.734375
vt 0.09375 0.734375
vt 0.09375 0.71875
vt 0.171875 0.71875
vt 0.171875 0.734375
vt 0.09375 0.734375
vt 0.09375 0.71875
vt 0.40625 0.640625
vt 0.40625 0.71875
vt 0 0.71875
vt 0 0.640625
vt 0.40625 0.640625
vt 0.40625 0.71875
vt 0 0.71875
vt 0 0.640625
vt 0.40625 0.421875
vt 0.40625 0.4375
vt 0 0.4375
vt 0 0.421875
vt 0.40625 0.421875
vt 0.40625 0.4375
vt 0 0.4375
vt 0 0.421875
vn -0.0664530418476372 -0.9848078561278255 -0.1604290489222957
vn 0.0664530418476372 0.9848078561278255 0.1604290489222957
vn 0.92387956642977 -0.0000010982190061722963 -0.38268335047704205
vn -0.92387956642977 0.0000010982190061722963 0.38268335047704205
vn 0.3768693937728782 -0.1736475928647158 0.9098439281160002
vn -0.3768693937728782 0.1736475928647158 -0.9098439281160002
usemtl m_8ad7ed1f-24b8-7774-e41a-79070d979311
f 220/841/211 218/842/211 217/843/211 219/844/211
f 223/845/212 221/846/212 222/847/212 224/848/212
f 217/849/213 218/850/213 222/851/213 221/852/213
f 220/853/214 219/854/214 223/855/214 224/856/214
f 219/857/215 217/858/215 221/859/215 223/860/215
f 224/861/216 222/862/216 218/863/216 220/864/216
o tire
v 1.5452974303184033 -0.8191481074981902 -1.85765453343566
v 1.3494454438228836 -0.7703095945877118 -2.0535074413600807
v 1.5232002898624601 -0.8191481200400346 -1.8355575000675772
v 1.3273483033669404 -0.7703096071295561 -2.031410407991998
v 1.7448265227266964 0.7811645289007317 -1.6581235657523081
v 1.5489745362311766 0.8300030418112102 -1.853976473676729
v 1.7227293822707532 0.7811645163588874 -1.6360265323842254
v 1.5268773957752335 0.8300030292693659 -1.8318794403086462
vt 0.171875 0.71875
vt 0.171875 0.734375
vt 0.09375 0.734375
vt 0.09375 0.71875
vt 0.171875 0.71875
vt 0.171875 0.734375
vt 0.09375 0.734375
vt 0.09375 0.71875
vt 0.40625 0.640625
vt 0.40625 0.71875
vt 0 0.71875
vt 0 0.640625
vt 0.40625 0.640625
vt 0.40625 0.71875
vt 0 0.71875
vt 0 0.640625
vt 0.40625 0.421875
vt 0.40625 0.4375
vt 0 0.4375
vt 0 0.421875
vt 0.40625 0.421875
vt 0.40625 0.4375
vt 0 0.4375
vt 0 0.421875
vn -0.12278713378971885 -0.9848077762454905 -0.1227882878051397
vn 0.12278713378971885 0.9848077762454905 0.1227882878051397
vn 0.7071084945901821 4.0133901817174245e-7 -0.7071050677786472
vn -0.7071084945901821 -4.0133901817174245e-7 0.7071050677786472
vn 0.6963626186507372 -0.17364804590392333 0.696365894842386
vn -0.6963626186507372 0.17364804590392333 -0.696365894842386
usemtl m_8ad7ed1f-24b8-7774-e41a-79070d979311
f 228/865/217 226/866/217 225/867/217 227/868/217
f 231/869/218 229/870/218 230/871/218 232/872/218
f 225/873/219 226/874/219 230/875/219 229/876/219
f 228/877/220 227/878/220 231/879/220 232/880/220
f 227/881/221 225/882/221 229/883/221 231/884/221
f 232/885/222 230/886/222 226/887/222 228/888/222
o tire
v 1.8981794689840745 -0.8300011103671855 -1.5047722900080107
v 1.7023274824885548 -0.781162597456707 -1.7006251979324316
v 1.8760823285281314 -0.8300011229090298 -1.482675256639928
v 1.6802303420326117 -0.7811626099985514 -1.6785281645643488
v 2.0977085613923676 0.7703115260317365 -1.3052413223246588
v 1.901856574896848 0.8191500389422149 -1.5010942302490797
v 2.0756114209364243 0.7703115134898921 -1.283144288956576
v 1.8797594344409048 0.8191500264003706 -1.478997196880997
vt 0.171875 0.71875
vt 0.171875 0.734375
vt 0.09375 0.734375
vt 0.09375 0.71875
vt 0.171875 0.71875
vt 0.171875 0.734375
vt 0.09375 0.734375
vt 0.09375 0.71875
vt 0.40625 0.640625
vt 0.40625 0.71875
vt 0 0.71875
vt 0 0.640625
vt 0.40625 0.640625
vt 0.40625 0.71875
vt 0 0.71875
vt 0 0.640625
vt 0.40625 0.421875
vt 0.40625 0.4375
vt 0 0.4375
vt 0 0.421875
vt 0.40625 0.421875
vt 0.40625 0.4375
vt 0 0.4375
vt 0 0.421875
vn -0.12278713378971885 -0.9848077762454905 -0.1227882878051397
vn 0.12278713378971885 0.9848077762454905 0.1227882878051397
vn 0.7071084945901821 4.0133901817174245e-7 -0.7071050677786472
vn -0.7071084945901821 -4.0133901817174245e-7 0.7071050677786472
vn 0.6963626186507372 -0.17364804590392333 0.696365894842386
vn -0.6963626186507372 0.17364804590392333 -0.696365894842386
usemtl m_8ad7ed1f-24b8-7774-e41a-79070d979311
f 236/889/223 234/890/223 233/891/223 235/892/223
f 239/893/224 237/894/224 238/895/224 240/896/224
f 233/897/225 234/898/225 238/899/225 237/900/225
f 236/901/226 235/902/226 239/903/226 240/904/226
f 235/905/227 233/906/227 237/907/227 239/908/227
f 240/909/228 238/910/228 234/911/228 236/912/228
o tire
v 0.7167669164718684 -0.8191524968669349 -2.3076103048418974
v 0.4608732963225278 -0.7703139712737208 -2.4136047201888675
v 0.7048080850089661 -0.8191524523841327 -2.2787390587648764
v 0.4489144648596255 -0.7703139267909186 -2.3847334741118464
v 0.9774665000423511 0.781160126609563 -2.199627740193965
v 0.7215728798930107 0.8299986522027771 -2.305622155540935
v 0.9655076685794487 0.7811601710923652 -2.1707564941169437
v 0.7096140484301082 0.8299986966855794 -2.276750909463914
vt 0.171875 0.71875
vt 0.171875 0.734375
vt 0.09375 0.734375
vt 0.09375 0.71875
vt 0.171875 0.71875
vt 0.171875 0.734375
vt 0.09375 0.734375
vt 0.09375 0.71875
vt 0.40625 0.640625
vt 0.40625 0.71875
vt 0 0.71875
vt 0 0.640625
vt 0.40625 0.640625
vt 0.40625 0.71875
vt 0 0.71875
vt 0 0.640625
vt 0.40625 0.421875
vt 0.40625 0.4375
vt 0 0.4375
vt 0 0.421875
vt 0.40625 0.421875
vt 0.40625 0.4375
vt 0 0.4375
vt 0 0.421875
vn -0.16043051296645108 -0.9848077682932295 -0.06645080901411254
vn 0.16043051296645108 0.9848077682932295 0.06645080901411254
vn 0.3826826068128737 -0.0000014234496703222077 -0.9238798744646823
vn -0.3826826068128737 0.0000014234496703222077 0.9238798744646823
vn 0.9098439827532108 -0.1736480909980943 0.3768690323447825
vn -0.9098439827532108 0.1736480909980943 -0.3768690323447825
usemtl m_8ad7ed1f-24b8-7774-e41a-79070d979311
f 244/913/229 242/914/229 241/915/229 243/916/229
f 247/917/230 245/918/230 246/919/230 248/920/230
f 241/921/231 242/922/231 246/923/231 245/924/231
f 244/925/232 243/926/232 247/927/232 248/928/232
f 243/929/233 241/930/233 245/931/233 247/932/233
f 248/933/234 246/934/234 242/935/234 244/936/234
o tire
v 1.177829665393944 -0.8300055025543158 -2.1166322403203486
v 0.9219360452446035 -0.7811669769611017 -2.2226266556673187
v 1.1658708339310417 -0.8300054580715136 -2.0877609942433275
v 0.9099772137817012 -0.7811669324782995 -2.1937554095902976
v 1.4385292489644268 0.7703071209221821 -2.008649675672416
v 1.1826356288150863 0.8191456465153962 -2.114644091019386
v 1.4265704175015244 0.7703071654049843 -1.9797784295953949
v 1.1706767973521839 0.8191456909981985 -2.085772844942365
vt 0.171875 0.71875
vt 0.171875 0.734375
vt 0.09375 0.734375
vt 0.09375 0.71875
vt 0.171875 0.71875
vt 0.171875 0.734375
vt 0.09375 0.734375
vt 0.09375 0.71875
vt 0.40625 0.640625
vt 0.40625 0.71875
vt 0 0.71875
vt 0 0.640625
vt 0.40625 0.640625
vt 0.40625 0.71875
vt 0 0.71875
vt 0 0.640625
vt 0.40625 0.421875
vt 0.40625 0.4375
vt 0 0.4375
vt 0 0.421875
vt 0.40625 0.421875
vt 0.40625 0.4375
vt 0 0.4375
vt 0 0.421875
vn -0.16043051296645108 -0.9848077682932295 -0.06645080901411254
vn 0.16043051296645108 0.9848077682932295 0.06645080901411254
vn 0.3826826068128737 -0.0000014234496703222077 -0.9238798744646823
vn -0.3826826068128737 0.0000014234496703222077 0.9238798744646823
vn 0.9098439827532108 -0.1736480909980943 0.3768690323447825
vn -0.9098439827532108 0.1736480909980943 -0.3768690323447825
usemtl m_8ad7ed1f-24b8-7774-e41a-79070d979311
f 252/937/235 250/938/235 249/939/235 251/940/235
f 255/941/236 253/942/236 254/943/236 256/944/236
f 249/945/237 250/946/237 254/947/237 253/948/237
f 252/949/238 251/950/238 255/951/238 256/952/238
f 251/953/239 249/954/239 253/955/239 255/956/239
f 256/957/240 254/958/240 250/959/240 252/960/240
o tire
v -0.7167669164718681 -0.8191524968669354 2.3076103048418974
v -0.4608732963225276 -0.7703139712737213 2.4136047201888675
v -0.7048080850089659 -0.8191524523841333 2.2787390587648764
v -0.4489144648596254 -0.7703139267909191 2.3847334741118464
v -0.9774665000423516 0.7811601266095626 2.199627740193965
v -0.7215728798930111 0.8299986522027767 2.305622155540935
v -0.9655076685794494 0.7811601710923647 2.1707564941169437
v -0.7096140484301089 0.8299986966855788 2.276750909463914
vt 0.171875 0.71875
vt 0.171875 0.734375
vt 0.09375 0.734375
vt 0.09375 0.71875
vt 0.171875 0.71875
vt 0.171875 0.734375
vt 0.09375 0.734375
vt 0.09375 0.71875
vt 0.40625 0.640625
vt 0.40625 0.71875
vt 0 0.71875
vt 0 0.640625
vt 0.40625 0.640625
vt 0.40625 0.71875
vt 0 0.71875
vt 0 0.640625
vt 0.40625 0.421875
vt 0.40625 0.4375
vt 0 0.4375
vt 0 0.421875
vt 0.40625 0.421875
vt 0.40625 0.4375
vt 0 0.4375
vt 0 0.421875
vn 0.16043051296645122 -0.9848077682932297 0.0664508090141124
vn -0.16043051296645122 0.9848077682932297 -0.0664508090141124
vn -0.38268260681287386 -0.0000014234496707662971 0.9238798744646824
vn 0.38268260681287386 0.0000014234496707662971 -0.9238798744646824
vn -0.9098439827532108 -0.1736480909980946 -0.37686903234478253
vn 0.9098439827532108 0.1736480909980946 0.37686903234478253
usemtl m_8ad7ed1f-24b8-7774-e41a-79070d979311
f 260/961/241 258/962/241 257/963/241 259/964/241
f 263/965/242 261/966/242 262/967/242 264/968/242
f 257/969/243 258/970/243 262/971/243 261/972/243
f 260/973/244 259/974/244 263/975/244 264/976/244
f 259/977/245 257/978/245 261/979/245 263/980/245
f 264/981/246 262/982/246 258/983/246 260/984/246
o tire
v -1.177829665393944 -0.8300055025543163 2.1166322403203486
v -0.9219360452446034 -0.7811669769611022 2.2226266556673187
v -1.1658708339310415 -0.8300054580715142 2.0877609942433275
v -0.9099772137817009 -0.7811669324783 2.1937554095902976
v -1.4385292489644272 0.7703071209221817 2.008649675672416
v -1.182635628815087 0.8191456465153958 2.114644091019386
v -1.4265704175015252 0.7703071654049838 1.9797784295953949
v -1.1706767973521846 0.8191456909981979 2.085772844942365
vt 0.171875 0.71875
vt 0.171875 0.734375
vt 0.09375 0.734375
vt 0.09375 0.71875
vt 0.171875 0.71875
vt 0.171875 0.734375
vt 0.09375 0.734375
vt 0.09375 0.71875
vt 0.40625 0.640625
vt 0.40625 0.71875
vt 0 0.71875
vt 0 0.640625
vt 0.40625 0.640625
vt 0.40625 0.71875
vt 0 0.71875
vt 0 0.640625
vt 0.40625 0.421875
vt 0.40625 0.4375
vt 0 0.4375
vt 0 0.421875
vt 0.40625 0.421875
vt 0.40625 0.4375
vt 0 0.4375
vt 0 0.421875
vn 0.16043051296645122 -0.9848077682932297 0.0664508090141124
vn -0.16043051296645122 0.9848077682932297 -0.0664508090141124
vn -0.38268260681287386 -0.0000014234496707662971 0.9238798744646824
vn 0.38268260681287386 0.0000014234496707662971 -0.9238798744646824
vn -0.9098439827532108 -0.1736480909980946 -0.37686903234478253
vn 0.9098439827532108 0.1736480909980946 0.37686903234478253
usemtl m_8ad7ed1f-24b8-7774-e41a-79070d979311
f 268/985/247 266/986/247 265/987/247 267/988/247
f 271/989/248 269/990/248 270/991/248 272/992/248
f 265/993/249 266/994/249 270/995/249 269/996/249
f 268/997/250 267/998/250 271/999/250 272/1000/250
f 267/1001/251 265/1002/251 269/1003/251 271/1004/251
f 272/1005/252 270/1006/252 266/1007/252 268/1008/252
o tire
v -1.5452974303184028 -0.8191481074981901 1.8576545334356596
v -1.3494454438228831 -0.7703095945877116 2.0535074413600802
v -1.5232002898624597 -0.8191481200400345 1.8355575000675768
v -1.32734830336694 -0.770309607129556 2.0314104079919977
v -1.7448265227266964 0.7811645289007316 1.6581235657523077
v -1.5489745362311766 0.8300030418112101 1.8539764736767286
v -1.7227293822707532 0.7811645163588873 1.636026532384225
v -1.5268773957752335 0.8300030292693658 1.8318794403086458
vt 0.171875 0.71875
vt 0.171875 0.734375
vt 0.09375 0.734375
vt 0.09375 0.71875
vt 0.171875 0.71875
vt 0.171875 0.734375
vt 0.09375 0.734375
vt 0.09375 0.71875
vt 0.40625 0.640625
vt 0.40625 0.71875
vt 0 0.71875
vt 0 0.640625
vt 0.40625 0.640625
vt 0.40625 0.71875
vt 0 0.71875
vt 0 0.640625
vt 0.40625 0.421875
vt 0.40625 0.4375
vt 0 0.4375
vt 0 0.421875
vt 0.40625 0.421875
vt 0.40625 0.4375
vt 0 0.4375
vt 0 0.421875
vn 0.12278713378971887 -0.9848077762454905 0.12278828780513974
vn -0.12278713378971887 0.9848077762454905 -0.12278828780513974
vn -0.7071084945901821 4.0133901790806464e-7 0.7071050677786473
vn 0.7071084945901821 -4.0133901790806464e-7 -0.7071050677786473
vn -0.6963626186507372 -0.17364804590392344 -0.6963658948423861
vn 0.6963626186507372 0.17364804590392344 0.6963658948423861
usemtl m_8ad7ed1f-24b8-7774-e41a-79070d979311
f 276/1009/253 274/1010/253 273/1011/253 275/1012/253
f 279/1013/254 277/1014/254 278/1015/254 280/1016/254
f 273/1017/255 274/1018/255 278/1019/255 277/1020/255
f 276/1021/256 275/1022/256 279/1023/256 280/1024/256
f 275/1025/257 273/1026/257 277/1027/257 279/1028/257
f 280/1029/258 278/1030/258 274/1031/258 276/1032/258
o tire
v -1.898179468984074 -0.8300011103671854 1.5047722900080103
v -1.7023274824885544 -0.7811625974567069 1.7006251979324312
v -1.876082328528131 -0.8300011229090297 1.4826752566399275
v -1.6802303420326112 -0.7811626099985512 1.6785281645643484
v -2.0977085613923676 0.7703115260317364 1.3052413223246584
v -1.901856574896848 0.8191500389422148 1.5010942302490793
v -2.0756114209364243 0.770311513489892 1.2831442889565756
v -1.8797594344409048 0.8191500264003705 1.4789971968809965
vt 0.171875 0.71875
vt 0.171875 0.734375
vt 0.09375 0.734375
vt 0.09375 0.71875
vt 0.171875 0.71875
vt 0.171875 0.734375
vt 0.09375 0.734375
vt 0.09375 0.71875
vt 0.40625 0.640625
vt 0.40625 0.71875
vt 0 0.71875
vt 0 0.640625
vt 0.40625 0.640625
vt 0.40625 0.71875
vt 0 0.71875
vt 0 0.640625
vt 0.40625 0.421875
vt 0.40625 0.4375
vt 0 0.4375
vt 0 0.421875
vt 0.40625 0.421875
vt 0.40625 0.4375
vt 0 0.4375
vt 0 0.421875
vn 0.12278713378971887 -0.9848077762454905 0.12278828780513974
vn -0.12278713378971887 0.9848077762454905 -0.12278828780513974
vn -0.7071084945901821 4.0133901790806464e-7 0.7071050677786473
vn 0.7071084945901821 -4.0133901790806464e-7 -0.7071050677786473
vn -0.6963626186507372 -0.17364804590392344 -0.6963658948423861
vn 0.6963626186507372 0.17364804590392344 0.6963658948423861
usemtl m_8ad7ed1f-24b8-7774-e41a-79070d979311
f 284/1033/259 282/1034/259 281/1035/259 283/1036/259
f 287/1037/260 285/1038/260 286/1039/260 288/1040/260
f 281/1041/261 282/1042/261 286/1043/261 285/1044/261
f 284/1045/262 283/1046/262 287/1047/262 288/1048/262
f 283/1049/263 281/1050/263 285/1051/263 287/1052/263
f 288/1053/264 286/1054/264 282/1055/264 284/1056/264
o tire
v -2.1385590751643377 -0.8191517311629202 1.1248937346970598
v -2.032564558165716 -0.7703133456697189 1.380787339479685
v -2.1096878387134073 -0.8191516968435762 1.1129348799946523
v -2.0036933217147856 -0.770313311350375 1.3688284847772776
v -2.2465452681667477 0.7811610350447964 0.8641965301983293
v -2.140550751168126 0.8299994205379977 1.1200901349809542
v -2.2176740317158172 0.7811610693641403 0.8522376754959217
v -2.1116795147171956 0.8299994548573416 1.1081312802785468
vt 0.171875 0.71875
vt 0.171875 0.734375
vt 0.09375 0.734375
vt 0.09375 0.71875
vt 0.171875 0.71875
vt 0.171875 0.734375
vt 0.09375 0.734375
vt 0.09375 0.71875
vt 0.40625 0.640625
vt 0.40625 0.71875
vt 0 0.71875
vt 0 0.640625
vt 0.40625 0.640625
vt 0.40625 0.71875
vt 0 0.71875
vt 0 0.640625
vt 0.40625 0.421875
vt 0.40625 0.4375
vt 0 0.4375
vt 0 0.421875
vt 0.40625 0.421875
vt 0.40625 0.4375
vt 0 0.4375
vt 0 0.421875
vn 0.06645304184763719 -0.9848078561278255 0.16042904892229565
vn -0.06645304184763719 0.9848078561278255 -0.16042904892229565
vn -0.9238795664297699 -0.0000010982190059849457 0.38268335047704183
vn 0.9238795664297699 0.0000010982190059849457 -0.38268335047704183
vn -0.37686939377287826 -0.1736475928647157 -0.9098439281160002
vn 0.37686939377287826 0.1736475928647157 0.9098439281160002
usemtl m_8ad7ed1f-24b8-7774-e41a-79070d979311
f 292/1057/265 290/1058/265 289/1059/265 291/1060/265
f 295/1061/266 293/1062/266 294/1063/266 296/1064/266
f 289/1065/267 290/1066/267 294/1067/267 293/1068/267
f 292/1069/268 291/1070/268 295/1071/268 296/1072/268
f 291/1073/269 289/1074/269 293/1075/269 295/1076/269
f 296/1077/270 294/1078/270 290/1079/270 292/1080/270
o tire
v -2.3295371622751424 -0.8300047057169648 0.6638309891898099
v -2.223542645276521 -0.7811663202237635 0.9197245939724349
v -2.300665925824212 -0.8300046713976209 0.6518721344874024
v -2.1946714088255903 -0.7811662859044196 0.9077657392700275
v -2.4375233552775524 0.7703080604907517 0.4031337846910793
v -2.3315288382789308 0.819146445983953 0.6590273894737043
v -2.408652118826622 0.7703080948100957 0.39117492998867165
v -2.3026576018280003 0.819146480303297 0.6470685347712969
vt 0.171875 0.71875
vt 0.171875 0.734375
vt 0.09375 0.734375
vt 0.09375 0.71875
vt 0.171875 0.71875
vt 0.171875 0.734375
vt 0.09375 0.734375
vt 0.09375 0.71875
vt 0.40625 0.640625
vt 0.40625 0.71875
vt 0 0.71875
vt 0 0.640625
vt 0.40625 0.640625
vt 0.40625 0.71875
vt 0 0.71875
vt 0 0.640625
vt 0.40625 0.421875
vt 0.40625 0.4375
vt 0 0.4375
vt 0 0.421875
vt 0.40625 0.421875
vt 0.40625 0.4375
vt 0 0.4375
vt 0 0.421875
vn 0.06645304184763719 -0.9848078561278255 0.16042904892229565
vn -0.06645304184763719 0.9848078561278255 -0.16042904892229565
vn -0.9238795664297699 -0.0000010982190059849457 0.38268335047704183
vn 0.9238795664297699 0.0000010982190059849457 -0.38268335047704183
vn -0.37686939377287826 -0.1736475928647157 -0.9098439281160002
vn 0.37686939377287826 0.1736475928647157 0.9098439281160002
usemtl m_8ad7ed1f-24b8-7774-e41a-79070d979311
f 300/1081/271 298/1082/271 297/1083/271 299/1084/271
f 303/1085/272 301/1086/272 302/1087/272 304/1088/272
f 297/1089/273 298/1090/273 302/1091/273 301/1092/273
f 300/1093/274 299/1094/274 303/1095/274 304/1096/274
f 299/1097/275 297/1098/275 301/1099/275 303/1100/275
f 304/1101/276 302/1102/276 298/1103/276 300/1104/276
o tire
v -2.4062499999999996 -0.8191490687547394 0.22087579636867108
v -2.4062499999999996 -0.7703105187859152 0.4978529769033545
v -2.3749999999999996 -0.8191490687547394 0.22087579636867108
v -2.3749999999999996 -0.7703105187859152 0.4978529769033545
v -2.4062499999999996 0.7811635298900983 -0.0613024923400913
v -2.4062499999999996 0.8300020798589225 0.21567468819459212
v -2.3749999999999996 0.7811635298900983 -0.0613024923400913
v -2.3749999999999996 0.8300020798589225 0.21567468819459212
vt 0.171875 0.71875
vt 0.171875 0.734375
vt 0.09375 0.734375
vt 0.09375 0.71875
vt 0.171875 0.71875
vt 0.171875 0.734375
vt 0.09375 0.734375
vt 0.09375 0.71875
vt 0.40625 0.640625
vt 0.40625 0.71875
vt 0 0.71875
vt 0 0.640625
vt 0.40625 0.640625
vt 0.40625 0.71875
vt 0 0.71875
vt 0 0.640625
vt 0.40625 0.421875
vt 0.40625 0.4375
vt 0 0.4375
vt 0 0.421875
vt 0.40625 0.421875
vt 0.40625 0.4375
vt 0 0.4375
vt 0 0.421875
vn 7.22955768862599e-18 -0.984807753012208 0.17364817766693075
vn -7.22955768862599e-18 0.984807753012208 -0.17364817766693075
vn -1 -2.162613958818283e-16 5.2224594033799274e-17
vn 1 2.162613958818283e-16 -5.2224594033799274e-17
vn -4.1000859083381925e-17 -0.17364817766693075 -0.9848077530122081
vn 4.1000859083381925e-17 0.17364817766693075 0.9848077530122081
usemtl m_8ad7ed1f-24b8-7774-e41a-79070d979311
f 308/1105/277 306/1106/277 305/1107/277 307/1108/277
f 311/1109/278 309/1110/278 310/1111/278 312/1112/278
f 305/1113/279 306/1114/279 310/1115/279 309/1116/279
f 308/1117/280 307/1118/280 311/1119/280 312/1120/280
f 307/1121/281 305/1122/281 309/1123/281 311/1124/281
f 312/1125/282 310/1126/282 306/1127/282 308/1128/282
o tire
v -2.4062499999999996 -0.8300020798589225 -0.2781746881945919
v -2.4062499999999996 -0.7811635298900983 -0.0011975076599084755
v -2.3749999999999996 -0.8300020798589225 -0.2781746881945919
v -2.3749999999999996 -0.7811635298900983 -0.0011975076599084755
v -2.4062499999999996 0.7703105187859152 -0.5603529769033543
v -2.4062499999999996 0.8191490687547394 -0.28337579636867083
v -2.3749999999999996 0.7703105187859152 -0.5603529769033543
v -2.3749999999999996 0.8191490687547394 -0.28337579636867083
vt 0.171875 0.71875
vt 0.171875 0.734375
vt 0.09375 0.734375
vt 0.09375 0.71875
vt 0.171875 0.71875
vt 0.171875 0.734375
vt 0.09375 0.734375
vt 0.09375 0.71875
vt 0.40625 0.640625
vt 0.40625 0.71875
vt 0 0.71875
vt 0 0.640625
vt 0.40625 0.640625
vt 0.40625 0.71875
vt 0 0.71875
vt 0 0.640625
vt 0.40625 0.421875
vt 0.40625 0.4375
vt 0 0.4375
vt 0 0.421875
vt 0.40625 0.421875
vt 0.40625 0.4375
vt 0 0.4375
vt 0 0.421875
vn 7.22955768862599e-18 -0.984807753012208 0.17364817766693075
vn -7.22955768862599e-18 0.984807753012208 -0.17364817766693075
vn -1 -2.162613958818283e-16 5.2224594033799274e-17
vn 1 2.162613958818283e-16 -5.2224594033799274e-17
vn -4.1000859083381925e-17 -0.17364817766693075 -0.9848077530122081
vn 4.1000859083381925e-17 0.17364817766693075 0.9848077530122081
usemtl m_8ad7ed1f-24b8-7774-e41a-79070d979311
f 316/1129/283 314/1130/283 313/1131/283 315/1132/283
f 319/1133/284 317/1134/284 318/1135/284 320/1136/284
f 313/1137/285 314/1138/285 318/1139/285 317/1140/285
f 316/1141/286 315/1142/286 319/1143/286 320/1144/286
f 315/1145/287 313/1146/287 317/1147/287 319/1148/287
f 320/1149/288 318/1150/288 314/1151/288 316/1152/288
o tire
v -2.1166332511681265 -0.8299994205379981 -1.1778326349809545
v -2.222627768166748 -0.7811610350447968 -0.9219390301983293
v -2.087762014717196 -0.8299994548573421 -1.165873780278547
v -2.1937565317158176 -0.7811610693641408 -0.9099801754959217
v -2.0086470581657156 0.7703133456697184 -1.4385298394796848
v -2.1146415751643373 0.8191517311629197 -1.18263623469706
v -1.9797758217147852 0.7703133113503745 -1.4265709847772774
v -2.085770338713407 0.8191516968435758 -1.1706773799946526
vt 0.171875 0.71875
vt 0.171875 0.734375
vt 0.09375 0.734375
vt 0.09375 0.71875
vt 0.171875 0.71875
vt 0.171875 0.734375
vt 0.09375 0.734375
vt 0.09375 0.71875
vt 0.40625 0.640625
vt 0.40625 0.71875
vt 0 0.71875
vt 0 0.640625
vt 0.40625 0.640625
vt 0.40625 0.71875
vt 0 0.71875
vt 0 0.640625
vt 0.40625 0.421875
vt 0.40625 0.4375
vt 0 0.4375
vt 0 0.421875
vt 0.40625 0.421875
vt 0.40625 0.4375
vt 0 0.4375
vt 0 0.421875
vn -0.06645304184763699 -0.9848078561278255 0.16042904892229573
vn 0.06645304184763699 0.9848078561278255 -0.16042904892229573
vn -0.9238795664297699 0.0000010982190061861737 -0.3826833504770419
vn 0.9238795664297699 -0.0000010982190061861737 0.3826833504770419
vn 0.37686939377287815 -0.17364759286471576 -0.9098439281160001
vn -0.37686939377287815 0.17364759286471576 0.9098439281160001
usemtl m_8ad7ed1f-24b8-7774-e41a-79070d979311
f 324/1153/289 322/1154/289 321/1155/289 323/1156/289
f 327/1157/290 325/1158/290 326/1159/290 328/1160/290
f 321/1161/291 322/1162/291 326/1163/291 325/1164/291
f 324/1165/292 323/1166/292 327/1167/292 328/1168/292
f 323/1169/293 321/1170/293 325/1171/293 327/1172/293
f 328/1173/294 326/1174/294 322/1175/294 324/1176/294
o tire
v -2.307611338278931 -0.8191464459839535 -0.7167698894737043
v -2.413605855277553 -0.7703080604907522 -0.46087628469107933
v -2.2787401018280007 -0.8191464803032974 -0.7048110347712969
v -2.3847346188266223 -0.7703080948100961 -0.4489174299886717
v -2.1996251452765203 0.7811663202237631 -0.9774670939724349
v -2.305619662275142 0.8300047057169644 -0.7215734891898099
v -2.17075390882559 0.7811662859044192 -0.9655082392700275
v -2.2767484258242114 0.8300046713976205 -0.7096146344874025
vt 0.171875 0.71875
vt 0.171875 0.734375
vt 0.09375 0.734375
vt 0.09375 0.71875
vt 0.171875 0.71875
vt 0.171875 0.734375
vt 0.09375 0.734375
vt 0.09375 0.71875
vt 0.40625 0.640625
vt 0.40625 0.71875
vt 0 0.71875
vt 0 0.640625
vt 0.40625 0.640625
vt 0.40625 0.71875
vt 0 0.71875
vt 0 0.640625
vt 0.40625 0.421875
vt 0.40625 0.4375
vt 0 0.4375
vt 0 0.421875
vt 0.40625 0.421875
vt 0.40625 0.4375
vt 0 0.4375
vt 0 0.421875
vn -0.06645304184763699 -0.9848078561278255 0.16042904892229573
vn 0.06645304184763699 0.9848078561278255 -0.16042904892229573
vn -0.9238795664297699 0.0000010982190061861737 -0.3826833504770419
vn 0.9238795664297699 -0.0000010982190061861737 0.3826833504770419
vn 0.37686939377287815 -0.17364759286471576 -0.9098439281160001
vn -0.37686939377287815 0.17364759286471576 0.9098439281160001
usemtl m_8ad7ed1f-24b8-7774-e41a-79070d979311
f 332/1177/295 330/1178/295 329/1179/295 331/1180/295
f 335/1181/296 333/1182/296 334/1183/296 336/1184/296
f 329/1185/297 330/1186/297 334/1187/297 333/1188/297
f 332/1189/298 331/1190/298 335/1191/298 336/1192/298
f 331/1193/299 329/1194/299 333/1195/299 335/1196/299
f 336/1197/300 334/1198/300 330/1199/300 332/1200/300
o tire
v -1.5047773826592907 -0.8299996160182359 -1.8981752147466406
v -1.7006297214498245 -0.781161185814073 -1.7023226384922776
v -1.4826802863211046 -0.8299996478579433 -1.8760781372606945
v -1.6785326251116384 -0.7811612176537804 -1.6802255610063315
v -1.3052466226773936 0.7703131046392069 -2.097703839066612
v -1.5010989614679273 0.8191515348433698 -1.9018512628122488
v -1.2831495263392074 0.7703130727994995 -2.0756067615806657
v -1.4790018651297412 0.8191515030036624 -1.8797541853263027
vt 0.171875 0.71875
vt 0.171875 0.734375
vt 0.09375 0.734375
vt 0.09375 0.71875
vt 0.171875 0.71875
vt 0.171875 0.734375
vt 0.09375 0.734375
vt 0.09375 0.71875
vt 0.40625 0.640625
vt 0.40625 0.71875
vt 0 0.71875
vt 0 0.640625
vt 0.40625 0.640625
vt 0.40625 0.71875
vt 0 0.71875
vt 0 0.640625
vt 0.40625 0.421875
vt 0.40625 0.4375
vt 0 0.4375
vt 0 0.421875
vt 0.40625 0.421875
vt 0.40625 0.4375
vt 0 0.4375
vt 0 0.421875
vn -0.12278815998885993 -0.9848078280968879 0.12278684573536681
vn 0.12278815998885993 0.9848078280968879 -0.12278684573536681
vn -0.7071070828219574 0.0000010188706384278712 -0.7071064795502748
vn 0.7071070828219574 -0.0000010188706384278712 0.7071064795502748
vn 0.6963638712552308 -0.17364775183702355 -0.6963647155710692
vn -0.6963638712552308 0.17364775183702355 0.6963647155710692
usemtl m_8ad7ed1f-24b8-7774-e41a-79070d979311
f 340/1201/301 338/1202/301 337/1203/301 339/1204/301
f 343/1205/302 341/1206/302 342/1207/302 344/1208/302
f 337/1209/303 338/1210/303 342/1211/303 341/1212/303
f 340/1213/304 339/1214/304 343/1215/304 344/1216/304
f 339/1217/305 337/1218/305 341/1219/305 343/1220/305
f 344/1221/306 342/1222/306 338/1223/306 340/1224/306
o tire
v -1.8576594996127427 -0.8191466315284219 -1.5452930450234488
v -2.0535118384032764 -0.770308201324259 -1.3494404687690857
v -1.8355624032745566 -0.8191466633681294 -1.5231959675375026
v -2.03141474206509 -0.7703082331639665 -1.3273433912831396
v -1.6581287396308455 0.7811660891290209 -1.74482166934342
v -1.8539810784213793 0.8300045193331838 -1.548969093089057
v -1.6360316432926594 0.7811660572893134 -1.7227245918574738
v -1.8318839820831931 0.8300044874934763 -1.5268720156031108
vt 0.171875 0.71875
vt 0.171875 0.734375
vt 0.09375 0.734375
vt 0.09375 0.71875
vt 0.171875 0.71875
vt 0.171875 0.734375
vt 0.09375 0.734375
vt 0.09375 0.71875
vt 0.40625 0.640625
vt 0.40625 0.71875
vt 0 0.71875
vt 0 0.640625
vt 0.40625 0.640625
vt 0.40625 0.71875
vt 0 0.71875
vt 0 0.640625
vt 0.40625 0.421875
vt 0.40625 0.4375
vt 0 0.4375
vt 0 0.421875
vt 0.40625 0.421875
vt 0.40625 0.4375
vt 0 0.4375
vt 0 0.421875
vn -0.12278815998885993 -0.9848078280968879 0.12278684573536681
vn 0.12278815998885993 0.9848078280968879 -0.12278684573536681
vn -0.7071070828219574 0.0000010188706384278712 -0.7071064795502748
vn 0.7071070828219574 -0.0000010188706384278712 0.7071064795502748
vn 0.6963638712552308 -0.17364775183702355 -0.6963647155710692
vn -0.6963638712552308 0.17364775183702355 0.6963647155710692
usemtl m_8ad7ed1f-24b8-7774-e41a-79070d979311
f 348/1225/307 346/1226/307 345/1227/307 347/1228/307
f 351/1229/308 349/1230/308 350/1231/308 352/1232/308
f 345/1233/309 346/1234/309 350/1235/309 349/1236/309
f 348/1237/310 347/1238/310 351/1239/310 352/1240/310
f 347/1241/311 345/1242/311 349/1243/311 351/1244/311
f 352/1245/312 350/1246/312 346/1247/312 348/1248/312
o tire
v -0.6638303798930106 -0.8299986522027771 -2.329539655540935
v -0.9197240000423511 -0.781160126609563 -2.223545240193965
v -0.6518715484301084 -0.8299986966855794 -2.300668409463914
v -0.9077651685794489 -0.7811601710923652 -2.1946739941169437
v -0.403130796322528 0.7703139712737208 -2.4375222201888675
v -0.6590244164718685 0.8191524968669349 -2.3315278048418975
v -0.3911719648596256 0.7703139267909186 -2.4086509741118465
v -0.6470655850089662 0.8191524523841327 -2.3026565587648764
vt 0.171875 0.71875
vt 0.171875 0.734375
vt 0.09375 0.734375
vt 0.09375 0.71875
vt 0.171875 0.71875
vt 0.171875 0.734375
vt 0.09375 0.734375
vt 0.09375 0.71875
vt 0.40625 0.640625
vt 0.40625 0.71875
vt 0 0.71875
vt 0 0.640625
vt 0.40625 0.640625
vt 0.40625 0.71875
vt 0 0.71875
vt 0 0.640625
vt 0.40625 0.421875
vt 0.40625 0.4375
vt 0 0.4375
vt 0 0.421875
vt 0.40625 0.421875
vt 0.40625 0.4375
vt 0 0.4375
vt 0 0.421875
vn -0.1604305129664511 -0.9848077682932295 0.06645080901411259
vn 0.1604305129664511 0.9848077682932295 -0.06645080901411259
vn -0.3826826068128739 0.0000014234496702944523 -0.9238798744646824
vn 0.3826826068128739 -0.0000014234496702944523 0.9238798744646824
vn 0.9098439827532108 -0.17364809099809433 -0.37686903234478253
vn -0.9098439827532108 0.17364809099809433 0.37686903234478253
usemtl m_8ad7ed1f-24b8-7774-e41a-79070d979311
f 356/1249/313 354/1250/313 353/1251/313 355/1252/313
f 359/1253/314 357/1254/314 358/1255/314 360/1256/314
f 353/1257/315 354/1258/315 358/1259/315 357/1260/315
f 356/1261/316 355/1262/316 359/1263/316 360/1264/316
f 355/1265/317 353/1266/317 357/1267/317 359/1268/317
f 360/1269/318 358/1270/318 354/1271/318 356/1272/318
o tire
v -1.1248931288150863 -0.8191456465153962 -2.138561591019386
v -1.380786748964427 -0.7703071209221821 -2.032567175672416
v -1.112934297352184 -0.8191456909981985 -2.109690344942365
v -1.3688279175015248 -0.7703071654049843 -2.003695929595395
v -0.8641935452446036 0.7811669769611017 -2.2465441556673187
v -1.1200871653939442 0.8300055025543158 -2.1405497403203486
v -0.8522347137817012 0.7811669324782995 -2.2176729095902976
v -1.108128333931042 0.8300054580715136 -2.1116784942433275
vt 0.171875 0.71875
vt 0.171875 0.734375
vt 0.09375 0.734375
vt 0.09375 0.71875
vt 0.171875 0.71875
vt 0.171875 0.734375
vt 0.09375 0.734375
vt 0.09375 0.71875
vt 0.40625 0.640625
vt 0.40625 0.71875
vt 0 0.71875
vt 0 0.640625
vt 0.40625 0.640625
vt 0.40625 0.71875
vt 0 0.71875
vt 0 0.640625
vt 0.40625 0.421875
vt 0.40625 0.4375
vt 0 0.4375
vt 0 0.421875
vt 0.40625 0.421875
vt 0.40625 0.4375
vt 0 0.4375
vt 0 0.421875
vn -0.1604305129664511 -0.9848077682932295 0.06645080901411259
vn 0.1604305129664511 0.9848077682932295 -0.06645080901411259
vn -0.3826826068128739 0.0000014234496702944523 -0.9238798744646824
vn 0.3826826068128739 -0.0000014234496702944523 0.9238798744646824
vn 0.9098439827532108 -0.17364809099809433 -0.37686903234478253
vn -0.9098439827532108 0.17364809099809433 0.37686903234478253
usemtl m_8ad7ed1f-24b8-7774-e41a-79070d979311
f 364/1273/319 362/1274/319 361/1275/319 363/1276/319
f 367/1277/320 365/1278/320 366/1279/320 368/1280/320
f 361/1281/321 362/1282/321 366/1283/321 365/1284/321
f 364/1285/322 363/1286/322 367/1287/322 368/1288/322
f 363/1289/323 361/1290/323 365/1291/323 367/1292/323
f 368/1293/324 366/1294/324 362/1295/324 364/1296/324
o tire
v 0.2781746881945927 -0.830002079858922 -2.4062499999999996
v 0.0011975076599091694 -0.7811635298900979 -2.4062499999999996
v 0.2781746881945927 -0.830002079858922 -2.3749999999999996
v 0.0011975076599091694 -0.7811635298900979 -2.3749999999999996
v 0.5603529769033544 0.7703105187859158 -2.4062499999999996
v 0.2833757963686709 0.81914906875474 -2.4062499999999996
v 0.5603529769033544 0.7703105187859158 -2.3749999999999996
v 0.2833757963686709 0.81914906875474 -2.3749999999999996
vt 0.171875 0.71875
vt 0.171875 0.734375
vt 0.09375 0.734375
vt 0.09375 0.71875
vt 0.171875 0.71875
vt 0.171875 0.734375
vt 0.09375 0.734375
vt 0.09375 0.71875
vt 0.40625 0.640625
vt 0.40625 0.71875
vt 0 0.71875
vt 0 0.640625
vt 0.40625 0.640625
vt 0.40625 0.71875
vt 0 0.71875
vt 0 0.640625
vt 0.40625 0.421875
vt 0.40625 0.4375
vt 0 0.4375
vt 0 0.421875
vt 0.40625 0.421875
vt 0.40625 0.4375
vt 0 0.4375
vt 0 0.421875
vn -0.17364817766693044 -0.984807753012208 -2.379500689477062e-16
vn 0.17364817766693044 0.984807753012208 2.379500689477062e-16
vn 2.3795006894770623e-16 7.077798321634661e-17 -1
vn -2.3795006894770623e-16 -7.077798321634661e-17 1
vn 0.984807753012208 -0.17364817766693033 7.07779832163466e-17
vn -0.984807753012208 0.17364817766693033 -7.07779832163466e-17
usemtl m_8ad7ed1f-24b8-7774-e41a-79070d979311
f 372/1297/325 370/1298/325 369/1299/325 371/1300/325
f 375/1301/326 373/1302/326 374/1303/326 376/1304/326
f 369/1305/327 370/1306/327 374/1307/327 373/1308/327
f 372/1309/328 371/1310/328 375/1311/328 376/1312/328
f 371/1313/329 369/1314/329 373/1315/329 375/1316/329
f 376/1317/330 374/1318/330 370/1319/330 372/1320/330
o tire
v -0.22087579636867033 -0.8191490687547389 -2.4062499999999996
v -0.49785297690335384 -0.7703105187859147 -2.4062499999999996
v -0.22087579636867033 -0.8191490687547389 -2.3749999999999996
v -0.49785297690335384 -0.7703105187859147 -2.3749999999999996
v 0.061302492340091386 0.781163529890099 -2.4062499999999996
v -0.2156746881945921 0.8300020798589232 -2.4062499999999996
v 0.061302492340091386 0.781163529890099 -2.3749999999999996
v -0.2156746881945921 0.8300020798589232 -2.3749999999999996
vt 0.171875 0.71875
vt 0.171875 0.734375
vt 0.09375 0.734375
vt 0.09375 0.71875
vt 0.171875 0.71875
vt 0.171875 0.734375
vt 0.09375 0.734375
vt 0.09375 0.71875
vt 0.40625 0.640625
vt 0.40625 0.71875
vt 0 0.71875
vt 0 0.640625
vt 0.40625 0.640625
vt 0.40625 0.71875
vt 0 0.71875
vt 0 0.640625
vt 0.40625 0.421875
vt 0.40625 0.4375
vt 0 0.4375
vt 0 0.421875
vt 0.40625 0.421875
vt 0.40625 0.4375
vt 0 0.4375
vt 0 0.421875
vn -0.17364817766693044 -0.984807753012208 -2.379500689477062e-16
vn 0.17364817766693044 0.984807753012208 2.379500689477062e-16
vn 2.3795006894770623e-16 7.077798321634661e-17 -1
vn -2.3795006894770623e-16 -7.077798321634661e-17 1
vn 0.984807753012208 -0.17364817766693033 7.07779832163466e-17
vn -0.984807753012208 0.17364817766693033 -7.07779832163466e-17
usemtl m_8ad7ed1f-24b8-7774-e41a-79070d979311
f 380/1321/331 378/1322/331 377/1323/331 379/1324/331
f 383/1325/332 381/1326/332 382/1327/332 384/1328/332
f 377/1329/333 378/1330/333 382/1331/333 381/1332/333
f 380/1333/334 379/1334/334 383/1335/334 384/1336/334
f 379/1337/335 377/1338/335 381/1339/335 383/1340/335
f 384/1341/336 382/1342/336 378/1343/336 380/1344/336
o tire
v 2.3076113382789307 -0.8191464459839535 0.7167698894737043
v 2.4136058552775523 -0.7703080604907522 0.46087628469107933
v 2.2787401018280002 -0.8191464803032974 0.7048110347712968
v 2.384734618826622 -0.7703080948100961 0.4489174299886718
v 2.1996251452765208 0.7811663202237631 0.9774670939724349
v 2.3056196622751424 0.8300047057169644 0.7215734891898099
v 2.1707539088255903 0.7811662859044192 0.9655082392700273
v 2.276748425824212 0.8300046713976205 0.7096146344874023
vt 0.171875 0.71875
vt 0.171875 0.734375
vt 0.09375 0.734375
vt 0.09375 0.71875
vt 0.171875 0.71875
vt 0.171875 0.734375
vt 0.09375 0.734375
vt 0.09375 0.71875
vt 0.40625 0.640625
vt 0.40625 0.71875
vt 0 0.71875
vt 0 0.640625
vt 0.40625 0.640625
vt 0.40625 0.71875
vt 0 0.71875
vt 0 0.640625
vt 0.40625 0.421875
vt 0.40625 0.4375
vt 0 0.4375
vt 0 0.421875
vt 0.40625 0.421875
vt 0.40625 0.4375
vt 0 0.4375
vt 0 0.421875
vn 0.066453041847637 -0.9848078561278255 -0.16042904892229576
vn -0.066453041847637 0.9848078561278255 0.16042904892229576
vn 0.92387956642977 0.0000010982190059710684 0.382683350477042
vn -0.92387956642977 -0.0000010982190059710684 -0.382683350477042
vn -0.37686939377287826 -0.17364759286471568 0.9098439281160002
vn 0.37686939377287826 0.17364759286471568 -0.9098439281160002
usemtl m_8ad7ed1f-24b8-7774-e41a-79070d979311
f 388/1345/337 386/1346/337 385/1347/337 387/1348/337
f 391/1349/338 389/1350/338 390/1351/338 392/1352/338
f 385/1353/339 386/1354/339 390/1355/339 389/1356/339
f 388/1357/340 387/1358/340 391/1359/340 392/1360/340
f 387/1361/341 385/1362/341 389/1363/341 391/1364/341
f 392/1365/342 390/1366/342 386/1367/342 388/1368/342
o tire
v 2.116633251168126 -0.8299994205379981 1.1778326349809545
v 2.2226277681667477 -0.7811610350447968 0.9219390301983293
v 2.0877620147171956 -0.8299994548573421 1.1658737802785468
v 2.193756531715817 -0.7811610693641408 0.9099801754959218
v 2.008647058165716 0.7703133456697184 1.4385298394796848
v 2.1146415751643377 0.8191517311629197 1.18263623469706
v 1.9797758217147856 0.7703133113503745 1.4265709847772774
v 2.0857703387134072 0.8191516968435758 1.1706773799946522
vt 0.171875 0.71875
vt 0.171875 0.734375
vt 0.09375 0.734375
vt 0.09375 0.71875
vt 0.171875 0.71875
vt 0.171875 0.734375
vt 0.09375 0.734375
vt 0.09375 0.71875
vt 0.40625 0.640625
vt 0.40625 0.71875
vt 0 0.71875
vt 0 0.640625
vt 0.40625 0.640625
vt 0.40625 0.71875
vt 0 0.71875
vt 0 0.640625
vt 0.40625 0.421875
vt 0.40625 0.4375
vt 0 0.4375
vt 0 0.421875
vt 0.40625 0.421875
vt 0.40625 0.4375
vt 0 0.4375
vt 0 0.421875
vn 0.066453041847637 -0.9848078561278255 -0.16042904892229576
vn -0.066453041847637 0.9848078561278255 0.16042904892229576
vn 0.92387956642977 0.0000010982190059710684 0.382683350477042
vn -0.92387956642977 -0.0000010982190059710684 -0.382683350477042
vn -0.37686939377287826 -0.17364759286471568 0.9098439281160002
vn 0.37686939377287826 0.17364759286471568 -0.9098439281160002
usemtl m_8ad7ed1f-24b8-7774-e41a-79070d979311
f 396/1369/343 394/1370/343 393/1371/343 395/1372/343
f 399/1373/344 397/1374/344 398/1375/344 400/1376/344
f 393/1377/345 394/1378/345 398/1379/345 397/1380/345
f 396/1381/346 395/1382/346 399/1383/346 400/1384/346
f 395/1385/347 393/1386/347 397/1387/347 399/1388/347
f 400/1389/348 398/1390/348 394/1391/348 396/1392/348
o tire
v 1.8576621998968479 -0.819150038942214 1.5452886052490797
v 2.0535141863923676 -0.7703115260317357 1.3494356973246588
v 1.8355650594409048 -0.8191500264003697 1.5231915718809972
v 2.0314170459364242 -0.7703115134898914 1.327338663956576
v 1.6581331074885544 0.7811625974567077 1.7448195729324316
v 1.853985093984074 0.830001110367186 1.5489666650080107
v 1.6360359670326112 0.781162609998552 1.722722539564349
v 1.831887953528131 0.8300011229090304 1.526869631639928
vt 0.171875 0.71875
vt 0.171875 0.734375
vt 0.09375 0.734375
vt 0.09375 0.71875
vt 0.171875 0.71875
vt 0.171875 0.734375
vt 0.09375 0.734375
vt 0.09375 0.71875
vt 0.40625 0.640625
vt 0.40625 0.71875
vt 0 0.71875
vt 0 0.640625
vt 0.40625 0.640625
vt 0.40625 0.71875
vt 0 0.71875
vt 0 0.640625
vt 0.40625 0.421875
vt 0.40625 0.4375
vt 0 0.4375
vt 0 0.421875
vt 0.40625 0.421875
vt 0.40625 0.4375
vt 0 0.4375
vt 0 0.421875
vn 0.12278713378971902 -0.9848077762454905 -0.12278828780513937
vn -0.12278713378971902 0.9848077762454905 0.12278828780513937
vn 0.7071084945901822 -4.0133901783867564e-7 0.7071050677786472
vn -0.7071084945901822 4.0133901783867564e-7 -0.7071050677786472
vn -0.6963626186507372 -0.17364804590392335 0.6963658948423859
vn 0.6963626186507372 0.17364804590392335 -0.6963658948423859
usemtl m_8ad7ed1f-24b8-7774-e41a-79070d979311
f 404/1393/349 402/1394/349 401/1395/349 403/1396/349
f 407/1397/350 405/1398/350 406/1399/350 408/1400/350
f 401/1401/351 402/1402/351 406/1403/351 405/1404/351
f 404/1405/352 403/1406/352 407/1407/352 408/1408/352
f 403/1409/353 401/1410/353 405/1411/353 407/1412/353
f 408/1413/354 406/1414/354 402/1415/354 404/1416/354
o tire
v 1.5047801612311766 -0.8300030418112092 1.898170848676729
v 1.7006321477266964 -0.7811645289007308 1.7023179407523081
v 1.4826830207752335 -0.8300030292693649 1.8760738153086463
v 1.6785350072707532 -0.7811645163588865 1.6802209073842251
v 1.305251068822883 0.7703095945877125 2.0977018163600807
v 1.5011030553184028 0.8191481074981909 1.90184890843566
v 1.28315392836694 0.7703096071295569 2.075604782991998
v 1.4790059148624597 0.8191481200400352 1.879751875067577
vt 0.171875 0.71875
vt 0.171875 0.734375
vt 0.09375 0.734375
vt 0.09375 0.71875
vt 0.171875 0.71875
vt 0.171875 0.734375
vt 0.09375 0.734375
vt 0.09375 0.71875
vt 0.40625 0.640625
vt 0.40625 0.71875
vt 0 0.71875
vt 0 0.640625
vt 0.40625 0.640625
vt 0.40625 0.71875
vt 0 0.71875
vt 0 0.640625
vt 0.40625 0.421875
vt 0.40625 0.4375
vt 0 0.4375
vt 0 0.421875
vt 0.40625 0.421875
vt 0.40625 0.4375
vt 0 0.4375
vt 0 0.421875
vn 0.12278713378971902 -0.9848077762454905 -0.12278828780513937
vn -0.12278713378971902 0.9848077762454905 0.12278828780513937
vn 0.7071084945901822 -4.0133901783867564e-7 0.7071050677786472
vn -0.7071084945901822 4.0133901783867564e-7 -0.7071050677786472
vn -0.6963626186507372 -0.17364804590392335 0.6963658948423859
vn 0.6963626186507372 0.17364804590392335 -0.6963658948423859
usemtl m_8ad7ed1f-24b8-7774-e41a-79070d979311
f 412/1417/355 410/1418/355 409/1419/355 411/1420/355
f 415/1421/356 413/1422/356 414/1423/356 416/1424/356
f 409/1425/357 410/1426/357 414/1427/357 413/1428/357
f 412/1429/358 411/1430/358 415/1431/358 416/1432/358
f 411/1433/359 409/1434/359 413/1435/359 415/1436/359
f 416/1437/360 414/1438/360 410/1439/360 412/1440/360
o tire
v 1.1248931288150867 -0.8191456465153952 2.138561591019386
v 1.3807867489644272 -0.7703071209221811 2.032567175672416
v 1.1129342973521845 -0.8191456909981975 2.109690344942365
v 1.368827917501525 -0.7703071654049833 2.003695929595395
v 0.8641935452446031 0.7811669769611027 2.2465441556673187
v 1.1200871653939437 0.8300055025543168 2.1405497403203486
v 0.8522347137817009 0.7811669324783005 2.2176729095902976
v 1.1081283339310415 0.8300054580715146 2.1116784942433275
vt 0.171875 0.71875
vt 0.171875 0.734375
vt 0.09375 0.734375
vt 0.09375 0.71875
vt 0.171875 0.71875
vt 0.171875 0.734375
vt 0.09375 0.734375
vt 0.09375 0.71875
vt 0.40625 0.640625
vt 0.40625 0.71875
vt 0 0.71875
vt 0 0.640625
vt 0.40625 0.640625
vt 0.40625 0.71875
vt 0 0.71875
vt 0 0.640625
vt 0.40625 0.421875
vt 0.40625 0.4375
vt 0 0.4375
vt 0 0.421875
vt 0.40625 0.421875
vt 0.40625 0.4375
vt 0 0.4375
vt 0 0.421875
vn 0.16043051296645128 -0.9848077682932296 -0.06645080901411216
vn -0.16043051296645128 0.9848077682932296 0.06645080901411216
vn 0.38268260681287386 0.0000014234496708218083 0.9238798744646823
vn -0.38268260681287386 -0.0000014234496708218083 -0.9238798744646823
vn -0.9098439827532108 -0.1736480909980946 0.37686903234478253
vn 0.9098439827532108 0.1736480909980946 -0.37686903234478253
usemtl m_8ad7ed1f-24b8-7774-e41a-79070d979311
f 420/1441/361 418/1442/361 417/1443/361 419/1444/361
f 423/1445/362 421/1446/362 422/1447/362 424/1448/362
f 417/1449/363 418/1450/363 422/1451/363 421/1452/363
f 420/1453/364 419/1454/364 423/1455/364 424/1456/364
f 419/1457/365 417/1458/365 421/1459/365 423/1460/365
f 424/1461/366 422/1462/366 418/1463/366 420/1464/366
o tire
v 0.6638303798930109 -0.8299986522027761 2.329539655540935
v 0.9197240000423513 -0.781160126609562 2.223545240193965
v 0.6518715484301086 -0.8299986966855784 2.300668409463914
v 0.9077651685794491 -0.7811601710923642 2.1946739941169437
v 0.4031307963225276 0.7703139712737218 2.4375222201888675
v 0.659024416471868 0.8191524968669359 2.3315278048418975
v 0.39117196485962513 0.7703139267909196 2.4086509741118465
v 0.6470655850089656 0.8191524523841337 2.3026565587648764
vt 0.171875 0.71875
vt 0.171875 0.734375
vt 0.09375 0.734375
vt 0.09375 0.71875
vt 0.171875 0.71875
vt 0.171875 0.734375
vt 0.09375 0.734375
vt 0.09375 0.71875
vt 0.40625 0.640625
vt 0.40625 0.71875
vt 0 0.71875
vt 0 0.640625
vt 0.40625 0.640625
vt 0.40625 0.71875
vt 0 0.71875
vt 0 0.640625
vt 0.40625 0.421875
vt 0.40625 0.4375
vt 0 0.4375
vt 0 0.421875
vt 0.40625 0.421875
vt 0.40625 0.4375
vt 0 0.4375
vt 0 0.421875
vn 0.16043051296645128 -0.9848077682932296 -0.06645080901411216
vn -0.16043051296645128 0.9848077682932296 0.06645080901411216
vn 0.38268260681287386 0.0000014234496708218083 0.9238798744646823
vn -0.38268260681287386 -0.0000014234496708218083 -0.9238798744646823
vn -0.9098439827532108 -0.1736480909980946 0.37686903234478253
vn 0.9098439827532108 0.1736480909980946 -0.37686903234478253
usemtl m_8ad7ed1f-24b8-7774-e41a-79070d979311
f 428/1465/367 426/1466/367 425/1467/367 427/1468/367
f 431/1469/368 429/1470/368 430/1471/368 432/1472/368
f 425/1473/369 426/1474/369 430/1475/369 429/1476/369
f 428/1477/370 427/1478/370 431/1479/370 432/1480/370
f 427/1481/371 425/1482/371 429/1483/371 431/1484/371
f 432/1485/372 430/1486/372 426/1487/372 428/1488/372
o tire
v 0.22087579636867055 -0.8191490687547389 2.4062499999999996
v 0.497852976903354 -0.7703105187859147 2.4062499999999996
v 0.22087579636867055 -0.8191490687547389 2.3749999999999996
v 0.49785297690335406 -0.7703105187859147 2.3749999999999996
v -0.06130249234009155 0.781163529890099 2.4062499999999996
v 0.2156746881945919 0.8300020798589232 2.4062499999999996
v -0.06130249234009155 0.781163529890099 2.3749999999999996
v 0.21567468819459193 0.8300020798589232 2.3749999999999996
vt 0.171875 0.71875
vt 0.171875 0.734375
vt 0.09375 0.734375
vt 0.09375 0.71875
vt 0.171875 0.71875
vt 0.171875 0.734375
vt 0.09375 0.734375
vt 0.09375 0.71875
vt 0.40625 0.640625
vt 0.40625 0.71875
vt 0 0.71875
vt 0 0.640625
vt 0.40625 0.640625
vt 0.40625 0.71875
vt 0 0.71875
vt 0 0.640625
vt 0.40625 0.421875
vt 0.40625 0.4375
vt 0 0.4375
vt 0 0.421875
vt 0.40625 0.421875
vt 0.40625 0.4375
vt 0 0.4375
vt 0 0.421875
vn 0.17364817766693044 -0.984807753012208 2.379500689477062e-16
vn -0.17364817766693044 0.984807753012208 -2.379500689477062e-16
vn -1.927882050300261e-17 1.0933562422235178e-16 1
vn 1.927882050300261e-17 -1.0933562422235178e-16 -1
vn -0.984807753012208 -0.17364817766693055 -7.077798321634655e-17
vn 0.984807753012208 0.17364817766693055 7.077798321634655e-17
usemtl m_8ad7ed1f-24b8-7774-e41a-79070d979311
f 436/1489/373 434/1490/373 433/1491/373 435/1492/373
f 439/1493/374 437/1494/374 438/1495/374 440/1496/374
f 433/1497/375 434/1498/375 438/1499/375 437/1500/375
f 436/1501/376 435/1502/376 439/1503/376 440/1504/376
f 435/1505/377 433/1506/377 437/1507/377 439/1508/377
f 440/1509/378 438/1510/378 434/1511/378 436/1512/378
o tire
v -0.27817468819459246 -0.830002079858922 2.4062499999999996
v -0.0011975076599090029 -0.7811635298900979 2.4062499999999996
v -0.27817468819459246 -0.830002079858922 2.3749999999999996
v -0.0011975076599089474 -0.7811635298900979 2.3749999999999996
v -0.5603529769033546 0.7703105187859158 2.4062499999999996
v -0.2833757963686711 0.81914906875474 2.4062499999999996
v -0.5603529769033545 0.7703105187859158 2.3749999999999996
v -0.28337579636867105 0.81914906875474 2.3749999999999996
vt 0.171875 0.71875
vt 0.171875 0.734375
vt 0.09375 0.734375
vt 0.09375 0.71875
vt 0.171875 0.71875
vt 0.171875 0.734375
vt 0.09375 0.734375
vt 0.09375 0.71875
vt 0.40625 0.640625
vt 0.40625 0.71875
vt 0 0.71875
vt 0 0.640625
vt 0.40625 0.640625
vt 0.40625 0.71875
vt 0 0.71875
vt 0 0.640625
vt 0.40625 0.421875
vt 0.40625 0.4375
vt 0 0.4375
vt 0 0.421875
vt 0.40625 0.421875
vt 0.40625 0.4375
vt 0 0.4375
vt 0 0.421875
vn 0.17364817766693044 -0.984807753012208 2.379500689477062e-16
vn -0.17364817766693044 0.984807753012208 -2.379500689477062e-16
vn -1.927882050300261e-17 1.0933562422235178e-16 1
vn 1.927882050300261e-17 -1.0933562422235178e-16 -1
vn -0.984807753012208 -0.17364817766693055 -7.077798321634655e-17
vn 0.984807753012208 0.17364817766693055 7.077798321634655e-17
usemtl m_8ad7ed1f-24b8-7774-e41a-79070d979311
f 444/1513/379 442/1514/379 441/1515/379 443/1516/379
f 447/1517/380 445/1518/380 446/1519/380 448/1520/380
f 441/1521/381 442/1522/381 446/1523/381 445/1524/381
f 444/1525/382 443/1526/382 447/1527/382 448/1528/382
f 443/1529/383 441/1530/383 445/1531/383 447/1532/383
f 448/1533/384 446/1534/384 442/1535/384 444/1536/384
o rim
v 2.108870042353962 0.3424981446352573 0.078125
v 2.108870042353962 0.3424981446352573 -0.078125
v 0.28821558958126475 -0.3201658830582261 0.078125
v 0.28821558958126475 -0.3201658830582261 -0.078125
v 2.087493783396108 0.4012289334343766 0.078125
v 2.087493783396108 0.4012289334343766 -0.078125
v 0.2668393306234104 -0.2614350942591068 0.078125
v 0.2668393306234104 -0.2614350942591068 -0.078125
vt 0.453125 0.515625
vt 0.453125 1
vt 0.40625 1
vt 0.40625 0.515625
vt 0.453125 0.515625
vt 0.453125 1
vt 0.40625 1
vt 0.40625 0.515625
vt 0.046875 0.71875
vt 0.09375 0.71875
vt 0.09375 0.734375
vt 0.046875 0.734375
vt 0.171875 0.828125
vt 0.171875 0.875
vt 0.15625 0.875
vt 0.15625 0.828125
vt 0.484375 0.421875
vt 0 0.421875
vt 0 0.40625
vt 0.484375 0.40625
vt 0.484375 0.421875
vt 0 0.421875
vt 0 0.40625
vt 0.484375 0.40625
vn 0.3420201433256689 -0.9396926207859083 0
vn -0.3420201433256689 0.9396926207859083 0
vn 0.9396926207859083 0.3420201433256689 0
vn -0.9396926207859083 -0.3420201433256689 0
vn 0 0 1
vn 0 0 -1
usemtl m_8ad7ed1f-24b8-7774-e41a-79070d979311
f 452/1537/385 450/1538/385 449/1539/385 451/1540/385
f 455/1541/386 453/1542/386 454/1543/386 456/1544/386
f 449/1545/387 450/1546/387 454/1547/387 453/1548/387
f 452/1549/388 451/1550/388 455/1551/388 456/1552/388
f 451/1553/389 449/1554/389 453/1555/389 455/1556/389
f 456/1557/390 454/1558/390 450/1559/390 452/1560/390
o rim
v 1.9577848814313943 -0.40332562259450366 -0.7263791594500422
v 1.897990595124349 -0.40332562259450366 -0.8707353364049306
v 0.275719496739162 0.25933840509897843 -0.02964486431220198
v 0.21592521043211677 0.25933840509897843 -0.17400104126709054
v 1.977533969564217 -0.34459483379538436 -0.7345594995991587
v 1.9177396832571716 -0.34459483379538436 -0.8789156765540473
v 0.2954685848719847 0.31806919389809774 -0.03782520446131865
v 0.2356742985649394 0.31806919389809774 -0.1821813814162072
vt 0.453125 0.515625
vt 0.453125 1
vt 0.40625 1
vt 0.40625 0.515625
vt 0.453125 0.515625
vt 0.453125 1
vt 0.40625 1
vt 0.40625 0.515625
vt 0.046875 0.71875
vt 0.09375 0.71875
vt 0.09375 0.734375
vt 0.046875 0.734375
vt 0.171875 0.828125
vt 0.171875 0.875
vt 0.15625 0.875
vt 0.15625 0.828125
vt 0.484375 0.421875
vt 0 0.421875
vt 0 0.40625
vt 0.484375 0.40625
vt 0.484375 0.421875
vt 0 0.421875
vt 0 0.40625
vt 0.484375 0.40625
vn -0.3159854101251617 -0.9396926207859086 0.1308854423858667
vn 0.3159854101251617 0.9396926207859086 -0.1308854423858667
vn 0.8681627791959909 -0.3420201433256684 -0.3596047974904981
vn -0.8681627791959909 0.3420201433256684 0.3596047974904981
vn 0.38268343236508984 5.551115123125784e-17 0.9238795325112867
vn -0.38268343236508984 -5.551115123125784e-17 -0.9238795325112867
usemtl m_8ad7ed1f-24b8-7774-e41a-79070d979311
f 460/1561/391 458/1562/391 457/1563/391 459/1564/391
f 463/1565/392 461/1566/392 462/1567/392 464/1568/392
f 457/1569/393 458/1570/393 462/1571/393 461/1572/393
f 460/1573/394 459/1574/394 463/1575/394 464/1576/394
f 459/1577/395 457/1578/395 461/1579/395 463/1580/395
f 464/1581/396 462/1582/396 458/1583/396 460/1584/396
o rim
v 1.546438120095267 0.34249931909537157 -1.4359539650803759
v 1.435952685534869 0.3424991262619108 -1.5464393996406056
v 0.2590418281604774 -0.3201656393071606 -0.1485565165750889
v 0.14855639360007933 -0.32016583214062144 -0.2590419511353187
v 1.5313227499481195 0.4012300969669995 -1.42083869743775
v 1.4208373153877214 0.40122990413353876 -1.5313241319979798
v 0.24392645801332985 -0.26143486143553263 -0.13344124893246295
v 0.1334410234529318 -0.2614350542689935 -0.24392668349269275
vt 0.453125 0.515625
vt 0.453125 1
vt 0.40625 1
vt 0.40625 0.515625
vt 0.453125 0.515625
vt 0.453125 1
vt 0.40625 1
vt 0.40625 0.515625
vt 0.046875 0.71875
vt 0.09375 0.71875
vt 0.09375 0.734375
vt 0.046875 0.734375
vt 0.171875 0.828125
vt 0.171875 0.875
vt 0.15625 0.875
vt 0.15625 0.828125
vt 0.484375 0.421875
vt 0 0.421875
vt 0 0.40625
vt 0.484375 0.40625
vt 0.484375 0.421875
vt 0 0.421875
vt 0 0.40625
vt 0.484375 0.40625
vn 0.24184592235436056 -0.9396924459460477 -0.24184428228201513
vn -0.24184592235436056 0.9396924459460477 0.24184428228201513
vn 0.664462602288924 0.3420206236916296 -0.6644631992285353
vn -0.664462602288924 -0.3420206236916296 0.6644631992285353
vn 0.7071067811865476 0.0000012341341497357223 0.7071067811854707
vn -0.7071067811865476 -0.0000012341341497357223 -0.7071067811854707
usemtl m_8ad7ed1f-24b8-7774-e41a-79070d979311
f 468/1585/397 466/1586/397 465/1587/397 467/1588/397
f 471/1589/398 469/1590/398 470/1591/398 472/1592/398
f 465/1593/399 466/1594/399 470/1595/399 469/1596/399
f 468/1597/400 467/1598/400 471/1599/400 472/1600/400
f 467/1601/401 465/1602/401 469/1603/401 471/1604/401
f 472/1605/402 470/1606/402 466/1607/402 468/1608/402
o rim
v 0.8707342758271857 -0.40332296880076624 -1.897992191791034
v 0.7263780988722972 -0.40332265571861514 -1.9577864780972596
v 0.17400086589158154 0.259338606899975 -0.21592547445509108
v 0.029644688936693003 0.259338919982126 -0.2757197607613167
v 0.878914694429849 -0.34459215121305464 -1.917741161813902
v 0.7345585174749606 -0.34459183813090355 -1.9775354481201275
v 0.18218128449424492 0.3180694244876867 -0.2356744444779591
v 0.037825107539356376 0.3180697375698377 -0.29546873078418473
vt 0.453125 0.515625
vt 0.453125 1
vt 0.40625 1
vt 0.40625 0.515625
vt 0.453125 0.515625
vt 0.453125 1
vt 0.40625 1
vt 0.40625 0.515625
vt 0.046875 0.71875
vt 0.09375 0.71875
vt 0.09375 0.734375
vt 0.046875 0.734375
vt 0.171875 0.828125
vt 0.171875 0.875
vt 0.15625 0.875
vt 0.15625 0.828125
vt 0.484375 0.421875
vt 0 0.421875
vt 0 0.40625
vt 0.484375 0.40625
vt 0.484375 0.421875
vt 0 0.421875
vt 0 0.40625
vt 0.484375 0.40625
vn -0.130886697642614 -0.9396930814033864 0.31598352036588784
vn 0.130886697642614 0.9396930814033864 -0.31598352036588784
vn 0.35960434061192487 -0.34201887778102785 -0.8681634670120998
vn -0.35960434061192487 0.34201887778102785 0.8681634670120998
vn 0.9238795325112867 -0.000002003725766308584 0.38268343235984403
vn -0.9238795325112867 0.000002003725766308584 -0.38268343235984403
usemtl m_8ad7ed1f-24b8-7774-e41a-79070d979311
f 476/1609/403 474/1610/403 473/1611/403 475/1612/403
f 479/1613/404 477/1614/404 478/1615/404 480/1616/404
f 473/1617/405 474/1618/405 478/1619/405 477/1620/405
f 476/1621/406 475/1622/406 479/1623/406 480/1624/406
f 475/1625/407 473/1626/407 477/1627/407 479/1628/407
f 480/1629/408 478/1630/408 474/1631/408 476/1632/408
o rim
v -1.8979905951243488 -0.40332562259450466 -0.8707353364049306
v -1.957784881431394 -0.40332562259450466 -0.7263791594500422
v -0.2159252104321167 0.2593384050989783 -0.17400104126709054
v -0.27571949673916196 0.2593384050989783 -0.02964486431220198
v -1.9177396832571714 -0.34459483379538536 -0.8789156765540473
v -1.9775339695642167 -0.34459483379538536 -0.7345594995991587
v -0.23567429856493935 0.3180691938980976 -0.1821813814162072
v -0.29546858487198463 0.31806919389809757 -0.03782520446131865
vt 0.453125 0.515625
vt 0.453125 1
vt 0.40625 1
vt 0.40625 0.515625
vt 0.453125 0.515625
vt 0.453125 1
vt 0.40625 1
vt 0.40625 0.515625
vt 0.046875 0.71875
vt 0.09375 0.71875
vt 0.09375 0.734375
vt 0.046875 0.734375
vt 0.171875 0.828125
vt 0.171875 0.875
vt 0.15625 0.875
vt 0.15625 0.828125
vt 0.484375 0.421875
vt 0 0.421875
vt 0 0.40625
vt 0.484375 0.40625
vt 0.484375 0.421875
vt 0 0.421875
vt 0 0.40625
vt 0.484375 0.40625
vn 0.3159854101251622 -0.9396926207859084 0.13088544238586677
vn -0.3159854101251622 0.9396926207859084 -0.13088544238586677
vn -0.8681627791959908 -0.3420201433256687 -0.3596047974904981
vn 0.8681627791959908 0.3420201433256687 0.3596047974904981
vn 0.38268343236508984 1.1102230246251568e-16 -0.9238795325112868
vn -0.38268343236508984 -1.1102230246251568e-16 0.9238795325112868
usemtl m_8ad7ed1f-24b8-7774-e41a-79070d979311
f 484/1633/409 482/1634/409 481/1635/409 483/1636/409
f 487/1637/410 485/1638/410 486/1639/410 488/1640/410
f 481/1641/411 482/1642/411 486/1643/411 485/1644/411
f 484/1645/412 483/1646/412 487/1647/412 488/1648/412
f 483/1649/413 481/1650/413 485/1651/413 487/1652/413
f 488/1653/414 486/1654/414 482/1655/414 484/1656/414
o rim
v -1.435952685534869 0.34249912626191004 -1.5464393996406056
v -1.546438120095267 0.3424993190953708 -1.4359539650803759
v -0.1485563936000793 -0.32016583214062155 -0.25904195113531864
v -0.2590418281604773 -0.3201656393071607 -0.14855651657508895
v -1.4208373153877214 0.401229904133538 -1.5313241319979798
v -1.5313227499481195 0.40123009696699874 -1.42083869743775
v -0.13344102345293182 -0.2614350542689936 -0.2439266834926927
v -0.24392645801332988 -0.26143486143553274 -0.133441248932463
vt 0.453125 0.515625
vt 0.453125 1
vt 0.40625 1
vt 0.40625 0.515625
vt 0.453125 0.515625
vt 0.453125 1
vt 0.40625 1
vt 0.40625 0.515625
vt 0.046875 0.71875
vt 0.09375 0.71875
vt 0.09375 0.734375
vt 0.046875 0.734375
vt 0.171875 0.828125
vt 0.171875 0.875
vt 0.15625 0.875
vt 0.15625 0.828125
vt 0.484375 0.421875
vt 0 0.421875
vt 0 0.40625
vt 0.484375 0.40625
vt 0.484375 0.421875
vt 0 0.421875
vt 0 0.40625
vt 0.484375 0.40625
vn -0.2418459223543602 -0.9396924459460478 -0.24184428228201504
vn 0.2418459223543602 0.9396924459460478 0.24184428228201504
vn -0.6644626022889238 0.34202062369162906 -0.6644631992285356
vn 0.6644626022889238 -0.34202062369162906 0.6644631992285356
vn 0.7071067811865477 -0.000001234134149208366 -0.7071067811854703
vn -0.7071067811865477 0.000001234134149208366 0.7071067811854703
usemtl m_8ad7ed1f-24b8-7774-e41a-79070d979311
f 492/1657/415 490/1658/415 489/1659/415 491/1660/415
f 495/1661/416 493/1662/416 494/1663/416 496/1664/416
f 489/1665/417 490/1666/417 494/1667/417 493/1668/417
f 492/1669/418 491/1670/418 495/1671/418 496/1672/418
f 491/1673/419 489/1674/419 493/1675/419 495/1676/419
f 496/1677/420 494/1678/420 490/1679/420 492/1680/420
o rim
v -0.7263791594500422 -0.4033256225945052 -1.9577848814313943
v -0.8707353364049308 -0.4033256225945052 -1.897990595124349
v -0.029644864312201993 0.25933840509897826 -0.2757194967391621
v -0.17400104126709054 0.25933840509897826 -0.21592521043211674
v -0.7345594995991589 -0.3445948337953859 -1.977533969564217
v -0.8789156765540473 -0.3445948337953859 -1.9177396832571716
v -0.03782520446131868 0.3180691938980975 -0.2954685848719847
v -0.18218138141620724 0.3180691938980975 -0.23567429856493938
vt 0.453125 0.515625
vt 0.453125 1
vt 0.40625 1
vt 0.40625 0.515625
vt 0.453125 0.515625
vt 0.453125 1
vt 0.40625 1
vt 0.40625 0.515625
vt 0.046875 0.71875
vt 0.09375 0.71875
vt 0.09375 0.734375
vt 0.046875 0.734375
vt 0.171875 0.828125
vt 0.171875 0.875
vt 0.15625 0.875
vt 0.15625 0.828125
vt 0.484375 0.421875
vt 0 0.421875
vt 0 0.40625
vt 0.484375 0.40625
vt 0.484375 0.421875
vt 0 0.421875
vt 0 0.40625
vt 0.484375 0.40625
vn 0.13088544238586708 -0.9396926207859085 0.31598541012516224
vn -0.13088544238586708 0.9396926207859085 -0.31598541012516224
vn -0.3596047974904984 -0.34202014332566877 -0.8681627791959909
vn 0.3596047974904984 0.34202014332566877 0.8681627791959909
vn 0.9238795325112868 1.1102230246251565e-16 -0.38268343236508984
vn -0.9238795325112868 -1.1102230246251565e-16 0.38268343236508984
usemtl m_8ad7ed1f-24b8-7774-e41a-79070d979311
f 500/1681/421 498/1682/421 497/1683/421 499/1684/421
f 503/1685/422 501/1686/422 502/1687/422 504/1688/422
f 497/1689/423 498/1690/423 502/1691/423 501/1692/423
f 500/1693/424 499/1694/424 503/1695/424 504/1696/424
f 499/1697/425 497/1698/425 501/1699/425 503/1700/425
f 504/1701/426 502/1702/426 498/1703/426 500/1704/426
o rim
v 0.07812500000000012 0.3424981446352573 -2.1088700423539617
v -0.07812499999999985 0.3424981446352573 -2.1088700423539617
v 0.07812500000000001 -0.3201658830582261 -0.2882155895812647
v -0.07812499999999996 -0.3201658830582261 -0.2882155895812647
v 0.0781250000000001 0.4012289334343766 -2.0874937833961074
v -0.07812499999999988 0.4012289334343766 -2.0874937833961074
v 0.07812499999999999 -0.2614350942591068 -0.2668393306234104
v -0.07812499999999999 -0.2614350942591068 -0.2668393306234104
vt 0.453125 0.515625
vt 0.453125 1
vt 0.40625 1
vt 0.40625 0.515625
vt 0.453125 0.515625
vt 0.453125 1
vt 0.40625 1
vt 0.40625 0.515625
vt 0.046875 0.71875
vt 0.09375 0.71875
vt 0.09375 0.734375
vt 0.046875 0.734375
vt 0.171875 0.828125
vt 0.171875 0.875
vt 0.15625 0.875
vt 0.15625 0.828125
vt 0.484375 0.421875
vt 0 0.421875
vt 0 0.40625
vt 0.484375 0.40625
vt 0.484375 0.421875
vt 0 0.421875
vt 0 0.40625
vt 0.484375 0.40625
vn 2.3243398515118153e-16 -0.9396926207859084 -0.342020143325669
vn -2.3243398515118153e-16 0.9396926207859084 0.342020143325669
vn 1.5169588103251133e-16 0.3420201433256687 -0.9396926207859084
vn -1.5169588103251133e-16 -0.3420201433256687 0.9396926207859084
vn 1 2.939945831997738e-16 1.6607901058506967e-16
vn -1 -2.939945831997738e-16 -1.6607901058506967e-16
usemtl m_8ad7ed1f-24b8-7774-e41a-79070d979311
f 508/1705/427 506/1706/427 505/1707/427 507/1708/427
f 511/1709/428 509/1710/428 510/1711/428 512/1712/428
f 505/1713/429 506/1714/429 510/1715/429 509/1716/429
f 508/1717/430 507/1718/430 511/1719/430 512/1720/430
f 507/1721/431 505/1722/431 509/1723/431 511/1724/431
f 512/1725/432 510/1726/432 506/1727/432 508/1728/432
o rim
v -0.8707342758271857 -0.4033229688007661 1.897992191791034
v -0.7263780988722972 -0.40332265571861525 1.9577864780972596
v -0.17400086589158154 0.259338606899975 0.21592547445509108
v -0.02964468893669299 0.259338919982126 0.2757197607613167
v -0.8789146944298492 -0.34459215121305453 1.917741161813902
v -0.7345585174749605 -0.34459183813090366 1.9775354481201275
v -0.18218128449424492 0.3180694244876867 0.2356744444779591
v -0.03782510753935636 0.3180697375698377 0.29546873078418473
vt 0.453125 0.515625
vt 0.453125 1
vt 0.40625 1
vt 0.40625 0.515625
vt 0.453125 0.515625
vt 0.453125 1
vt 0.40625 1
vt 0.40625 0.515625
vt 0.046875 0.71875
vt 0.09375 0.71875
vt 0.09375 0.734375
vt 0.046875 0.734375
vt 0.171875 0.828125
vt 0.171875 0.875
vt 0.15625 0.875
vt 0.15625 0.828125
vt 0.484375 0.421875
vt 0 0.421875
vt 0 0.40625
vt 0.484375 0.40625
vt 0.484375 0.421875
vt 0 0.421875
vt 0 0.40625
vt 0.484375 0.40625
vn 0.1308866976426139 -0.9396930814033866 -0.315983520365888
vn -0.1308866976426139 0.9396930814033866 0.315983520365888
vn -0.35960434061192476 -0.342018877781028 0.8681634670120997
vn 0.35960434061192476 0.342018877781028 -0.8681634670120997
vn -0.9238795325112867 -0.0000020037257662530727 -0.38268343235984403
vn 0.9238795325112867 0.0000020037257662530727 0.38268343235984403
usemtl m_8ad7ed1f-24b8-7774-e41a-79070d979311
f 516/1729/433 514/1730/433 513/1731/433 515/1732/433
f 519/1733/434 517/1734/434 518/1735/434 520/1736/434
f 513/1737/435 514/1738/435 518/1739/435 517/1740/435
f 516/1741/436 515/1742/436 519/1743/436 520/1744/436
f 515/1745/437 513/1746/437 517/1747/437 519/1748/437
f 520/1749/438 518/1750/438 514/1751/438 516/1752/438
o rim
v -1.546438120095267 0.3424993190953708 1.4359539650803759
v -1.435952685534869 0.34249912626191004 1.5464393996406056
v -0.2590418281604773 -0.3201656393071607 0.14855651657508895
v -0.1485563936000793 -0.32016583214062155 0.25904195113531864
v -1.5313227499481195 0.40123009696699874 1.42083869743775
v -1.4208373153877214 0.401229904133538 1.5313241319979798
v -0.24392645801332988 -0.26143486143553274 0.133441248932463
v -0.13344102345293182 -0.2614350542689936 0.2439266834926927
vt 0.453125 0.515625
vt 0.453125 1
vt 0.40625 1
vt 0.40625 0.515625
vt 0.453125 0.515625
vt 0.453125 1
vt 0.40625 1
vt 0.40625 0.515625
vt 0.046875 0.71875
vt 0.09375 0.71875
vt 0.09375 0.734375
vt 0.046875 0.734375
vt 0.171875 0.828125
vt 0.171875 0.875
vt 0.15625 0.875
vt 0.15625 0.828125
vt 0.484375 0.421875
vt 0 0.421875
vt 0 0.40625
vt 0.484375 0.40625
vt 0.484375 0.421875
vt 0 0.421875
vt 0 0.40625
vt 0.484375 0.40625
vn -0.2418459223543602 -0.9396924459460478 0.24184428228201504
vn 0.2418459223543602 0.9396924459460478 -0.24184428228201504
vn -0.6644626022889238 0.34202062369162906 0.6644631992285356
vn 0.6644626022889238 -0.34202062369162906 -0.6644631992285356
vn -0.7071067811865477 0.000001234134149208366 -0.7071067811854703
vn 0.7071067811865477 -0.000001234134149208366 0.7071067811854703
usemtl m_8ad7ed1f-24b8-7774-e41a-79070d979311
f 524/1753/439 522/1754/439 521/1755/439 523/1756/439
f 527/1757/440 525/1758/440 526/1759/440 528/1760/440
f 521/1761/441 522/1762/441 526/1763/441 525/1764/441
f 524/1765/442 523/1766/442 527/1767/442 528/1768/442
f 523/1769/443 521/1770/443 525/1771/443 527/1772/443
f 528/1773/444 526/1774/444 522/1775/444 524/1776/444
o rim
v -1.957784881431394 -0.40332562259450466 0.7263791594500422
v -1.8979905951243488 -0.40332562259450466 0.8707353364049306
v -0.27571949673916196 0.2593384050989783 0.02964486431220198
v -0.2159252104321167 0.2593384050989783 0.17400104126709054
v -1.9775339695642167 -0.34459483379538536 0.7345594995991587
v -1.9177396832571714 -0.34459483379538536 0.8789156765540473
v -0.29546858487198463 0.31806919389809757 0.03782520446131865
v -0.23567429856493935 0.3180691938980976 0.1821813814162072
vt 0.453125 0.515625
vt 0.453125 1
vt 0.40625 1
vt 0.40625 0.515625
vt 0.453125 0.515625
vt 0.453125 1
vt 0.40625 1
vt 0.40625 0.515625
vt 0.046875 0.71875
vt 0.09375 0.71875
vt 0.09375 0.734375
vt 0.046875 0.734375
vt 0.171875 0.828125
vt 0.171875 0.875
vt 0.15625 0.875
vt 0.15625 0.828125
vt 0.484375 0.421875
vt 0 0.421875
vt 0 0.40625
vt 0.484375 0.40625
vt 0.484375 0.421875
vt 0 0.421875
vt 0 0.40625
vt 0.484375 0.40625
vn 0.3159854101251622 -0.9396926207859084 -0.13088544238586677
vn -0.3159854101251622 0.9396926207859084 0.13088544238586677
vn -0.8681627791959908 -0.3420201433256687 0.3596047974904981
vn 0.8681627791959908 0.3420201433256687 -0.3596047974904981
vn -0.38268343236508984 -1.1102230246251568e-16 -0.9238795325112868
vn 0.38268343236508984 1.1102230246251568e-16 0.9238795325112868
usemtl m_8ad7ed1f-24b8-7774-e41a-79070d979311
f 532/1777/445 530/1778/445 529/1779/445 531/1780/445
f 535/1781/446 533/1782/446 534/1783/446 536/1784/446
f 529/1785/447 530/1786/447 534/1787/447 533/1788/447
f 532/1789/448 531/1790/448 535/1791/448 536/1792/448
f 531/1793/449 529/1794/449 533/1795/449 535/1796/449
f 536/1797/450 534/1798/450 530/1799/450 532/1800/450
o rim
v -2.108870042353962 0.3424981446352565 -0.07812499999999992
v -2.108870042353962 0.3424981446352565 0.07812500000000008
v -0.2882155895812647 -0.3201658830582262 -0.07812499999999999
v -0.2882155895812647 -0.3201658830582262 0.07812500000000001
v -2.087493783396108 0.4012289334343758 -0.0781249999999999
v -2.087493783396108 0.4012289334343758 0.0781250000000001
v -0.2668393306234104 -0.26143509425910694 -0.07812499999999999
v -0.2668393306234104 -0.26143509425910694 0.07812500000000001
vt 0.453125 0.515625
vt 0.453125 1
vt 0.40625 1
vt 0.40625 0.515625
vt 0.453125 0.515625
vt 0.453125 1
vt 0.40625 1
vt 0.40625 0.515625
vt 0.046875 0.71875
vt 0.09375 0.71875
vt 0.09375 0.734375
vt 0.046875 0.734375
vt 0.171875 0.828125
vt 0.171875 0.875
vt 0.15625 0.875
vt 0.15625 0.828125
vt 0.484375 0.421875
vt 0 0.421875
vt 0 0.40625
vt 0.484375 0.40625
vt 0.484375 0.421875
vt 0 0.421875
vt 0 0.40625
vt 0.484375 0.40625
vn -0.34202014332566866 -0.9396926207859085 -1.1507915602278505e-16
vn 0.34202014332566866 0.9396926207859085 1.1507915602278505e-16
vn -0.9396926207859085 0.34202014332566855 4.1885387376769887e-17
vn 0.9396926207859085 -0.34202014332566855 -4.1885387376769887e-17
vn 6.162975822039157e-33 1.2246467991473535e-16 -1
vn -6.162975822039157e-33 -1.2246467991473535e-16 1
usemtl m_8ad7ed1f-24b8-7774-e41a-79070d979311
f 540/1801/451 538/1802/451 537/1803/451 539/1804/451
f 543/1805/452 541/1806/452 542/1807/452 544/1808/452
f 537/1809/453 538/1810/453 542/1811/453 541/1812/453
f 540/1813/454 539/1814/454 543/1815/454 544/1816/454
f 539/1817/455 537/1818/455 541/1819/455 543/1820/455
f 544/1821/456 542/1822/456 538/1823/456 540/1824/456
o rim
v 1.897990595124349 -0.40332562259450366 0.8707353364049306
v 1.9577848814313943 -0.40332562259450366 0.7263791594500422
v 0.21592521043211677 0.25933840509897843 0.17400104126709054
v 0.275719496739162 0.25933840509897843 0.02964486431220198
v 1.9177396832571716 -0.34459483379538436 0.8789156765540473
v 1.977533969564217 -0.34459483379538436 0.7345594995991587
v 0.2356742985649394 0.31806919389809774 0.1821813814162072
v 0.2954685848719847 0.31806919389809774 0.03782520446131865
vt 0.453125 0.515625
vt 0.453125 1
vt 0.40625 1
vt 0.40625 0.515625
vt 0.453125 0.515625
vt 0.453125 1
vt 0.40625 1
vt 0.40625 0.515625
vt 0.046875 0.71875
vt 0.09375 0.71875
vt 0.09375 0.734375
vt 0.046875 0.734375
vt 0.171875 0.828125
vt 0.171875 0.875
vt 0.15625 0.875
vt 0.15625 0.828125
vt 0.484375 0.421875
vt 0 0.421875
vt 0 0.40625
vt 0.484375 0.40625
vt 0.484375 0.421875
vt 0 0.421875
vt 0 0.40625
vt 0.484375 0.40625
vn -0.3159854101251617 -0.9396926207859086 -0.1308854423858667
vn 0.3159854101251617 0.9396926207859086 0.1308854423858667
vn 0.8681627791959909 -0.3420201433256684 0.3596047974904981
vn -0.8681627791959909 0.3420201433256684 -0.3596047974904981
vn -0.38268343236508984 -5.551115123125784e-17 0.9238795325112867
vn 0.38268343236508984 5.551115123125784e-17 -0.9238795325112867
usemtl m_8ad7ed1f-24b8-7774-e41a-79070d979311
f 548/1825/457 546/1826/457 545/1827/457 547/1828/457
f 551/1829/458 549/1830/458 550/1831/458 552/1832/458
f 545/1833/459 546/1834/459 550/1835/459 549/1836/459
f 548/1837/460 547/1838/460 551/1839/460 552/1840/460
f 547/1841/461 545/1842/461 549/1843/461 551/1844/461
f 552/1845/462 550/1846/462 546/1847/462 548/1848/462
o rim
v 1.435952685534869 0.3424991262619108 1.5464393996406056
v 1.546438120095267 0.34249931909537157 1.4359539650803759
v 0.14855639360007933 -0.32016583214062144 0.2590419511353187
v 0.2590418281604774 -0.3201656393071606 0.1485565165750889
v 1.4208373153877214 0.40122990413353876 1.5313241319979798
v 1.5313227499481195 0.4012300969669995 1.42083869743775
v 0.1334410234529318 -0.2614350542689935 0.24392668349269275
v 0.24392645801332985 -0.26143486143553263 0.13344124893246295
vt 0.453125 0.515625
vt 0.453125 1
vt 0.40625 1
vt 0.40625 0.515625
vt 0.453125 0.515625
vt 0.453125 1
vt 0.40625 1
vt 0.40625 0.515625
vt 0.046875 0.71875
vt 0.09375 0.71875
vt 0.09375 0.734375
vt 0.046875 0.734375
vt 0.171875 0.828125
vt 0.171875 0.875
vt 0.15625 0.875
vt 0.15625 0.828125
vt 0.484375 0.421875
vt 0 0.421875
vt 0 0.40625
vt 0.484375 0.40625
vt 0.484375 0.421875
vt 0 0.421875
vt 0 0.40625
vt 0.484375 0.40625
vn 0.24184592235436056 -0.9396924459460477 0.24184428228201513
vn -0.24184592235436056 0.9396924459460477 -0.24184428228201513
vn 0.664462602288924 0.3420206236916296 0.6644631992285353
vn -0.664462602288924 -0.3420206236916296 -0.6644631992285353
vn -0.7071067811865476 -0.0000012341341497357223 0.7071067811854707
vn 0.7071067811865476 0.0000012341341497357223 -0.7071067811854707
usemtl m_8ad7ed1f-24b8-7774-e41a-79070d979311
f 556/1849/463 554/1850/463 553/1851/463 555/1852/463
f 559/1853/464 557/1854/464 558/1855/464 560/1856/464
f 553/1857/465 554/1858/465 558/1859/465 557/1860/465
f 556/1861/466 555/1862/466 559/1863/466 560/1864/466
f 555/1865/467 553/1866/467 557/1867/467 559/1868/467
f 560/1869/468 558/1870/468 554/1871/468 556/1872/468
o rim
v 0.7263791594500424 -0.4033256225945042 1.957784881431394
v 0.8707353364049308 -0.4033256225945042 1.8979905951243488
v 0.029644864312202035 0.2593384050989784 0.275719496739162
v 0.17400104126709057 0.2593384050989784 0.21592521043211668
v 0.734559499599159 -0.3445948337953849 1.9775339695642167
v 0.8789156765540475 -0.3445948337953849 1.9177396832571714
v 0.03782520446131871 0.3180691938980976 0.29546858487198463
v 0.18218138141620724 0.3180691938980976 0.23567429856493932
vt 0.453125 0.515625
vt 0.453125 1
vt 0.40625 1
vt 0.40625 0.515625
vt 0.453125 0.515625
vt 0.453125 1
vt 0.40625 1
vt 0.40625 0.515625
vt 0.046875 0.71875
vt 0.09375 0.71875
vt 0.09375 0.734375
vt 0.046875 0.734375
vt 0.171875 0.828125
vt 0.171875 0.875
vt 0.15625 0.875
vt 0.15625 0.828125
vt 0.484375 0.421875
vt 0 0.421875
vt 0 0.40625
vt 0.484375 0.40625
vt 0.484375 0.421875
vt 0 0.421875
vt 0 0.40625
vt 0.484375 0.40625
vn -0.13088544238586688 -0.9396926207859085 -0.3159854101251619
vn 0.13088544238586688 0.9396926207859085 0.3159854101251619
vn 0.35960479749049845 -0.3420201433256686 0.8681627791959908
vn -0.35960479749049845 0.3420201433256686 -0.8681627791959908
vn -0.9238795325112866 -5.551115123125784e-17 0.38268343236508984
vn 0.9238795325112866 5.551115123125784e-17 -0.38268343236508984
usemtl m_8ad7ed1f-24b8-7774-e41a-79070d979311
f 564/1873/469 562/1874/469 561/1875/469 563/1876/469
f 567/1877/470 565/1878/470 566/1879/470 568/1880/470
f 561/1881/471 562/1882/471 566/1883/471 565/1884/471
f 564/1885/472 563/1886/472 567/1887/472 568/1888/472
f 563/1889/473 561/1890/473 565/1891/473 567/1892/473
f 568/1893/474 566/1894/474 562/1895/474 564/1896/474
o rim
v -0.07812499999999985 0.3424981446352573 2.1088700423539617
v 0.07812500000000012 0.3424981446352573 2.1088700423539617
v -0.07812499999999996 -0.3201658830582261 0.2882155895812647
v 0.07812500000000001 -0.3201658830582261 0.2882155895812647
v -0.07812499999999988 0.4012289334343766 2.0874937833961074
v 0.0781250000000001 0.4012289334343766 2.0874937833961074
v -0.07812499999999999 -0.2614350942591068 0.2668393306234104
v 0.07812499999999999 -0.2614350942591068 0.2668393306234104
vt 0.453125 0.515625
vt 0.453125 1
vt 0.40625 1
vt 0.40625 0.515625
vt 0.453125 0.515625
vt 0.453125 1
vt 0.40625 1
vt 0.40625 0.515625
vt 0.046875 0.71875
vt 0.09375 0.71875
vt 0.09375 0.734375
vt 0.046875 0.734375
vt 0.171875 0.828125
vt 0.171875 0.875
vt 0.15625 0.875
vt 0.15625 0.828125
vt 0.484375 0.421875
vt 0 0.421875
vt 0 0.40625
vt 0.484375 0.40625
vt 0.484375 0.421875
vt 0 0.421875
vt 0 0.40625
vt 0.484375 0.40625
vn 2.3243398515118153e-16 -0.9396926207859084 0.342020143325669
vn -2.3243398515118153e-16 0.9396926207859084 -0.342020143325669
vn 1.5169588103251133e-16 0.3420201433256687 0.9396926207859084
vn -1.5169588103251133e-16 -0.3420201433256687 -0.9396926207859084
vn -1 -2.939945831997738e-16 1.6607901058506967e-16
vn 1 2.939945831997738e-16 -1.6607901058506967e-16
usemtl m_8ad7ed1f-24b8-7774-e41a-79070d979311
f 572/1897/475 570/1898/475 569/1899/475 571/1900/475
f 575/1901/476 573/1902/476 574/1903/476 576/1904/476
f 569/1905/477 570/1906/477 574/1907/477 573/1908/477
f 572/1909/478 571/1910/478 575/1911/478 576/1912/478
f 571/1913/479 569/1914/479 573/1915/479 575/1916/479
f 576/1917/480 574/1918/480 570/1919/480 572/1920/480
o rim
v 0.31249999999999994 0.18750000000000008 0.3125
v 0.31249999999999994 0.18750000000000008 -0.3125
v -0.31250000000000006 0.18749999999999994 0.3125
v -0.31250000000000006 0.18749999999999994 -0.3125
v 0.3124999999999999 0.3750000000000001 0.3125
v 0.3124999999999999 0.3750000000000001 -0.3125
v -0.3125000000000001 0.37499999999999994 0.3125
v -0.3125000000000001 0.37499999999999994 -0.3125
vt 0.15625 0.84375
vt 0.15625 1
vt 0 1
vt 0 0.84375
vt 0.15625 0.84375
vt 0.15625 1
vt 0 1
vt 0 0.84375
vt 0.21875 0.71875
vt 0.21875 0.875
vt 0.171875 0.875
vt 0.171875 0.71875
vt 0.21875 0.71875
vt 0.21875 0.875
vt 0.171875 0.875
vt 0.171875 0.71875
vt 0.21875 0.71875
vt 0.21875 0.875
vt 0.171875 0.875
vt 0.171875 0.71875
vt 0.21875 0.71875
vt 0.21875 0.875
vt 0.171875 0.875
vt 0.171875 0.71875
vn 2.220446049250313e-16 -1 0
vn -2.220446049250313e-16 1 0
vn 1 2.220446049250313e-16 0
vn -1 -2.220446049250313e-16 0
vn 0 0 1
vn 0 0 -1
usemtl m_8ad7ed1f-24b8-7774-e41a-79070d979311
f 580/1921/481 578/1922/481 577/1923/481 579/1924/481
f 583/1925/482 581/1926/482 582/1927/482 584/1928/482
f 577/1929/483 578/1930/483 582/1931/483 581/1932/483
f 580/1933/484 579/1934/484 583/1935/484 584/1936/484
f 579/1937/485 577/1938/485 581/1939/485 583/1940/485
f 584/1941/486 582/1942/486 578/1943/486 580/1944/486
o rim
v 0.24999999999999994 0.18750000000000006 -0.3125
v 0.24999999999999994 0.18750000000000006 -0.5625
v -0.25000000000000006 0.18749999999999994 -0.3125
v -0.25000000000000006 0.18749999999999994 -0.5625
v 0.2499999999999999 0.37500000000000006 -0.3125
v 0.2499999999999999 0.37500000000000006 -0.5625
v -0.2500000000000001 0.37499999999999994 -0.3125
v -0.2500000000000001 0.37499999999999994 -0.5625
vt 0.21875 0.875
vt 0.21875 1
vt 0.15625 1
vt 0.15625 0.875
vt 0.15625 1
vt 0.15625 0.875
vt 0.21875 0.875
vt 0.21875 1
vt 0.265625 0.9375
vt 0.265625 1
vt 0.21875 1
vt 0.21875 0.9375
vt 0.265625 0.9375
vt 0.265625 1
vt 0.21875 1
vt 0.21875 0.9375
vt 0.046875 0.71875
vt 0.046875 0.84375
vt 0 0.84375
vt 0 0.71875
vt 0.265625 0.8125
vt 0.265625 0.9375
vt 0.21875 0.9375
vt 0.21875 0.8125
vn 2.220446049250313e-16 -1 0
vn -2.220446049250313e-16 1 0
vn 1 2.220446049250313e-16 0
vn -1 -2.220446049250313e-16 0
vn 0 0 1
vn 0 0 -1
usemtl m_8ad7ed1f-24b8-7774-e41a-79070d979311
f 588/1945/487 586/1946/487 585/1947/487 587/1948/487
f 591/1949/488 589/1950/488 590/1951/488 592/1952/488
f 585/1953/489 586/1954/489 590/1955/489 589/1956/489
f 588/1957/490 587/1958/490 591/1959/490 592/1960/490
f 587/1961/491 585/1962/491 589/1963/491 591/1964/491
f 592/1965/492 590/1966/492 586/1967/492 588/1968/492
o rim
v 0.12499999999999994 0.18750000000000006 -0.5625
v 0.12499999999999994 0.18750000000000006 -0.625
v -0.12500000000000006 0.1875 -0.5625
v -0.12500000000000006 0.1875 -0.625
v 0.12499999999999992 0.37500000000000006 -0.5625
v 0.12499999999999992 0.37500000000000006 -0.625
v -0.12500000000000008 0.375 -0.5625
v -0.12500000000000008 0.375 -0.625
vt 0.265625 1
vt 0.265625 0.9375
vt 0.28125 0.9375
vt 0.28125 1
vt 0.28125 0.9375
vt 0.28125 1
vt 0.265625 1
vt 0.265625 0.9375
vt 0.09375 0.71875
vt 0.09375 0.734375
vt 0.046875 0.734375
vt 0.046875 0.71875
vt 0.09375 0.71875
vt 0.09375 0.734375
vt 0.046875 0.734375
vt 0.046875 0.71875
vt 0.265625 0.9375
vt 0.265625 1
vt 0.21875 1
vt 0.21875 0.9375
vt 0.328125 0.9375
vt 0.328125 1
vt 0.28125 1
vt 0.28125 0.9375
vn 2.220446049250313e-16 -1 0
vn -2.220446049250313e-16 1 0
vn 1 2.220446049250313e-16 0
vn -1 -2.220446049250313e-16 0
vn 0 0 1
vn 0 0 -1
usemtl m_8ad7ed1f-24b8-7774-e41a-79070d979311
f 596/1969/493 594/1970/493 593/1971/493 595/1972/493
f 599/1973/494 597/1974/494 598/1975/494 600/1976/494
f 593/1977/495 594/1978/495 598/1979/495 597/1980/495
f 596/1981/496 595/1982/496 599/1983/496 600/1984/496
f 595/1985/497 593/1986/497 597/1987/497 599/1988/497
f 600/1989/498 598/1990/498 594/1991/498 596/1992/498
o rim
v 0.12499999999999994 0.18750000000000006 0.625
v 0.12499999999999994 0.18750000000000006 0.5625
v -0.12500000000000006 0.1875 0.625
v -0.12500000000000006 0.1875 0.5625
v 0.12499999999999992 0.37500000000000006 0.625
v 0.12499999999999992 0.37500000000000006 0.5625
v -0.12500000000000008 0.375 0.625
v -0.12500000000000008 0.375 0.5625
vt 0.28125 0.9375
vt 0.28125 1
vt 0.265625 1
vt 0.265625 0.9375
vt 0.265625 1
vt 0.265625 0.9375
vt 0.28125 0.9375
vt 0.28125 1
vt 0.09375 0.71875
vt 0.09375 0.734375
vt 0.046875 0.734375
vt 0.046875 0.71875
vt 0.09375 0.71875
vt 0.09375 0.734375
vt 0.046875 0.734375
vt 0.046875 0.71875
vt 0.328125 0.9375
vt 0.328125 1
vt 0.28125 1
vt 0.28125 0.9375
vt 0.265625 0.9375
vt 0.265625 1
vt 0.21875 1
vt 0.21875 0.9375
vn 2.220446049250313e-16 -1 0
vn -2.220446049250313e-16 1 0
vn 1 2.220446049250313e-16 0
vn -1 -2.220446049250313e-16 0
vn 0 0 1
vn 0 0 -1
usemtl m_8ad7ed1f-24b8-7774-e41a-79070d979311
f 604/1993/499 602/1994/499 601/1995/499 603/1996/499
f 607/1997/500 605/1998/500 606/1999/500 608/2000/500
f 601/2001/501 602/2002/501 606/2003/501 605/2004/501
f 604/2005/502 603/2006/502 607/2007/502 608/2008/502
f 603/2009/503 601/2010/503 605/2011/503 607/2012/503
f 608/2013/504 606/2014/504 602/2015/504 604/2016/504
o rim
v 0.24999999999999994 0.18750000000000006 0.5625
v 0.24999999999999994 0.18750000000000006 0.3125
v -0.25000000000000006 0.18749999999999994 0.5625
v -0.25000000000000006 0.18749999999999994 0.3125
v 0.2499999999999999 0.37500000000000006 0.5625
v 0.2499999999999999 0.37500000000000006 0.3125
v -0.2500000000000001 0.37499999999999994 0.5625
v -0.2500000000000001 0.37499999999999994 0.3125
vt 0.15625 1
vt 0.15625 0.875
vt 0.21875 0.875
vt 0.21875 1
vt 0.21875 0.875
vt 0.21875 1
vt 0.15625 1
vt 0.15625 0.875
vt 0.265625 0.9375
vt 0.265625 1
vt 0.21875 1
vt 0.21875 0.9375
vt 0.265625 0.9375
vt 0.265625 1
vt 0.21875 1
vt 0.21875 0.9375
vt 0.265625 0.8125
vt 0.265625 0.9375
vt 0.21875 0.9375
vt 0.21875 0.8125
vt 0.265625 0.8125
vt 0.265625 0.9375
vt 0.21875 0.9375
vt 0.21875 0.8125
vn 2.220446049250313e-16 -1 0
vn -2.220446049250313e-16 1 0
vn 1 2.220446049250313e-16 0
vn -1 -2.220446049250313e-16 0
vn 0 0 1
vn 0 0 -1
usemtl m_8ad7ed1f-24b8-7774-e41a-79070d979311
f 612/2017/505 610/2018/505 609/2019/505 611/2020/505
f 615/2021/506 613/2022/506 614/2023/506 616/2024/506
f 609/2025/507 610/2026/507 614/2027/507 613/2028/507
f 612/2029/508 611/2030/508 615/2031/508 616/2032/508
f 611/2033/509 609/2034/509 613/2035/509 615/2036/509
f 616/2037/510 614/2038/510 610/2039/510 612/2040/510
o rim
v 0.31249999999999994 -0.3749999999999999 0.3125
v 0.31249999999999994 -0.3749999999999999 -0.3125
v -0.31250000000000006 -0.37500000000000006 0.3125
v -0.31250000000000006 -0.37500000000000006 -0.3125
v 0.3124999999999999 -0.1874999999999999 0.3125
v 0.3124999999999999 -0.1874999999999999 -0.3125
v -0.3125000000000001 -0.18750000000000006 0.3125
v -0.3125000000000001 -0.18750000000000006 -0.3125
vt 0.15625 0.84375
vt 0.15625 1
vt 0 1
vt 0 0.84375
vt 0.15625 0.84375
vt 0.15625 1
vt 0 1
vt 0 0.84375
vt 0.21875 0.71875
vt 0.21875 0.875
vt 0.171875 0.875
vt 0.171875 0.71875
vt 0.21875 0.71875
vt 0.21875 0.875
vt 0.171875 0.875
vt 0.171875 0.71875
vt 0.21875 0.71875
vt 0.21875 0.875
vt 0.171875 0.875
vt 0.171875 0.71875
vt 0.21875 0.71875
vt 0.21875 0.875
vt 0.171875 0.875
vt 0.171875 0.71875
vn 2.220446049250313e-16 -1 0
vn -2.220446049250313e-16 1 0
vn 1 2.220446049250313e-16 0
vn -1 -2.220446049250313e-16 0
vn 0 0 1
vn 0 0 -1
usemtl m_8ad7ed1f-24b8-7774-e41a-79070d979311
f 620/2041/511 618/2042/511 617/2043/511 619/2044/511
f 623/2045/512 621/2046/512 622/2047/512 624/2048/512
f 617/2049/513 618/2050/513 622/2051/513 621/2052/513
f 620/2053/514 619/2054/514 623/2055/514 624/2056/514
f 619/2057/515 617/2058/515 621/2059/515 623/2060/515
f 624/2061/516 622/2062/516 618/2063/516 620/2064/516
o rim
v 0.24999999999999994 -0.37499999999999994 -0.3125
v 0.24999999999999994 -0.37499999999999994 -0.5625
v -0.25000000000000006 -0.37500000000000006 -0.3125
v -0.25000000000000006 -0.37500000000000006 -0.5625
v 0.2499999999999999 -0.18749999999999994 -0.3125
v 0.2499999999999999 -0.18749999999999994 -0.5625
v -0.2500000000000001 -0.18750000000000006 -0.3125
v -0.2500000000000001 -0.18750000000000006 -0.5625
vt 0.21875 0.875
vt 0.21875 1
vt 0.15625 1
vt 0.15625 0.875
vt 0.15625 1
vt 0.15625 0.875
vt 0.21875 0.875
vt 0.21875 1
vt 0.265625 0.9375
vt 0.265625 1
vt 0.21875 1
vt 0.21875 0.9375
vt 0.265625 0.9375
vt 0.265625 1
vt 0.21875 1
vt 0.21875 0.9375
vt 0.265625 0.8125
vt 0.265625 0.9375
vt 0.21875 0.9375
vt 0.21875 0.8125
vt 0.265625 0.8125
vt 0.265625 0.9375
vt 0.21875 0.9375
vt 0.21875 0.8125
vn 2.220446049250313e-16 -1 0
vn -2.220446049250313e-16 1 0
vn 1 2.220446049250313e-16 0
vn -1 -2.220446049250313e-16 0
vn 0 0 1
vn 0 0 -1
usemtl m_8ad7ed1f-24b8-7774-e41a-79070d979311
f 628/2065/517 626/2066/517 625/2067/517 627/2068/517
f 631/2069/518 629/2070/518 630/2071/518 632/2072/518
f 625/2073/519 626/2074/519 630/2075/519 629/2076/519
f 628/2077/520 627/2078/520 631/2079/520 632/2080/520
f 627/2081/521 625/2082/521 629/2083/521 631/2084/521
f 632/2085/522 630/2086/522 626/2087/522 628/2088/522
o rim
v 0.12499999999999994 -0.37499999999999994 -0.5625
v 0.12499999999999994 -0.37499999999999994 -0.625
v -0.12500000000000006 -0.375 -0.5625
v -0.12500000000000006 -0.375 -0.625
v 0.12499999999999992 -0.18749999999999994 -0.5625
v 0.12499999999999992 -0.18749999999999994 -0.625
v -0.12500000000000008 -0.1875 -0.5625
v -0.12500000000000008 -0.1875 -0.625
vt 0.265625 1
vt 0.265625 0.9375
vt 0.28125 0.9375
vt 0.28125 1
vt 0.28125 0.9375
vt 0.28125 1
vt 0.265625 1
vt 0.265625 0.9375
vt 0.09375 0.71875
vt 0.09375 0.734375
vt 0.046875 0.734375
vt 0.046875 0.71875
vt 0.09375 0.71875
vt 0.09375 0.734375
vt 0.046875 0.734375
vt 0.046875 0.71875
vt 0.265625 0.9375
vt 0.265625 1
vt 0.21875 1
vt 0.21875 0.9375
vt 0.328125 0.9375
vt 0.328125 1
vt 0.28125 1
vt 0.28125 0.9375
vn 2.220446049250313e-16 -1 0
vn -2.220446049250313e-16 1 0
vn 1 2.220446049250313e-16 0
vn -1 -2.220446049250313e-16 0
vn 0 0 1
vn 0 0 -1
usemtl m_8ad7ed1f-24b8-7774-e41a-79070d979311
f 636/2089/523 634/2090/523 633/2091/523 635/2092/523
f 639/2093/524 637/2094/524 638/2095/524 640/2096/524
f 633/2097/525 634/2098/525 638/2099/525 637/2100/525
f 636/2101/526 635/2102/526 639/2103/526 640/2104/526
f 635/2105/527 633/2106/527 637/2107/527 639/2108/527
f 640/2109/528 638/2110/528 634/2111/528 636/2112/528
o rim
v 0.12499999999999994 -0.37499999999999994 0.625
v 0.12499999999999994 -0.37499999999999994 0.5625
v -0.12500000000000006 -0.375 0.625
v -0.12500000000000006 -0.375 0.5625
v 0.12499999999999992 -0.18749999999999994 0.625
v 0.12499999999999992 -0.18749999999999994 0.5625
v -0.12500000000000008 -0.1875 0.625
v -0.12500000000000008 -0.1875 0.5625
vt 0.28125 0.9375
vt 0.28125 1
vt 0.265625 1
vt 0.265625 0.9375
vt 0.28125 0.9375
vt 0.28125 1
vt 0.265625 1
vt 0.265625 0.9375
vt 0.09375 0.71875
vt 0.09375 0.734375
vt 0.046875 0.734375
vt 0.046875 0.71875
vt 0.09375 0.71875
vt 0.09375 0.734375
vt 0.046875 0.734375
vt 0.046875 0.71875
vt 0.328125 0.9375
vt 0.328125 1
vt 0.28125 1
vt 0.28125 0.9375
vt 0.265625 0.9375
vt 0.265625 1
vt 0.21875 1
vt 0.21875 0.9375
vn 2.220446049250313e-16 -1 0
vn -2.220446049250313e-16 1 0
vn 1 2.220446049250313e-16 0
vn -1 -2.220446049250313e-16 0
vn 0 0 1
vn 0 0 -1
usemtl m_8ad7ed1f-24b8-7774-e41a-79070d979311
f 644/2113/529 642/2114/529 641/2115/529 643/2116/529
f 647/2117/530 645/2118/530 646/2119/530 648/2120/530
f 641/2121/531 642/2122/531 646/2123/531 645/2124/531
f 644/2125/532 643/2126/532 647/2127/532 648/2128/532
f 643/2129/533 641/2130/533 645/2131/533 647/2132/533
f 648/2133/534 646/2134/534 642/2135/534 644/2136/534
o rim
v 0.24999999999999994 -0.37499999999999994 0.5625
v 0.24999999999999994 -0.37499999999999994 0.3125
v -0.25000000000000006 -0.37500000000000006 0.5625
v -0.25000000000000006 -0.37500000000000006 0.3125
v 0.2499999999999999 -0.18749999999999994 0.5625
v 0.2499999999999999 -0.18749999999999994 0.3125
v -0.2500000000000001 -0.18750000000000006 0.5625
v -0.2500000000000001 -0.18750000000000006 0.3125
vt 0.15625 1
vt 0.15625 0.875
vt 0.21875 0.875
vt 0.21875 1
vt 0.21875 0.875
vt 0.21875 1
vt 0.15625 1
vt 0.15625 0.875
vt 0.265625 0.9375
vt 0.265625 1
vt 0.21875 1
vt 0.21875 0.9375
vt 0.265625 0.9375
vt 0.265625 1
vt 0.21875 1
vt 0.21875 0.9375
vt 0.265625 0.8125
vt 0.265625 0.9375
vt 0.21875 0.9375
vt 0.21875 0.8125
vt 0.265625 0.8125
vt 0.265625 0.9375
vt 0.21875 0.9375
vt 0.21875 0.8125
vn 2.220446049250313e-16 -1 0
vn -2.220446049250313e-16 1 0
vn 1 2.220446049250313e-16 0
vn -1 -2.220446049250313e-16 0
vn 0 0 1
vn 0 0 -1
usemtl m_8ad7ed1f-24b8-7774-e41a-79070d979311
f 652/2137/535 650/2138/535 649/2139/535 651/2140/535
f 655/2141/536 653/2142/536 654/2143/536 656/2144/536
f 649/2145/537 650/2146/537 654/2147/537 653/2148/537
f 652/2149/538 651/2150/538 655/2151/538 656/2152/538
f 651/2153/539 649/2154/539 653/2155/539 655/2156/539
f 656/2157/540 654/2158/540 650/2159/540 652/2160/540
o rim
v 0.2187500000000001 -0.49999999999999994 0.21875
v 0.2187500000000001 -0.49999999999999994 -0.21875
v -0.2187499999999999 -0.5 0.21875
v -0.2187499999999999 -0.5 -0.21875
v 0.2187499999999999 0.5000000000000001 0.21875
v 0.2187499999999999 0.5000000000000001 -0.21875
v -0.2187500000000001 0.49999999999999994 0.21875
v -0.2187500000000001 0.49999999999999994 -0.21875
vt 0.15625 0.734375
vt 0.15625 0.84375
vt 0.046875 0.84375
vt 0.046875 0.734375
vt 0.15625 0.734375
vt 0.15625 0.84375
vt 0.046875 0.84375
vt 0.046875 0.734375
vt 0.25 0.4375
vt 0.25 0.546875
vt 0 0.546875
vt 0 0.4375
vt 0.25 0.4375
vt 0.25 0.546875
vt 0 0.546875
vt 0 0.4375
vt 0.25 0.4375
vt 0.25 0.546875
vt 0 0.546875
vt 0 0.4375
vt 0.25 0.4375
vt 0.25 0.546875
vt 0 0.546875
vt 0 0.4375
vn 2.220446049250313e-16 -1 0
vn -2.220446049250313e-16 1 0
vn 1 2.220446049250313e-16 0
vn -1 -2.220446049250313e-16 0
vn 0 0 1
vn 0 0 -1
usemtl m_8ad7ed1f-24b8-7774-e41a-79070d979311
f 660/2161/541 658/2162/541 657/2163/541 659/2164/541
f 663/2165/542 661/2166/542 662/2167/542 664/2168/542
f 657/2169/543 658/2170/543 662/2171/543 661/2172/543
f 660/2173/544 659/2174/544 663/2175/544 664/2176/544
f 659/2177/545 657/2178/545 661/2179/545 663/2180/545
f 664/2181/546 662/2182/546 658/2183/546 660/2184/546