# Made in Blockbench 5.1.4
mtllib monster_jam_tire.mtl

o tire
v 0.3205360376978543 -0.048688506730480086 -2.557345613407767
v 0.3205360376978543 -0.08104088736829518 -2.6780863416939003
v -0.08561288250137719 -1.1265506350190428 -2.2685333265807555
v -0.08561288250137719 -1.1589030156568578 -2.3892740548668887
v 0.08561288250137719 0.03390301565685783 -2.5794759451331113
v 0.08561288250137719 0.0015506350190428453 -2.7002166734192445
v -0.3205360376978543 -1.043959112631705 -2.2906636583060997
v -0.3205360376978543 -1.07631149326952 -2.411404386592233
vt 0.46875 0.7265625
vt 0.453125 0.7265625
vt 0.453125 0.578125
vt 0.46875 0.578125
vt 0.4765625 0.734375
vt 0.5078125 0.734375
vt 0.5078125 0.75
vt 0.4765625 0.75
vt 0.5078125 0.734375
vt 0.5078125 0.75
vt 0.4765625 0.75
vt 0.4765625 0.734375
vt 0.5078125 0.578125
vt 0.5078125 0.7265625
vt 0.4765625 0.7265625
vt 0.4765625 0.578125
vt 0.5078125 0.7265625
vt 0.4765625 0.7265625
vt 0.4765625 0.578125
vt 0.5078125 0.578125
vt 0.46875 0.578125
vt 0.46875 0.7265625
vt 0.453125 0.7265625
vt 0.453125 0.578125
vn 0.9396926207859084 -0.33036608954935204 0.0885213269013768
vn 0.34202014332566866 0.9076733711903687 -0.2432103468016939
vn -0.34202014332566866 -0.9076733711903687 0.2432103468016939
vn -1.3877787807814457e-17 0.2588190451025207 0.9659258262890683
vn 1.3877787807814457e-17 -0.2588190451025207 -0.9659258262890683
vn -0.9396926207859084 0.33036608954935204 -0.0885213269013768
usemtl m_fff6acb4-e166-8d77-84d8-149e6e4eee3c
f 2/1/1 1/2/1 3/3/1 4/4/1
f 5/5/2 1/6/2 2/7/2 6/8/2
f 4/9/3 3/10/3 7/11/3 8/12/3
f 3/13/4 1/14/4 5/15/4 7/16/4
f 6/17/5 2/18/5 4/19/5 8/20/5
f 7/21/6 5/22/6 6/23/6 8/24/6
o tire
v -1.1129709084322692 -0.06293519814447368 -2.324727892363925
v -1.1782832290217629 -0.09520660811333415 -2.426304744440749
v -1.2998658329265869 -1.1405645756016383 -1.862189826860613
v -1.3651781535160805 -1.172835985570499 -1.9637666789374366
v -1.3224680964839193 0.01991723557049896 -2.2163470710625637
v -1.387780417073413 -0.012354174398361617 -2.3179239231393876
v -1.509363020978237 -1.057712141886666 -1.7538090055592512
v -1.5746753415677306 -1.0899835518555263 -1.855385857636075
vt 0.46875 0.7265625
vt 0.453125 0.7265625
vt 0.453125 0.578125
vt 0.46875 0.578125
vt 0.46875 0.578125
vt 0.46875 0.7265625
vt 0.453125 0.7265625
vt 0.453125 0.578125
vt 0.4765625 0.734375
vt 0.5078125 0.734375
vt 0.5078125 0.75
vt 0.4765625 0.75
vt 0.5078125 0.734375
vt 0.5078125 0.75
vt 0.4765625 0.75
vt 0.4765625 0.734375
vt 0.5078125 0.578125
vt 0.5078125 0.7265625
vt 0.4765625 0.7265625
vt 0.4765625 0.578125
vt 0.5078125 0.7265625
vt 0.4765625 0.7265625
vt 0.4765625 0.578125
vt 0.5078125 0.578125
vn 0.8379887522066001 -0.33140973485989045 -0.4335232852054462
vn -0.8379887522066001 0.33140973485989045 0.4335232852054462
vn 0.1573851995741623 0.9074773704902444 -0.3895057393712103
vn -0.1573851995741623 -0.9074773704902444 0.3895057393712103
vn 0.5224985647159489 0.2581712797508841 0.8126148166145902
vn -0.5224985647159489 -0.2581712797508841 -0.8126148166145902
usemtl m_fff6acb4-e166-8d77-84d8-149e6e4eee3c
f 10/25/7 9/26/7 11/27/7 12/28/7
f 15/29/8 13/30/8 14/31/8 16/32/8
f 13/33/9 9/34/9 10/35/9 14/36/9
f 12/37/10 11/38/10 15/39/10 16/40/10
f 11/41/11 9/42/11 13/43/11 15/44/11
f 14/45/12 10/46/12 12/47/12 16/48/12
o tire
v -2.189626348681268 -0.06205708404667987 -1.3568372771148383
v -2.2989538120736923 -0.095857187367126 -1.407136966613932
v -2.08211469168276 -1.1385349089071486 -0.8671506567206224
v -2.1914421550751846 -1.1723350122275948 -0.9174503462197162
v -2.308696594924815 0.019001262227594906 -1.1525046537802839
v -2.4180240583172394 -0.014798841092851345 -1.2028043432793778
v -2.2011849379263073 -1.057476562632874 -0.6628180333860682
v -2.3105124013187317 -1.0912766659533202 -0.7131177228851621
vt 0.46875 0.7265625
vt 0.453125 0.7265625
vt 0.453125 0.578125
vt 0.46875 0.578125
vt 0.46875 0.578125
vt 0.46875 0.7265625
vt 0.453125 0.7265625
vt 0.453125 0.578125
vt 0.4765625 0.734375
vt 0.5078125 0.734375
vt 0.5078125 0.75
vt 0.4765625 0.75
vt 0.5078125 0.734375
vt 0.5078125 0.75
vt 0.4765625 0.75
vt 0.4765625 0.734375
vt 0.5078125 0.578125
vt 0.5078125 0.7265625
vt 0.4765625 0.7265625
vt 0.4765625 0.578125
vt 0.5078125 0.7265625
vt 0.4765625 0.7265625
vt 0.4765625 0.578125
vt 0.5078125 0.578125
vn 0.47628098497418864 -0.3242333850970992 -0.817330493338217
vn -0.47628098497418864 0.3242333850970992 0.817330493338217
vn -0.09053613220926991 0.9065076419877633 -0.41236768033197113
vn 0.09053613220926991 -0.9065076419877633 0.41236768033197113
vn 0.8746197071393957 0.2704008265635691 0.402397515992751
vn -0.8746197071393957 -0.2704008265635691 -0.402397515992751
usemtl m_fff6acb4-e166-8d77-84d8-149e6e4eee3c
f 18/49/13 17/50/13 19/51/13 20/52/13
f 23/53/14 21/54/14 22/55/14 24/56/14
f 21/57/15 17/58/15 18/59/15 22/60/15
f 20/61/16 19/62/16 23/63/16 24/64/16
f 19/65/17 17/66/17 21/67/17 23/68/17
f 22/69/18 18/70/18 20/71/18 24/72/18
o tire
v -2.575658759224326 -0.060122830941527705 0.04462465520213321
v -2.694835793275993 -0.09381831821163156 0.061549450393744376
v -2.2209672325017356 -1.136500415427113 0.3992532869962602
v -2.340144266553403 -1.170195902697217 0.4161780821878714
v -2.5651019834465973 0.02116840269721687 0.2808031678121286
v -2.6842790174982647 -0.012527084572886982 0.29772796300373977
v -2.210410456724007 -1.0552091817883684 0.6354317996062556
v -2.3295874907756744 -1.0889046690584725 0.6523565947978668
vt 0.46875 0.7265625
vt 0.453125 0.7265625
vt 0.453125 0.578125
vt 0.46875 0.578125
vt 0.46875 0.578125
vt 0.46875 0.7265625
vt 0.453125 0.7265625
vt 0.453125 0.578125
vt 0.4765625 0.734375
vt 0.5078125 0.734375
vt 0.5078125 0.75
vt 0.4765625 0.75
vt 0.5078125 0.734375
vt 0.5078125 0.75
vt 0.4765625 0.75
vt 0.4765625 0.734375
vt 0.5078125 0.578125
vt 0.5078125 0.7265625
vt 0.4765625 0.7265625
vt 0.4765625 0.578125
vt 0.5078125 0.7265625
vt 0.4765625 0.7265625
vt 0.4765625 0.578125
vt 0.5078125 0.578125
vn -0.04222710311091422 -0.32516493455497847 -0.9447140504399821
vn 0.04222710311091422 0.32516493455497847 0.9447140504399821
vn -0.29868760145060264 0.9064232290404929 -0.2986346373003177
vn 0.29868760145060264 -0.9064232290404929 0.2986346373003177
vn 0.953416272413339 0.2695638981608308 -0.13539836153288948
vn -0.953416272413339 -0.2695638981608308 0.13539836153288948
usemtl m_fff6acb4-e166-8d77-84d8-149e6e4eee3c
f 26/73/19 25/74/19 27/75/19 28/76/19
f 31/77/20 29/78/20 30/79/20 32/80/20
f 29/81/21 25/82/21 26/83/21 30/84/21
f 28/85/22 27/86/22 31/87/22 32/88/22
f 27/89/23 25/90/23 29/91/23 31/92/23
f 30/93/24 26/94/24 28/95/24 32/96/24
o tire
v -0.3444964521087388 -1.0582697906039198 2.290208216312567
v -0.3791396126740395 -1.0882767046880657 2.4065028272504496
v -0.8161262235199156 0.022729129676772653 2.42863849865938
v -0.8507693840852164 -0.007277784407373256 2.5449331095972623
v -0.5632218659147836 -1.1425684655926267 2.2033006404027375
v -0.5978650264800844 -1.1725753796767726 2.31959525134062
v -1.0348516373259606 -0.06156954531193426 2.34173092274955
v -1.0694947978912612 -0.09157645939608022 2.4580255336874326
vt 0.46875 0.7265625
vt 0.453125 0.7265625
vt 0.453125 0.578125
vt 0.46875 0.578125
vt 0.4765625 0.734375
vt 0.5078125 0.734375
vt 0.5078125 0.75
vt 0.4765625 0.75
vt 0.5078125 0.734375
vt 0.5078125 0.75
vt 0.4765625 0.75
vt 0.4765625 0.734375
vt 0.5078125 0.578125
vt 0.5078125 0.7265625
vt 0.4765625 0.7265625
vt 0.4765625 0.578125
vt 0.5078125 0.7265625
vt 0.4765625 0.7265625
vt 0.4765625 0.578125
vt 0.5078125 0.578125
vt 0.46875 0.578125
vt 0.46875 0.7265625
vt 0.453125 0.7265625
vt 0.453125 0.578125
vn 0.8749016552241794 0.3371946999548278 0.34763030363931846
vn 0.3971619127673069 -0.9103148802363725 -0.11657286934468443
vn -0.3971619127673069 0.9103148802363725 0.11657286934468443
vn 0.2771452845224058 0.24005531267316788 -0.9303568875030607
vn -0.2771452845224058 -0.24005531267316788 0.9303568875030607
vn -0.8749016552241794 -0.3371946999548278 -0.34763030363931846
usemtl m_fff6acb4-e166-8d77-84d8-149e6e4eee3c
f 34/97/25 33/98/25 35/99/25 36/100/25
f 37/101/26 33/102/26 34/103/26 38/104/26
f 36/105/27 35/106/27 39/107/27 40/108/27
f 35/109/28 33/110/28 37/111/28 39/112/28
f 38/113/29 34/114/29 36/115/29 40/116/29
f 39/117/30 37/118/30 38/119/30 40/120/30
o tire
v 1.770805786459908 -1.143512488975467 1.4260763153388079
v 1.8625085738130693 -1.1735194069150041 1.5055444452238804
v 1.711828884372423 -0.058035083527957165 1.9040059935165776
v 1.8035316717255843 -0.08804200146749436 1.9834741234016504
v 1.9402408282744157 -1.0618042485325057 1.2614083765983497
v 2.031943615627577 -1.0918111664720427 1.3408765064834225
v 1.8812639261869306 0.023673156915004268 1.7393380547761197
v 1.972966713540092 -0.00633376102453298 1.8188061846611923
vt 0.46875 0.578125
vt 0.46875 0.7265625
vt 0.453125 0.7265625
vt 0.453125 0.578125
vt 0.46875 0.7265625
vt 0.453125 0.7265625
vt 0.453125 0.578125
vt 0.46875 0.578125
vt 0.4765625 0.75
vt 0.4765625 0.734375
vt 0.5078125 0.734375
vt 0.5078125 0.75
vt 0.5078125 0.75
vt 0.4765625 0.75
vt 0.4765625 0.734375
vt 0.5078125 0.734375
vt 0.5078125 0.7265625
vt 0.4765625 0.7265625
vt 0.4765625 0.578125
vt 0.5078125 0.578125
vt 0.5078125 0.578125
vt 0.5078125 0.7265625
vt 0.4765625 0.7265625
vt 0.4765625 0.578125
vn -0.6777401672580313 -0.3268329617718453 0.6586717549618316
vn 0.6777401672580313 0.3268329617718453 -0.6586717549618316
vn 0.04966475965261903 -0.9140862361663239 -0.4024670974128587
vn -0.04966475965261903 0.9140862361663239 0.4024670974128587
vn -0.7336222988252905 0.24005534351629704 -0.6357450390805808
vn 0.7336222988252905 -0.24005534351629704 0.6357450390805808
usemtl m_fff6acb4-e166-8d77-84d8-149e6e4eee3c
f 43/121/31 41/122/31 42/123/31 44/124/31
f 46/125/32 45/126/32 47/127/32 48/128/32
f 42/129/33 41/130/33 45/131/33 46/132/33
f 47/133/34 43/134/34 44/135/34 48/136/34
f 45/137/35 41/138/35 43/139/35 47/140/35
f 44/141/36 42/142/36 46/143/36 48/144/36
o tire
v 2.540815719304214 0.020404750652752268 0.45029610810858994
v 2.659992753355881 -0.013290736617351584 0.46722090330020105
v 2.3013386284107606 -1.0523500559960723 0.0008474483608369998
v 2.420515662462428 -1.086045543266176 0.017772243552448164
v 2.4847305875375723 -0.06298195673382401 0.6792090064475518
v 2.6039076215892396 -0.0966774440039278 0.6961338016391629
v 2.245253496644119 -1.1357367633826485 0.22976034669979892
v 2.3644305306957865 -1.1694322506527524 0.24668514189141005
vt 0.46875 0.578125
vt 0.46875 0.7265625
vt 0.453125 0.7265625
vt 0.453125 0.578125
vt 0.46875 0.7265625
vt 0.453125 0.7265625
vt 0.453125 0.578125
vt 0.46875 0.578125
vt 0.4765625 0.75
vt 0.4765625 0.734375
vt 0.5078125 0.734375
vt 0.5078125 0.75
vt 0.5078125 0.75
vt 0.4765625 0.75
vt 0.4765625 0.734375
vt 0.5078125 0.734375
vt 0.5078125 0.7265625
vt 0.4765625 0.7265625
vt 0.4765625 0.578125
vt 0.5078125 0.578125
vt 0.5078125 0.578125
vt 0.5078125 0.7265625
vt 0.4765625 0.7265625
vt 0.4765625 0.578125
vn 0.22434052706656618 0.3335468295463052 -0.915651593355848
vn -0.22434052706656618 -0.3335468295463052 0.915651593355848
vn 0.20166491864711877 0.903372468756905 0.3784830818928447
vn -0.20166491864711877 -0.903372468756905 -0.3784830818928447
vn -0.953416272413339 0.2695638981608306 -0.1353983615328893
vn 0.953416272413339 -0.2695638981608306 0.1353983615328893
usemtl m_fff6acb4-e166-8d77-84d8-149e6e4eee3c
f 51/145/37 49/146/37 50/147/37 52/148/37
f 54/149/38 53/150/38 55/151/38 56/152/38
f 50/153/39 49/154/39 53/155/39 54/156/39
f 55/157/40 51/158/40 52/159/40 56/160/40
f 53/161/41 49/162/41 51/163/41 55/164/41
f 52/165/42 50/166/42 54/167/42 56/168/42
o tire
v 2.3800279723229254 0.01808278081249648 -0.996847165713834
v 2.48935543571535 -0.01571732250794977 -1.047146855212928
v 1.9341190898122373 -1.0540377531348986 -1.2456022243285736
v 2.043446553204662 -1.0878378564553448 -1.2959019138276675
v 2.4566921967953377 -0.06549589354465535 -0.7740530861723328
v 2.566019660187762 -0.09929599686510149 -0.8243527756714267
v 2.01078331428465 -1.1376164274920502 -1.0228081447870723
v 2.1201107776770742 -1.1714165308124964 -1.0731078342861662
vt 0.46875 0.578125
vt 0.46875 0.7265625
vt 0.453125 0.7265625
vt 0.453125 0.578125
vt 0.46875 0.7265625
vt 0.453125 0.7265625
vt 0.453125 0.578125
vt 0.46875 0.578125
vt 0.4765625 0.75
vt 0.4765625 0.734375
vt 0.5078125 0.734375
vt 0.5078125 0.75
vt 0.5078125 0.75
vt 0.4765625 0.75
vt 0.4765625 0.734375
vt 0.5078125 0.734375
vt 0.5078125 0.7265625
vt 0.4765625 0.7265625
vt 0.4765625 0.578125
vt 0.5078125 0.578125
vt 0.5078125 0.578125
vt 0.5078125 0.7265625
vt 0.4765625 0.7265625
vt 0.4765625 0.578125
vn -0.3066568978896495 0.3343146974286071 -0.8911763181660048
vn 0.3066568978896495 -0.3343146974286071 0.8911763181660048
vn 0.3755022168511055 0.9028383443767537 0.20947794409662274
vn -0.3755022168511055 -0.9028383443767537 -0.20947794409662274
vn -0.8746197071393957 0.27040082656356923 0.402397515992751
vn 0.8746197071393957 -0.27040082656356923 -0.402397515992751
usemtl m_fff6acb4-e166-8d77-84d8-149e6e4eee3c
f 59/169/43 57/170/43 58/171/43 60/172/43
f 62/173/44 61/174/44 63/175/44 64/176/44
f 58/177/45 57/178/45 61/179/45 62/180/45
f 63/181/46 59/182/46 60/183/46 64/184/46
f 61/185/47 57/186/47 59/187/47 63/188/47
f 60/189/48 58/190/48 62/191/48 64/192/48
o tire
v 1.4665170373864054 0.03405601099333422 -2.1237828606940914
v 1.531829357975899 0.001784601024473642 -2.2253597127709153
v 0.970041421209504 -1.0444244450151994 -2.1003709289200665
v 1.0353537417989975 -1.07669585498406 -2.20194778099689
v 1.6522925082010023 -0.04830414501594016 -1.9781659690031101
v 1.717604828790496 -0.08057555498480062 -2.079742821079934
v 1.1558168920241008 -1.1267846010244735 -1.9547540372290853
v 1.2211292126135944 -1.1590560109933343 -2.056330889305909
vt 0.46875 0.578125
vt 0.46875 0.7265625
vt 0.453125 0.7265625
vt 0.453125 0.578125
vt 0.46875 0.7265625
vt 0.453125 0.7265625
vt 0.453125 0.578125
vt 0.46875 0.578125
vt 0.4765625 0.75
vt 0.4765625 0.734375
vt 0.5078125 0.734375
vt 0.5078125 0.75
vt 0.5078125 0.75
vt 0.4765625 0.75
vt 0.4765625 0.734375
vt 0.5078125 0.734375
vt 0.5078125 0.7265625
vt 0.4765625 0.7265625
vt 0.4765625 0.578125
vt 0.5078125 0.578125
vt 0.5078125 0.578125
vt 0.5078125 0.7265625
vt 0.4765625 0.7265625
vt 0.4765625 0.578125
vn -0.743101883258387 0.32944062403709706 -0.5824675667639244
vn 0.743101883258387 -0.32944062403709706 0.5824675667639244
vn 0.4180847294121277 0.9081940682177125 -0.019715310967600045
vn -0.4180847294121277 -0.9081940682177125 0.019715310967600045
vn -0.522498564715949 0.25817127975088405 0.8126148166145905
vn 0.522498564715949 -0.25817127975088405 -0.8126148166145905
usemtl m_fff6acb4-e166-8d77-84d8-149e6e4eee3c
f 67/193/49 65/194/49 66/195/49 68/196/49
f 70/197/50 69/198/50 71/199/50 72/200/50
f 66/201/51 65/202/51 69/203/51 70/204/51
f 71/205/52 67/206/52 68/207/52 72/208/52
f 69/209/53 65/210/53 67/211/53 71/212/53
f 68/213/54 66/214/54 70/215/54 72/216/54
o tire
v 0.7272520399950141 -1.143512492394571 2.1541938852117757
v 0.7618952005603148 -1.1735194064787169 2.2704884961496585
v 0.42071997248310783 -0.05803509346619795 2.5255874204309143
v 0.45536313304840853 -0.08804200755034391 2.641882031368797
v 0.9586281169515916 -1.061804242449656 2.1063517186312026
v 0.9932712775168921 -1.091811156533802 2.2226463295690855
v 0.6520960494396852 0.023673156478716928 2.4777452538503413
v 0.686739210004986 -0.00633375760542898 2.594039864788224
vt 0.46875 0.578125
vt 0.46875 0.7265625
vt 0.453125 0.7265625
vt 0.453125 0.578125
vt 0.46875 0.7265625
vt 0.453125 0.7265625
vt 0.453125 0.578125
vt 0.46875 0.578125
vt 0.4765625 0.75
vt 0.4765625 0.734375
vt 0.5078125 0.734375
vt 0.5078125 0.75
vt 0.5078125 0.75
vt 0.4765625 0.75
vt 0.4765625 0.734375
vt 0.5078125 0.734375
vt 0.5078125 0.7265625
vt 0.4765625 0.7265625
vt 0.4765625 0.578125
vt 0.5078125 0.578125
vt 0.5078125 0.578125
vt 0.5078125 0.7265625
vt 0.4765625 0.7265625
vt 0.4765625 0.578125
vn -0.9255043078263097 -0.32683299977965935 0.19136866632229202
vn 0.9255043078263097 0.32683299977965935 -0.19136866632229202
vn 0.25813226737844736 -0.9140862306765248 -0.3127524507108537
vn -0.25813226737844736 0.9140862306765248 0.3127524507108537
vn -0.2771452845224058 0.24005531267316782 -0.9303568875030604
vn 0.2771452845224058 -0.24005531267316782 0.9303568875030604
usemtl m_fff6acb4-e166-8d77-84d8-149e6e4eee3c
f 75/217/55 73/218/55 74/219/55 76/220/55
f 78/221/56 77/222/56 79/223/56 80/224/56
f 74/225/57 73/226/57 77/227/57 78/228/57
f 79/229/58 75/230/58 76/231/58 80/232/58
f 77/233/59 73/234/59 75/235/59 79/236/59
f 76/237/60 74/238/60 78/239/60 80/240/60
o tire
v -1.5210734271159212 -1.0582697725867645 1.7464440486246287
v -1.6127762144690827 -1.0882766905263015 1.8259121785097012
v -1.9932205402435912 0.022729123676120788 1.6097884968031557
v -2.0849233275967523 -0.007277794263416459 1.6892566266882283
v -1.6588491724032475 -1.1425684557365834 1.5556258733117718
v -1.7505519597564088 -1.1725753736761209 1.6350940031968444
v -2.1309962855309172 -0.061569559473698465 1.418970321490299
v -2.2226990728840788 -0.0915764774132356 1.4984384513753715
vt 0.46875 0.7265625
vt 0.453125 0.7265625
vt 0.453125 0.578125
vt 0.46875 0.578125
vt 0.46875 0.578125
vt 0.46875 0.7265625
vt 0.453125 0.7265625
vt 0.453125 0.578125
vt 0.4765625 0.734375
vt 0.5078125 0.734375
vt 0.5078125 0.75
vt 0.4765625 0.75
vt 0.5078125 0.734375
vt 0.5078125 0.75
vt 0.4765625 0.75
vt 0.4765625 0.734375
vt 0.5078125 0.578125
vt 0.5078125 0.7265625
vt 0.4765625 0.7265625
vt 0.4765625 0.578125
vt 0.5078125 0.7265625
vt 0.4765625 0.7265625
vt 0.4765625 0.578125
vt 0.5078125 0.578125
vn 0.551102981149305 0.337194732599277 0.7632727012514275
vn -0.551102981149305 -0.337194732599277 -0.7632727012514275
vn 0.39759756894961684 -0.9103148600108508 0.11507835942860886
vn -0.39759756894961684 0.9103148600108508 -0.11507835942860886
vn 0.7336222988252904 0.2400553435162972 -0.6357450390805807
vn -0.7336222988252904 -0.2400553435162972 0.6357450390805807
usemtl m_fff6acb4-e166-8d77-84d8-149e6e4eee3c
f 82/241/61 81/242/61 83/243/61 84/244/61
f 87/245/62 85/246/62 86/247/62 88/248/62
f 85/249/63 81/250/63 82/251/63 86/252/63
f 84/253/64 83/254/64 87/255/64 88/256/64
f 83/257/65 81/258/65 85/259/65 87/260/65
f 86/261/66 82/262/66 84/263/66 88/264/66
o tire
v -2.099119119484934 1.1310893818922558 -0.8735814237616406
v -2.2093958580160193 1.1610962925184372 -0.924213688708204
v -2.1762369305958846 0.0456119332126077 -1.3489210934899072
v -2.28651366912697 0.07561884383878897 -1.3995533584364703
v -2.2157063308730303 1.049381156161211 -0.6680791415635299
v -2.3259830694041157 1.0793880667873923 -0.718711406510093
v -2.292824141983981 -0.036096292518437156 -1.1434188112917962
v -2.4031008805150664 -0.00608938189225583 -1.1940510762383596
vt 0.46875 0.7265625
vt 0.453125 0.7265625
vt 0.453125 0.578125
vt 0.46875 0.578125
vt 0.46875 0.578125
vt 0.46875 0.7265625
vt 0.453125 0.7265625
vt 0.453125 0.578125
vt 0.4765625 0.734375
vt 0.5078125 0.734375
vt 0.5078125 0.75
vt 0.4765625 0.75
vt 0.5078125 0.734375
vt 0.5078125 0.75
vt 0.4765625 0.75
vt 0.4765625 0.734375
vt 0.5078125 0.578125
vt 0.5078125 0.7265625
vt 0.4765625 0.7265625
vt 0.4765625 0.578125
vt 0.5078125 0.7265625
vt 0.4765625 0.7265625
vt 0.4765625 0.578125
vt 0.5078125 0.578125
vn 0.4663488455523847 0.32683290292417944 -0.8220091287924435
vn -0.4663488455523847 -0.32683290292417944 0.8220091287924435
vn 0.06494131461974792 0.9140862725723354 0.4002860376659086
vn -0.06494131461974792 -0.9140862725723354 -0.4002860376659086
vn 0.8822139082486838 -0.2400552850094498 0.4050581195725063
vn -0.8822139082486838 0.2400552850094498 -0.4050581195725063
usemtl m_fff6acb4-e166-8d77-84d8-149e6e4eee3c
f 90/265/67 89/266/67 91/267/67 92/268/67
f 95/269/68 93/270/68 94/271/68 96/272/68
f 93/273/69 89/274/69 90/275/69 94/276/69
f 92/277/70 91/278/70 95/279/70 96/280/70
f 91/281/71 89/282/71 93/283/71 95/284/71
f 94/285/72 90/286/72 92/287/72 96/288/72
o tire
v 0.6552443920603277 -0.033903014518778085 2.5003823843575628
v 0.6890311582178053 -0.0015506303732378823 2.616299499887235
v 0.9643494907098334 1.043959113087209 2.109455892723172
v 0.998136256867311 1.0763114972327492 2.225373008252844
v 0.4235137431326891 0.048688502767250896 2.544874491747156
v 0.45730050929016663 0.0810408869127911 2.660791607276828
v 0.7326188417821948 1.126550630373238 2.153948000112765
v 0.7664056079396724 1.1589030145187782 2.269865115642437
vt 0.46875 0.7265625
vt 0.453125 0.7265625
vt 0.453125 0.578125
vt 0.46875 0.578125
vt 0.4765625 0.734375
vt 0.5078125 0.734375
vt 0.5078125 0.75
vt 0.4765625 0.75
vt 0.5078125 0.734375
vt 0.5078125 0.75
vt 0.4765625 0.75
vt 0.4765625 0.734375
vt 0.5078125 0.578125
vt 0.5078125 0.7265625
vt 0.4765625 0.7265625
vt 0.4765625 0.578125
vt 0.5078125 0.7265625
vt 0.4765625 0.7265625
vt 0.4765625 0.578125
vt 0.5078125 0.578125
vt 0.46875 0.578125
vt 0.46875 0.7265625
vt 0.453125 0.7265625
vt 0.453125 0.578125
vn 0.9269225957105545 -0.33036606914411604 -0.17796842955837197
vn -0.26029903044168906 -0.9076733706155684 0.32920125611317147
vn 0.26029903044168906 0.9076733706155684 -0.32920125611317147
vn -0.27029412925982066 -0.2588190731643217 -0.9273369242373761
vn 0.27029412925982066 0.2588190731643217 0.9273369242373761
vn -0.9269225957105545 0.33036606914411604 0.17796842955837197
usemtl m_fff6acb4-e166-8d77-84d8-149e6e4eee3c
f 98/289/73 97/290/73 99/291/73 100/292/73
f 101/293/74 97/294/74 98/295/74 102/296/74
f 100/297/75 99/298/75 103/299/75 104/300/75
f 99/301/76 97/302/76 101/303/76 103/304/76
f 102/305/77 98/306/77 100/307/77 104/308/77
f 103/309/78 101/310/78 102/311/78 104/312/78
o tire
v -0.8136334930982478 -0.03405600969257083 2.44931136378605
v -0.847912426769631 -0.0017845923672308306 2.565106486007008
v -0.3435435248814854 1.0444244500622406 2.287906377156102
v -0.3778224585528685 1.0766958673875806 2.40370149937706
v -1.0327350414471315 0.04830413261241939 2.3614972506229397
v -1.0670139751185146 0.08057554993775934 2.477292372843898
v -0.5626450732303689 1.1267845923672308 2.2000922639929916
v -0.5969240069017521 1.1590560096925708 2.3158873862139497
vt 0.46875 0.7265625
vt 0.453125 0.7265625
vt 0.453125 0.578125
vt 0.46875 0.578125
vt 0.46875 0.578125
vt 0.46875 0.7265625
vt 0.453125 0.7265625
vt 0.453125 0.578125
vt 0.4765625 0.734375
vt 0.5078125 0.734375
vt 0.5078125 0.75
vt 0.4765625 0.75
vt 0.5078125 0.734375
vt 0.5078125 0.75
vt 0.4765625 0.75
vt 0.4765625 0.734375
vt 0.5078125 0.578125
vt 0.5078125 0.7265625
vt 0.4765625 0.7265625
vt 0.4765625 0.578125
vt 0.5078125 0.7265625
vt 0.4765625 0.7265625
vt 0.4765625 0.578125
vt 0.5078125 0.578125
vn 0.8764061933955346 -0.32944056921996084 0.35125645265244193
vn -0.8764061933955346 0.32944056921996084 -0.35125645265244193
vn -0.3958652363930631 -0.9081940713724728 0.135919988741009
vn 0.3958652363930631 0.9081940713724728 -0.135919988741009
vn 0.2742314693710648 -0.2581713386027193 -0.9263609777676665
vn -0.2742314693710648 0.2581713386027193 0.9263609777676665
usemtl m_fff6acb4-e166-8d77-84d8-149e6e4eee3c
f 106/313/79 105/314/79 107/315/79 108/316/79
f 111/317/80 109/318/80 110/319/80 112/320/80
f 109/321/81 105/322/81 106/323/81 110/324/81
f 108/325/82 107/326/82 111/327/82 112/328/82
f 107/329/83 105/330/83 109/331/83 111/332/83
f 110/333/84 106/334/84 108/335/84 112/336/84
o tire
v -2.0059992306311742 -0.032249650290432696 1.623023594296955
v -2.09688372816711 0.0015504631645782974 1.701906801876698
v -1.5082955406534562 1.0398708725676715 1.7370624975231306
v -1.5991800381893921 1.0736709860226825 1.8159457051028736
v -2.1419449618106077 0.05132901397731737 1.4305830448971264
v -2.2328294593465436 0.08512912743232837 1.5094662524768694
v -1.6442412718328896 1.1234495368354218 1.544621948123302
v -1.7351257693688256 1.1572496502904328 1.6235051557030449
vt 0.46875 0.7265625
vt 0.453125 0.7265625
vt 0.453125 0.578125
vt 0.46875 0.578125
vt 0.46875 0.578125
vt 0.46875 0.7265625
vt 0.453125 0.7265625
vt 0.453125 0.578125
vt 0.4765625 0.734375
vt 0.5078125 0.734375
vt 0.5078125 0.75
vt 0.4765625 0.75
vt 0.5078125 0.734375
vt 0.5078125 0.75
vt 0.4765625 0.75
vt 0.4765625 0.734375
vt 0.5078125 0.578125
vt 0.5078125 0.7265625
vt 0.4765625 0.7265625
vt 0.4765625 0.578125
vt 0.5078125 0.7265625
vt 0.4765625 0.7265625
vt 0.4765625 0.578125
vt 0.5078125 0.578125
vn 0.5437829247177344 -0.3343146570710001 0.7697621975993149
vn -0.5437829247177344 0.3343146570710001 -0.7697621975993149
vn -0.41911889682334164 -0.9028383350384036 -0.09603276061151625
vn 0.41911889682334164 0.9028383350384036 0.09603276061151625
vn 0.7270759802874887 -0.2704009076400877 -0.6310656606379439
vn -0.7270759802874887 0.2704009076400877 0.6310656606379439
usemtl m_fff6acb4-e166-8d77-84d8-149e6e4eee3c
f 114/337/85 113/338/85 115/339/85 116/340/85
f 119/341/86 117/342/86 118/343/86 120/344/86
f 117/345/87 113/346/87 114/347/87 118/348/87
f 116/349/88 115/350/88 119/351/88 120/352/88
f 115/353/89 113/354/89 117/355/89 119/356/89
f 118/357/90 114/358/90 116/359/90 120/360/90
o tire
v -2.56531558681836 -0.03241848508073686 0.27868732775210636
v -2.6844675269297937 0.0012770096730524427 0.29578787747949165
v -2.209636777911031 1.040336259840318 0.6431679063068837
v -2.328788718022464 1.0740317545941074 0.660268456034269
v -2.575527531977536 0.05096824540589273 0.04322529396573105
v -2.694679472088969 0.08466374015968198 0.06032584369311633
v -2.219848723070206 1.1237229903269474 0.4077058725205084
v -2.33900066318164 1.1574184850807367 0.42480642224789367
vt 0.46875 0.7265625
vt 0.453125 0.7265625
vt 0.453125 0.578125
vt 0.46875 0.578125
vt 0.46875 0.578125
vt 0.46875 0.7265625
vt 0.453125 0.7265625
vt 0.453125 0.578125
vt 0.4765625 0.734375
vt 0.5078125 0.734375
vt 0.5078125 0.75
vt 0.4765625 0.75
vt 0.5078125 0.734375
vt 0.5078125 0.75
vt 0.4765625 0.75
vt 0.4765625 0.734375
vt 0.5078125 0.578125
vt 0.5078125 0.7265625
vt 0.4765625 0.7265625
vt 0.4765625 0.578125
vt 0.5078125 0.7265625
vt 0.4765625 0.7265625
vt 0.4765625 0.578125
vt 0.5078125 0.578125
vn 0.040847780636702226 -0.3335469219465187 0.9418481351455016
vn -0.040847780636702226 0.3335469219465187 -0.9418481351455016
vn -0.29951899697459333 -0.9033724167756253 -0.30693101351981256
vn 0.29951899697459333 0.9033724167756253 0.30693101351981256
vn 0.9532155208914664 -0.2695639580303138 -0.13680439781908266
vn -0.9532155208914664 0.2695639580303138 0.13680439781908266
usemtl m_fff6acb4-e166-8d77-84d8-149e6e4eee3c
f 122/361/91 121/362/91 123/363/91 124/364/91
f 127/365/92 125/366/92 126/367/92 128/368/92
f 125/369/93 121/370/93 122/371/93 126/372/93
f 124/373/94 123/374/94 127/375/94 128/376/94
f 123/377/95 121/378/95 125/379/95 127/380/95
f 126/381/96 122/382/96 124/383/96 128/384/96
o tire
v -1.3010044320018825 1.1310893843456715 -1.8646271829083974
v -1.3668061970235241 1.161096292880462 -1.9665816490205859
v -1.1106451049340016 0.04561193629045901 -2.3069599607598774
v -1.176446869955643 0.07561884482524944 -2.408914426872066
v -1.509749380044357 1.0493811551747505 -1.7539505731279341
v -1.5755511450659985 1.079388063709541 -1.8559050392401226
v -1.319390052976476 -0.03609629288046201 -2.196283350979414
v -1.3851918179981175 -0.006089384345671522 -2.2982378170916027
vt 0.46875 0.7265625
vt 0.453125 0.7265625
vt 0.453125 0.578125
vt 0.46875 0.578125
vt 0.4765625 0.734375
vt 0.5078125 0.734375
vt 0.5078125 0.75
vt 0.4765625 0.75
vt 0.5078125 0.734375
vt 0.5078125 0.75
vt 0.4765625 0.75
vt 0.4765625 0.734375
vt 0.5078125 0.578125
vt 0.5078125 0.7265625
vt 0.4765625 0.7265625
vt 0.4765625 0.578125
vt 0.5078125 0.7265625
vt 0.4765625 0.7265625
vt 0.4765625 0.578125
vt 0.5078125 0.578125
vt 0.46875 0.578125
vt 0.46875 0.7265625
vt 0.453125 0.7265625
vt 0.453125 0.578125
vn 0.8349797921698978 0.32683291668368386 -0.4427064391218524
vn -0.1603025912150577 0.9140862720464948 0.37249076029598327
vn 0.1603025912150577 -0.9140862720464948 -0.37249076029598327
vn 0.5264141201731317 -0.24005526827832321 0.8156357288975085
vn -0.5264141201731317 0.24005526827832321 -0.8156357288975085
vn -0.8349797921698978 -0.32683291668368386 0.4427064391218524
usemtl m_fff6acb4-e166-8d77-84d8-149e6e4eee3c
f 130/385/97 129/386/97 131/387/97 132/388/97
f 133/389/98 129/390/98 130/391/98 134/392/98
f 132/393/99 131/394/99 135/395/99 136/396/99
f 131/397/100 129/398/100 133/399/100 135/400/100
f 134/401/101 130/402/101 132/403/101 136/404/101
f 135/405/102 133/406/102 134/407/102 136/408/102
o tire
v 0.971600743976917 1.045846644200348 -2.1023138297769197
v 1.0374025089985586 1.0758535527351385 -2.204268295889108
v 1.4631257036659229 -0.035152250285673925 -2.1032380173767073
v 1.5289274686875645 -0.0051453417508834365 -2.205192483488896
v 1.1572687813124356 1.1301453417508833 -1.9576725165111042
v 1.2230705463340772 1.160152250285674 -2.0596269826232927
v 1.6487937410014415 0.049146447264861615 -1.9585967041108916
v 1.714595506023083 0.07915335579965205 -2.0605511702230803
vt 0.46875 0.578125
vt 0.46875 0.7265625
vt 0.453125 0.7265625
vt 0.453125 0.578125
vt 0.46875 0.7265625
vt 0.453125 0.7265625
vt 0.453125 0.578125
vt 0.46875 0.578125
vt 0.4765625 0.75
vt 0.4765625 0.734375
vt 0.5078125 0.734375
vt 0.5078125 0.75
vt 0.5078125 0.75
vt 0.4765625 0.75
vt 0.4765625 0.734375
vt 0.5078125 0.734375
vt 0.5078125 0.7265625
vt 0.4765625 0.7265625
vt 0.4765625 0.578125
vt 0.5078125 0.578125
vt 0.5078125 0.578125
vt 0.5078125 0.7265625
vt 0.4765625 0.7265625
vt 0.4765625 0.578125
vn -0.7426721493420748 -0.33719479020214216 -0.5785652530632621
vn 0.7426721493420748 0.33719479020214216 0.5785652530632621
vn -0.413915755527584 0.9103148585145449 0.0007782632419262026
vn 0.413915755527584 -0.9103148585145449 -0.0007782632419262026
vn -0.5264141201731318 -0.24005526827832327 0.8156357288975085
vn 0.5264141201731318 0.24005526827832327 -0.8156357288975085
usemtl m_fff6acb4-e166-8d77-84d8-149e6e4eee3c
f 139/409/103 137/410/103 138/411/103 140/412/103
f 142/413/104 141/414/104 143/415/104 144/416/104
f 138/417/105 137/418/105 141/419/105 142/420/105
f 143/421/106 139/422/106 140/423/106 144/424/106
f 141/425/107 137/426/107 139/427/107 143/428/107
f 140/429/108 138/430/108 142/431/108 144/432/108
o tire
v -0.31013282377354995 1.045846647046362 -2.295113790194609
v -0.3094162827734083 1.075853565845438 -2.4164565748716584
v 0.1039184704545073 -0.03515224829510366 -2.559989542234318
v 0.10463501145464899 -0.005145329496027751 -2.6813323269113676
v -0.07582626145464899 1.1301453294960278 -2.2728839230886324
v -0.07510972045450731 1.1601522482951037 -2.394226707765682
v 0.3382250327734084 0.04914643415456199 -2.5377596751283416
v 0.33894157377355 0.0791533529536379 -2.659102459805391
vt 0.46875 0.578125
vt 0.46875 0.7265625
vt 0.453125 0.7265625
vt 0.453125 0.578125
vt 0.46875 0.7265625
vt 0.453125 0.7265625
vt 0.453125 0.578125
vt 0.46875 0.578125
vt 0.4765625 0.75
vt 0.4765625 0.734375
vt 0.5078125 0.734375
vt 0.5078125 0.75
vt 0.5078125 0.75
vt 0.4765625 0.75
vt 0.4765625 0.734375
vt 0.5078125 0.734375
vt 0.5078125 0.7265625
vt 0.4765625 0.7265625
vt 0.4765625 0.578125
vt 0.5078125 0.578125
vt 0.5078125 0.578125
vt 0.5078125 0.7265625
vt 0.4765625 0.7265625
vt 0.4765625 0.578125
vn -0.937226249275604 -0.3371947297986626 -0.0889194684239065
vn 0.937226249275604 0.3371947297986626 0.0889194684239065
vn -0.34867477408678516 0.9103148592349185 0.22305326487554464
vn 0.34867477408678516 -0.9103148592349185 -0.22305326487554464
vn -0.0057323280011334085 -0.24005535039260723 0.9707422774163955
vn 0.0057323280011334085 0.24005535039260723 -0.9707422774163955
usemtl m_fff6acb4-e166-8d77-84d8-149e6e4eee3c
f 147/433/109 145/434/109 146/435/109 148/436/109
f 150/437/110 149/438/110 151/439/110 152/440/110
f 146/441/111 145/442/111 149/443/111 150/444/111
f 151/445/112 147/446/112 148/447/112 152/448/112
f 149/449/113 145/450/113 147/451/113 151/452/113
f 148/453/114 146/454/114 150/455/114 152/456/114
o tire
v 2.460273981500151 0.04810909574000366 -0.7635855548252346
v 2.5699538272279727 0.08180458040511956 -0.8131833950433744
v 2.020517052435637 1.1244866659377022 -1.0047938045080473
v 2.130196898163459 1.158182150602818 -1.0543916447261872
v 2.3840493518365413 -0.03318215060281804 -0.9873746052738126
v 2.493729197564363 0.00051333406229781 -1.0369724454919524
v 1.9442924227720275 1.0431954195948805 -1.2285828549566253
v 2.0539722684998494 1.0768909042599963 -1.2781806951747652
vt 0.46875 0.578125
vt 0.46875 0.7265625
vt 0.453125 0.7265625
vt 0.453125 0.578125
vt 0.46875 0.7265625
vt 0.453125 0.7265625
vt 0.453125 0.578125
vt 0.46875 0.578125
vt 0.4765625 0.75
vt 0.4765625 0.734375
vt 0.5078125 0.734375
vt 0.5078125 0.75
vt 0.5078125 0.75
vt 0.4765625 0.75
vt 0.4765625 0.734375
vt 0.5078125 0.734375
vt 0.5078125 0.7265625
vt 0.4765625 0.7265625
vt 0.4765625 0.578125
vt 0.5078125 0.578125
vt 0.5078125 0.578125
vt 0.5078125 0.7265625
vt 0.4765625 0.7265625
vt 0.4765625 0.578125
vn 0.3048985186544398 0.3251649853712874 0.8951562017943118
vn -0.3048985186544398 -0.3251649853712874 -0.8951562017943118
vn 0.3703216244753801 -0.9064232170085884 0.20312273657500027
vn -0.3703216244753801 0.9064232170085884 -0.20312273657500027
vn -0.8774387658225752 -0.2695638773209272 0.3967827217451185
vn 0.8774387658225752 0.2695638773209272 -0.3967827217451185
usemtl m_fff6acb4-e166-8d77-84d8-149e6e4eee3c
f 155/457/115 153/458/115 154/459/115 156/460/115
f 158/461/116 157/462/116 159/463/116 160/464/116
f 154/465/117 153/466/117 157/467/117 158/468/117
f 159/469/118 155/470/118 156/471/118 160/472/118
f 157/473/119 153/474/119 155/475/119 159/476/119
f 156/477/120 154/478/120 158/479/120 160/480/120
o tire
v 2.4818330313941095 0.04789019520161142 0.6820976206938751
v 2.6008681581341646 0.08169030199712274 0.6997948346720965
v 2.2415879145744526 1.1243680316564868 0.24205898436095005
v 2.3606230413145077 1.1581681384519982 0.2597561983391714
v 2.5389682086854926 -0.033168138451998175 0.4526088016608286
v 2.6580033354255477 0.0006319683435132006 0.47030601563904995
v 2.2987230918658357 1.0433096980028773 0.01257016532790356
v 2.417758218605891 1.0771098047983885 0.030267379306124886
vt 0.46875 0.578125
vt 0.46875 0.7265625
vt 0.453125 0.7265625
vt 0.453125 0.578125
vt 0.46875 0.7265625
vt 0.453125 0.7265625
vt 0.453125 0.578125
vt 0.46875 0.578125
vt 0.4765625 0.75
vt 0.4765625 0.734375
vt 0.5078125 0.734375
vt 0.5078125 0.75
vt 0.5078125 0.75
vt 0.4765625 0.75
vt 0.4765625 0.734375
vt 0.5078125 0.734375
vt 0.5078125 0.7265625
vt 0.4765625 0.7265625
vt 0.4765625 0.578125
vt 0.5078125 0.578125
vt 0.5078125 0.578125
vt 0.5078125 0.7265625
vt 0.4765625 0.7265625
vt 0.4765625 0.578125
vn -0.22854070916553237 0.32423333461443815 0.9179552761321857
vn 0.22854070916553237 -0.32423333461443815 -0.9179552761321857
vn 0.2023116773218163 -0.906507651751474 0.3705588516487789
vn -0.2023116773218163 0.906507651751474 -0.3705588516487789
vn -0.9522810139204441 -0.2704008543640907 -0.14157771182577036
vn 0.9522810139204441 0.2704008543640907 0.14157771182577036
usemtl m_fff6acb4-e166-8d77-84d8-149e6e4eee3c
f 163/481/121 161/482/121 162/483/121 164/484/121
f 166/485/122 165/486/122 167/487/122 168/488/122
f 162/489/123 161/490/123 165/491/123 166/492/123
f 167/493/124 163/494/124 164/495/124 168/496/124
f 165/497/125 161/498/125 163/499/125 167/500/125
f 164/501/126 162/502/126 166/503/126 168/504/126
o tire
v 1.7190337882945097 0.04897581526215733 1.9204131571767928
v 1.810161019501056 0.08124723406147616 1.9996557168357767
v 1.7690305763964935 1.1266051883907613 1.424054914221227
v 1.8601578076030398 1.1588766071900802 1.503297473880211
v 1.88983344239696 -0.03387660719008012 1.7577387761197891
v 1.9809606736035064 -0.0016051883907611808 1.836981335778773
v 1.9398302304989439 1.0437527659385237 1.2613805331642234
v 2.03095746170549 1.0760241847378427 1.3406230928232072
vt 0.46875 0.578125
vt 0.46875 0.7265625
vt 0.453125 0.7265625
vt 0.453125 0.578125
vt 0.46875 0.7265625
vt 0.453125 0.7265625
vt 0.453125 0.578125
vt 0.46875 0.578125
vt 0.4765625 0.75
vt 0.4765625 0.734375
vt 0.5078125 0.734375
vt 0.5078125 0.75
vt 0.5078125 0.75
vt 0.4765625 0.75
vt 0.4765625 0.734375
vt 0.5078125 0.734375
vt 0.5078125 0.7265625
vt 0.4765625 0.7265625
vt 0.4765625 0.578125
vt 0.5078125 0.578125
vt 0.5078125 0.578125
vt 0.5078125 0.7265625
vt 0.4765625 0.7265625
vt 0.4765625 0.578125
vn -0.6831986164098018 0.33140968980894986 0.650697524228015
vn 0.6831986164098018 -0.33140968980894986 -0.650697524228015
vn -0.04210255840167058 -0.9074773668451404 0.41798588880468723
vn 0.04210255840167058 0.9074773668451404 -0.41798588880468723
vn -0.7290178496523706 -0.2581713503945512 -0.6339404772718711
vn 0.7290178496523706 0.2581713503945512 0.6339404772718711
usemtl m_fff6acb4-e166-8d77-84d8-149e6e4eee3c
f 171/505/127 169/506/127 170/507/127 172/508/127
f 174/509/128 173/510/128 175/511/128 176/512/128
f 170/513/129 169/514/129 173/515/129 174/516/129
f 175/517/130 171/518/130 172/519/130 176/520/130
f 173/521/131 169/522/131 171/523/131 175/524/131
f 172/525/132 170/526/132 174/527/132 176/528/132
o tire
v 0.45879125 1.648466875 1.562176875
v 0.666416875 1.1656425 2.26928375
v 0.752418125 0 2.562176875
v 0.666416875 -1.1656425 2.26928375
v 0.45879125 -1.648466875 1.562176875
v 1.23071125 1.648466875 1.066094375
v 1.7876675 1.1656425 1.548699375
v 2.01836625 0 1.74860125
v 1.7876675 -1.1656425 1.548699375
v 1.23071125 -1.648466875 1.066094375
v 1.61188875 1.648466875 0.231431875
v 2.34134625 1.1656425 0.336311875
v 2.6434975 0 0.379754375
v 2.34134625 -1.1656425 0.336311875
v 1.61188875 -1.648466875 0.231431875
v 1.481303125 1.648466875 -0.67681125
v 2.151664375 1.1656425 -0.982955
v 2.4293375 0 -1.109764375
v 2.151664375 -1.1656425 -0.982955
v 1.481303125 -1.648466875 -0.67681125
v 0.880414375 1.648466875 -1.370274375
v 1.278844375 1.1656425 -1.99024375
v 1.443879375 0 -2.247043125
v 1.278844375 -1.1656425 -1.99024375
v 0.880414375 -1.648466875 -1.370274375
v 0 1.648466875 -1.6287875
v 0 1.1656425 -2.36574625
v 0 0 -2.671004375
v 0 -1.1656425 -2.36574625
v 0 -1.648466875 -1.6287875
v -0.880414375 1.648466875 -1.370274375
v -1.278844375 1.1656425 -1.99024375
v -1.443879375 0 -2.247043125
v -1.278844375 -1.1656425 -1.99024375
v -0.880414375 -1.648466875 -1.370274375
v -1.481303125 1.648466875 -0.67681125
v -2.151664375 1.1656425 -0.982955
v -2.4293375 0 -1.109764375
v -2.151664375 -1.1656425 -0.982955
v -1.481303125 -1.648466875 -0.67681125
v -1.61188875 1.648466875 0.231431875
v -2.34134625 1.1656425 0.336311875
v -2.6434975 0 0.379754375
v -2.34134625 -1.1656425 0.336311875
v -1.61188875 -1.648466875 0.231431875
v -1.23071125 1.648466875 1.066094375
v -1.7876675 1.1656425 1.548699375
v -2.01836625 0 1.74860125
v -1.7876675 -1.1656425 1.548699375
v -1.23071125 -1.648466875 1.066094375
v -0.45879125 1.648466875 1.562176875
v -0.666416875 1.1656425 2.26928375
v -0.752418125 0 2.562176875
v -0.666416875 -1.1656425 2.26928375
v -0.45879125 -1.648466875 1.562176875
v 0.31008125 -1.302646875 1.05571625
v 0.831795 -1.302646875 0.72043125
v 1.089419375 -1.302646875 0.156311875
v 1.00116125 -1.302646875 -0.4575375
v 0.59504125 -1.302646875 -0.926225
v 0 -1.302646875 -1.100945625
v -0.59504125 -1.302646875 -0.926225
v -1.00116125 -1.302646875 -0.4575375
v -1.089419375 -1.302646875 0.156311875
v -0.831795 -1.302646875 0.72043125
v -0.31008125 -1.302646875 1.05571625
v 0.31150375 1.305955625 1.060561875
v 0.835611875 1.305955625 0.72373875
v 1.094418125 1.305955625 0.157030625
v 1.005755 1.305955625 -0.459635625
v 0.597771875 1.305955625 -0.93047375
v 0 1.305955625 -1.105995625
v -0.597771875 1.305955625 -0.93047375
v -1.005755 1.305955625 -0.459635625
v -1.094418125 1.305955625 0.157030625
v -0.835611875 1.305955625 0.72373875
v -0.31150375 1.305955625 1.060561875
vt 0.228682109375 0.7109375
vt 0.203125 0.8203125
vt 0.3671875 0.8203125
vt 0.341630390625 0.7109375
vt 0.03415296875 0.8515625
vt 0.0234375 1
vt 0.2109375 1
vt 0.20022203125 0.8515625
vt 0.0234375 1
vt 0.03415296875 0.8515625
vt 0.20022203125 0.8515625
vt 0.2109375 1
vt 0.203125 0.8203125
vt 0.228682109375 0.7109375
vt 0.341630390625 0.7109375
vt 0.3671875 0.8203125
vt 0.03125 0.6875
vt 0.05006046875 0.6099103906250001
vt 0.12962703125 0.6099103906250001
vt 0.1484375 0.6875
vt 0.228682109375 0.7109375
vt 0.203125 0.8203125
vt 0.3671875 0.8203125
vt 0.341630390625 0.7109375
vt 0.03415296875 0.8515625
vt 0.0234375 1
vt 0.2109375 1
vt 0.20022203125 0.8515625
vt 0.0234375 1
vt 0.03415296875 0.8515625
vt 0.20022203125 0.8515625
vt 0.2109375 1
vt 0.203125 0.8203125
vt 0.228682109375 0.7109375
vt 0.341630390625 0.7109375
vt 0.3671875 0.8203125
vt 0.0546875 0.8203125
vt 0.07349796875 0.7427228906250001
vt 0.15306453125 0.7427228906250001
vt 0.171875 0.8203125
vt 0.228682890625 0.71093671875
vt 0.203125 0.82031171875
vt 0.3671875 0.82031171875
vt 0.341630390625 0.71093671875
vt 0.03415375 0.8515625
vt 0.0234375 1
vt 0.2109375 1
vt 0.20022203125 0.8515625
vt 0.0234375 1
vt 0.03415296875 0.8515625
vt 0.20022203125 0.8515625
vt 0.2109375 1
vt 0.203125 0.8203125
vt 0.228682109375 0.7109375
vt 0.341630390625 0.7109375
vt 0.3671875 0.8203125
vt 0.0546875 0.8203125
vt 0.07349796875 0.7427228906250001
vt 0.153063984375 0.7427228906250001
vt 0.171875 0.8203125
vt 0.228682265625 0.71093671875
vt 0.203125 0.82031171875
vt 0.3671875 0.82031171875
vt 0.341630234375 0.71093671875
vt 0.03415296875 0.8515625
vt 0.0234375 1
vt 0.2109375 1
vt 0.20022203125 0.8515625
vt 0.0234375 1
vt 0.03415375 0.8515625
vt 0.20022203125 0.8515625
vt 0.2109375 1
vt 0.203125 0.8203125
vt 0.228682265625 0.7109375
vt 0.341630234375 0.7109375
vt 0.3671875 0.8203125
vt 0.265625 0.6875
vt 0.284435546875 0.6099103906250001
vt 0.364001953125 0.6099103906250001
vt 0.3828125 0.6875
vt 0.228682265625 0.71093671875
vt 0.203125 0.82031171875
vt 0.3671875 0.82031171875
vt 0.341630234375 0.71093671875
vt 0.03415296875 0.8515625
vt 0.0234375 1
vt 0.2109375 1
vt 0.20022203125 0.8515625
vt 0.0234375 1
vt 0.03415296875 0.8515625
vt 0.20022203125 0.8515625
vt 0.2109375 1
vt 0.203125 0.8203125
vt 0.228682265625 0.7109375
vt 0.341630234375 0.7109375
vt 0.3671875 0.82031171875
vt 0.1484375 0.6875
vt 0.167248046875 0.6099103906250001
vt 0.246814453125 0.6099103906250001
vt 0.265625 0.6875
vt 0.228682265625 0.71093671875
vt 0.203125 0.82031171875
vt 0.3671875 0.82031171875
vt 0.341630234375 0.71093671875
vt 0.03415296875 0.8515625
vt 0.0234375 1
vt 0.2109375 1
vt 0.20022203125 0.8515625
vt 0.0234375 1
vt 0.03415296875 0.8515625
vt 0.20022203125 0.8515625
vt 0.2109375 1
vt 0.203125 0.8203125
vt 0.228682265625 0.7109375
vt 0.341630234375 0.7109375
vt 0.3671875 0.8203125
vt 0.03125 0.6875
vt 0.050060546875 0.6099103906250001
vt 0.129626953125 0.6099103906250001
vt 0.1484375 0.6875
vt 0.228682265625 0.71093671875
vt 0.203125 0.82031171875
vt 0.3671875 0.82031171875
vt 0.341630234375 0.71093671875
vt 0.03415296875 0.8515625
vt 0.0234375 1
vt 0.2109375 1
vt 0.20022203125 0.8515625
vt 0.0234375 1
vt 0.03415296875 0.8515625
vt 0.20022125 0.8515625
vt 0.2109375 1
vt 0.203125 0.8203125
vt 0.228682265625 0.7109375
vt 0.341630234375 0.7109375
vt 0.3671875 0.8203125
vt 0.0546875 0.8203125
vt 0.073498046875 0.7427228906250001
vt 0.153064453125 0.7427228906250001
vt 0.171875 0.8203125
vt 0.228682109375 0.7109375
vt 0.203125 0.8203125
vt 0.3671875 0.8203125
vt 0.341629609375 0.7109375
vt 0.03415296875 0.8515625
vt 0.0234375 1
vt 0.2109375 1
vt 0.20022125 0.8515625
vt 0.0234375 1
vt 0.03415296875 0.8515625
vt 0.20022203125 0.8515625
vt 0.2109375 1
vt 0.203125 0.8203125
vt 0.228682109375 0.7109375
vt 0.341630390625 0.7109375
vt 0.3671875 0.8203125
vt 0.0546875 0.8203125
vt 0.073498515625 0.7427228906250001
vt 0.15306453125 0.7427228906250001
vt 0.171875 0.8203125
vt 0.228682109375 0.7109375
vt 0.203125 0.8203125
vt 0.3671875 0.8203125
vt 0.341630390625 0.7109375
vt 0.03415296875 0.8515625
vt 0.0234375 1
vt 0.2109375 1
vt 0.20022203125 0.8515625
vt 0.0234375 1
vt 0.03415296875 0.8515625
vt 0.20022203125 0.8515625
vt 0.2109375 1
vt 0.203125 0.8203125
vt 0.228682109375 0.7109375
vt 0.341630390625 0.7109375
vt 0.3671875 0.8203125
vt 0.0546875 0.8203125
vt 0.07349796875 0.7427228906250001
vt 0.15306453125 0.7427228906250001
vt 0.171875 0.8203125
vt 0.228682109375 0.71093671875
vt 0.203125 0.82031171875
vt 0.3671875 0.82031171875
vt 0.341630390625 0.71093671875
vt 0.03415296875 0.8515625
vt 0.0234375 1
vt 0.2109375 1
vt 0.20022203125 0.8515625
vt 0.0234375 1
vt 0.03415296875 0.8515625
vt 0.20022203125 0.8515625
vt 0.2109375 1
vt 0.203125 0.82031171875
vt 0.228682109375 0.7109375
vt 0.341630390625 0.7109375
vt 0.3671875 0.8203125
vt 0.265625 0.6875
vt 0.28443546875 0.6099103906250001
vt 0.36400203125 0.6099103906250001
vt 0.3828125 0.6875
vt 0.228682109375 0.7109375
vt 0.203125 0.8203125
vt 0.3671875 0.8203125
vt 0.341630390625 0.7109375
vt 0.03415296875 0.8515625
vt 0.0234375 1
vt 0.2109375 1
vt 0.20022203125 0.8515625
vt 0.0234375 1
vt 0.03415296875 0.8515625
vt 0.20022203125 0.8515625
vt 0.2109375 1
vt 0.203125 0.8203125
vt 0.228682109375 0.7109375
vt 0.341630390625 0.7109375
vt 0.3671875 0.8203125
vt 0.1484375 0.6875
vt 0.16724796875 0.6099103906250001
vt 0.24681453125 0.6099103906250001
vt 0.265625 0.6875
vt 0.265625 0.6875
vt 0.2846171875 0.609160859375
vt 0.3638203125 0.609160859375
vt 0.3828125 0.6875
vt 0.171875 0.8203125
vt 0.1528828125 0.741973359375
vt 0.0736796875 0.741973359375
vt 0.0546875 0.8203125
vt 0.171875 0.8203125
vt 0.152882265625 0.741973359375
vt 0.0736796875 0.741973359375
vt 0.0546875 0.8203125
vt 0.03125 0.6875
vt 0.050242265625 0.609160859375
vt 0.129445234375 0.609160859375
vt 0.1484375 0.6875
vt 0.1484375 0.6875
vt 0.167429765625 0.609160859375
vt 0.246632734375 0.609160859375
vt 0.265625 0.6875
vt 0.265625 0.6875
vt 0.284617265625 0.609160859375
vt 0.363820234375 0.609160859375
vt 0.3828125 0.6875
vt 0.171875 0.8203125
vt 0.152882734375 0.741973359375
vt 0.073679765625 0.741973359375
vt 0.0546875 0.8203125
vt 0.171875 0.8203125
vt 0.1528828125 0.741973359375
vt 0.073680234375 0.741973359375
vt 0.0546875 0.8203125
vt 0.171875 0.8203125
vt 0.1528828125 0.741973359375
vt 0.0736796875 0.741973359375
vt 0.0546875 0.8203125
vt 0.03125 0.6875
vt 0.0502421875 0.609160859375
vt 0.1294453125 0.609160859375
vt 0.1484375 0.6875
vt 0.1484375 0.6875
vt 0.1674296875 0.609160859375
vt 0.2466328125 0.609160859375
vt 0.265625 0.6875
vn 0.304867218476945 0.8258433865914393 0.47438241949013416
vn 0.524341419962008 0.2436964033023221 0.8158910088545756
vn 0.5243415270845088 -0.2436963945632875 0.8158909426213409
vn 0.30486692182882086 -0.8258434293114014 0.474382535763917
vn -0.304866957957762 0.8258430040004855 -0.47438325296012973
vn 0.5129412906143151 0.8258432304161627 0.2342524090777254
vn 0.8822080509950121 0.2436964354666121 0.40289080667154653
vn 0.8822080273603474 -0.24369643926976683 0.4028908561238408
vn 0.5129413053252163 -0.8258432270499588 0.23425238873269452
vn -0.5129412600074407 0.8258434193811607 -0.2342518099114967
vn 0.5581600262564634 0.8258432774920021 -0.08025126859216801
vn 0.9599798908241269 0.2436965172493392 -0.1380239714464119
vn 0.9599798596580906 -0.24369649995393136 -0.1380242187481462
vn 0.5581600270428613 -0.8258432755685284 -0.08025128291657477
vn -0.5581601000424502 0.8258432323720566 0.08025121971581273
vn 0.4261670536076554 0.8258433238292442 -0.3692755704159644
vn 0.7329646599091497 0.2436969131590492 -0.635117801546308
vn 0.7329650460065409 -0.24369695491572663 -0.635117339943913
vn 0.4261670552063168 -0.825843324263392 -0.3692755676000865
vn -0.4261672027151034 0.8258432374315261 0.36927559155541273
vn 0.15886883459823065 0.8258433681795722 -0.5410576906645168
vn 0.2732387819947454 0.24369622713013636 -0.9305658047105347
vn 0.27323871517114623 -0.243696222272029 -0.9305658256039512
vn 0.15886894157861137 -0.8258433843780922 -0.5410576345276263
vn -0.15886909215493508 0.8258432635826461 0.5410577746904953
vn -0.1588688641357194 0.825843296591483 -0.5410577912599892
vn -0.273238776664844 0.24369630242035242 -0.9305657865585582
vn -0.2732387091534218 -0.24369630727845704 -0.930565805109459
vn -0.1588689844832677 -0.8258432803929439 -0.5410577806473877
vn 0.1588690552530105 0.8258433530193263 0.5410576490142363
vn -0.426167055731278 0.8258433219105603 -0.36927557225609253
vn -0.7329647828001624 0.24369626601926153 -0.6351179080320284
vn -0.7329651847567131 -0.24369622426255058 -0.6351174601715293
vn -0.4261670582909814 -0.8258433214764108 -0.3692755702729614
vn 0.42616712870663853 0.8258433042978629 0.3692755274267809
vn -0.5581600139338075 0.8258432859926433 -0.08025126682043814
vn -0.9599798241580508 0.24369678529186375 -0.138023961861298
vn -0.9599797843887385 -0.24369680258743104 -0.1380242079260509
vn -0.5581600091436103 -0.825843287916119 -0.08025128034305151
vn 0.5581600099619918 0.825843294513019 0.08025120676421219
vn -0.5129412707959745 0.8258432452928366 0.23425240002699355
vn -0.882208064466749 0.24369637652608786 0.402890812823881
vn -0.8822080425706198 -0.24369637272293226 0.4028908630701385
vn -0.5129412765381205 -0.8258432486590452 0.23425237558607168
vn 0.5129418361546555 0.825842986895316 -0.23425207302842332
vn -0.304867367963337 0.8258431977936579 0.4743826520953865
vn -0.5243414015632797 0.24369653873857766 0.8158909802256012
vn -0.5243415063114202 -0.24369654747759195 0.8158909102978
vn -0.3048671389648267 -0.8258431550735198 0.4743828736343834
vn 0.304866716926181 0.8258433084183977 -0.47438287790687306
vn 0 0.8258433408789996 0.5638996154687577
vn 0 0.2436963803932717 0.9698515732746006
vn 0 -0.24369638039327174 0.9698515732746007
vn 0 -0.8258433408789995 0.5638996154687577
vn 0 0.8258432207686954 -0.5638997913728894
vn -0.3048672965941533 -0.8258430989871397 -0.4743828699718089
vn -0.5129415144135812 -0.8258431344225774 -0.23425225744524808
vn -0.5581601264546003 -0.8258432137064663 0.08025122809752143
vn -0.42616700811676844 -0.8258432505381439 0.3692757868225246
vn -0.15886943061180475 -0.8258435283641459 0.541057271160955
vn 0.15886962959805623 -0.8258430460960478 0.5410579488429849
vn 0.42616682460374106 -0.8258434163414228 0.3692756278075931
vn 0.558160210123456 -0.8258431559884565 0.08025124012727436
vn 0.5129412825561587 -0.8258433084667594 -0.23425215155963908
vn 0.3048672066848503 -0.8258432125405797 -0.4743827300701741
vn 0 -0.825843163915597 -0.5638998746354501
usemtl m_fff6acb4-e166-8d77-84d8-149e6e4eee3c
f 177/529/133 178/530/133 183/531/133 182/532/133
f 178/533/134 179/534/134 184/535/134 183/536/134
f 179/537/135 180/538/135 185/539/135 184/540/135
f 180/541/136 181/542/136 186/543/136 185/544/136
f 182/545/137 244/546/137 243/547/137 177/548/137
f 182/549/138 183/550/138 188/551/138 187/552/138
f 183/553/139 184/554/139 189/555/139 188/556/139
f 184/557/140 185/558/140 190/559/140 189/560/140
f 185/561/141 186/562/141 191/563/141 190/564/141
f 187/565/142 245/566/142 244/567/142 182/568/142
f 187/569/143 188/570/143 193/571/143 192/572/143
f 188/573/144 189/574/144 194/575/144 193/576/144
f 189/577/145 190/578/145 195/579/145 194/580/145
f 190/581/146 191/582/146 196/583/146 195/584/146
f 192/585/147 246/586/147 245/587/147 187/588/147
f 192/589/148 193/590/148 198/591/148 197/592/148
f 193/593/149 194/594/149 199/595/149 198/596/149
f 194/597/150 195/598/150 200/599/150 199/600/150
f 195/601/151 196/602/151 201/603/151 200/604/151
f 197/605/152 247/606/152 246/607/152 192/608/152
f 197/609/153 198/610/153 203/611/153 202/612/153
f 198/613/154 199/614/154 204/615/154 203/616/154
f 199/617/155 200/618/155 205/619/155 204/620/155
f 200/621/156 201/622/156 206/623/156 205/624/156
f 202/625/157 248/626/157 247/627/157 197/628/157
f 202/629/158 203/630/158 208/631/158 207/632/158
f 203/633/159 204/634/159 209/635/159 208/636/159
f 204/637/160 205/638/160 210/639/160 209/640/160
f 205/641/161 206/642/161 211/643/161 210/644/161
f 207/645/162 249/646/162 248/647/162 202/648/162
f 207/649/163 208/650/163 213/651/163 212/652/163
f 208/653/164 209/654/164 214/655/164 213/656/164
f 209/657/165 210/658/165 215/659/165 214/660/165
f 210/661/166 211/662/166 216/663/166 215/664/166
f 212/665/167 250/666/167 249/667/167 207/668/167
f 212/669/168 213/670/168 218/671/168 217/672/168
f 213/673/169 214/674/169 219/675/169 218/676/169
f 214/677/170 215/678/170 220/679/170 219/680/170
f 215/681/171 216/682/171 221/683/171 220/684/171
f 217/685/172 251/686/172 250/687/172 212/688/172
f 217/689/173 218/690/173 223/691/173 222/692/173
f 218/693/174 219/694/174 224/695/174 223/696/174
f 219/697/175 220/698/175 225/699/175 224/700/175
f 220/701/176 221/702/176 226/703/176 225/704/176
f 222/705/177 252/706/177 251/707/177 217/708/177
f 222/709/178 223/710/178 228/711/178 227/712/178
f 223/713/179 224/714/179 229/715/179 228/716/179
f 224/717/180 225/718/180 230/719/180 229/720/180
f 225/721/181 226/722/181 231/723/181 230/724/181
f 227/725/182 253/726/182 252/727/182 222/728/182
f 227/729/183 228/730/183 178/731/183 177/732/183
f 228/733/184 229/734/184 179/735/184 178/736/184
f 229/737/185 230/738/185 180/739/185 179/740/185
f 230/741/186 231/742/186 181/743/186 180/744/186
f 177/745/187 243/746/187 253/747/187 227/748/187
f 181/749/188 232/750/188 233/751/188 186/752/188
f 186/753/189 233/754/189 234/755/189 191/756/189
f 191/757/190 234/758/190 235/759/190 196/760/190
f 196/761/191 235/762/191 236/763/191 201/764/191
f 201/765/192 236/766/192 237/767/192 206/768/192
f 206/769/193 237/770/193 238/771/193 211/772/193
f 211/773/194 238/774/194 239/775/194 216/776/194
f 216/777/195 239/778/195 240/779/195 221/780/195
f 221/781/196 240/782/196 241/783/196 226/784/196
f 226/785/197 241/786/197 242/787/197 231/788/197
f 231/789/198 242/790/198 232/791/198 181/792/198
o rim
v -0.08521534872710115 0.75 0.5595094676065084
v -0.052862968089286054 0.75 0.4387687393203749
v -0.08521534872710115 -0.75 0.5595094676065084
v -0.052862968089286054 -0.75 0.4387687393203749
v -0.20595607701323468 0.75 0.5271570869686935
v -0.17360369637541959 0.75 0.4064163586825598
v -0.20595607701323468 -0.75 0.5271570869686935
v -0.17360369637541959 -0.75 0.4064163586825598
vt 0.015625 0.9765625
vt 0 0.9765625
vt 0 0.7890625
vt 0.015625 0.7890625
vt 0.015625 0.7890625
vt 0.015625 0.9765625
vt 0 0.9765625
vt 0 0.7890625
vt 0 0.984375
vt 0.015625 0.984375
vt 0.015625 1
vt 0 1
vt 0.015625 0.984375
vt 0.015625 1
vt 0 1
vt 0 0.984375
vt 0.015625 0.7890625
vt 0.015625 0.9765625
vt 0 0.9765625
vt 0 0.7890625
vt 0.015625 0.9765625
vt 0 0.9765625
vt 0 0.7890625
vt 0.015625 0.7890625
vn 0.9659258262890683 0 0.25881904510252074
vn -0.9659258262890683 0 -0.25881904510252074
vn 0 1 0
vn 0 -1 0
vn -0.25881904510252074 0 0.9659258262890683
vn 0.25881904510252074 0 -0.9659258262890683
usemtl m_fff6acb4-e166-8d77-84d8-149e6e4eee3c
f 255/793/199 254/794/199 256/795/199 257/796/199
f 260/797/200 258/798/200 259/799/200 261/800/200
f 258/801/201 254/802/201 255/803/201 259/804/201
f 257/805/202 256/806/202 260/807/202 261/808/202
f 256/809/203 254/810/203 258/811/203 260/812/203
f 259/813/204 255/814/204 257/815/204 261/816/204
o rim
v 0.08521534872710107 0.75 -0.5595094676065083
v 0.05286296808928599 0.75 -0.4387687393203749
v 0.08521534872710107 -0.75 -0.5595094676065083
v 0.05286296808928599 -0.75 -0.4387687393203749
v 0.2059560770132346 0.75 -0.5271570869686933
v 0.1736036963754195 0.75 -0.4064163586825598
v 0.2059560770132346 -0.75 -0.5271570869686933
v 0.1736036963754195 -0.75 -0.4064163586825598
vt 0.015625 0.9765625
vt 0 0.9765625
vt 0 0.7890625
vt 0.015625 0.7890625
vt 0.015625 0.7890625
vt 0.015625 0.9765625
vt 0 0.9765625
vt 0 0.7890625
vt 0 0.984375
vt 0.015625 0.984375
vt 0.015625 1
vt 0 1
vt 0.015625 0.984375
vt 0.015625 1
vt 0 1
vt 0 0.984375
vt 0.015625 0.7890625
vt 0.015625 0.9765625
vt 0 0.9765625
vt 0 0.7890625
vt 0.015625 0.9765625
vt 0 0.9765625
vt 0 0.7890625
vt 0.015625 0.7890625
vn -0.9659258262890684 0 -0.25881904510252063
vn 0.9659258262890684 0 0.25881904510252063
vn 0 1 0
vn 0 -1 0
vn 0.25881904510252063 0 -0.9659258262890684
vn -0.25881904510252063 0 0.9659258262890684
usemtl m_fff6acb4-e166-8d77-84d8-149e6e4eee3c
f 263/817/205 262/818/205 264/819/205 265/820/205
f 268/821/206 266/822/206 267/823/206 269/824/206
f 266/825/207 262/826/207 263/827/207 267/828/207
f 265/829/208 264/830/208 268/831/208 269/832/208
f 264/833/209 262/834/209 266/835/209 268/836/209
f 267/837/210 263/838/210 265/839/210 269/840/210
o rim
v -0.5271570869686935 0.75 0.20595607701323468
v -0.4064163586825598 0.75 0.17360369637541959
v -0.5271570869686935 -0.75 0.20595607701323468
v -0.4064163586825598 -0.75 0.17360369637541959
v -0.5595094676065084 0.75 0.08521534872710115
v -0.4387687393203749 0.75 0.052862968089286054
v -0.5595094676065084 -0.75 0.08521534872710115
v -0.4387687393203749 -0.75 0.052862968089286054
vt 0.015625 0.9765625
vt 0 0.9765625
vt 0 0.7890625
vt 0.015625 0.7890625
vt 0.015625 0.7890625
vt 0.015625 0.9765625
vt 0 0.9765625
vt 0 0.7890625
vt 0 0.984375
vt 0.015625 0.984375
vt 0.015625 1
vt 0 1
vt 0.015625 0.984375
vt 0.015625 1
vt 0 1
vt 0 0.984375
vt 0.015625 0.7890625
vt 0.015625 0.9765625
vt 0 0.9765625
vt 0 0.7890625
vt 0.015625 0.9765625
vt 0 0.9765625
vt 0 0.7890625
vt 0.015625 0.7890625
vn 0.25881904510252074 0 0.9659258262890683
vn -0.25881904510252074 0 -0.9659258262890683
vn 0 1 0
vn 0 -1 0
vn -0.9659258262890683 0 0.25881904510252074
vn 0.9659258262890683 0 -0.25881904510252074
usemtl m_fff6acb4-e166-8d77-84d8-149e6e4eee3c
f 271/841/211 270/842/211 272/843/211 273/844/211
f 276/845/212 274/846/212 275/847/212 277/848/212
f 274/849/213 270/850/213 271/851/213 275/852/213
f 273/853/214 272/854/214 276/855/214 277/856/214
f 272/857/215 270/858/215 274/859/215 276/860/215
f 275/861/216 271/862/216 273/863/216 277/864/216
o rim
v -0.44194173824159233 0.75 -0.35355339059327373
v -0.35355339059327384 0.75 -0.26516504294495524
v -0.44194173824159233 -0.75 -0.35355339059327373
v -0.35355339059327384 -0.75 -0.26516504294495524
v -0.35355339059327384 0.75 -0.4419417382415922
v -0.26516504294495535 0.75 -0.35355339059327373
v -0.35355339059327384 -0.75 -0.4419417382415922
v -0.26516504294495535 -0.75 -0.35355339059327373
vt 0.015625 0.9765625
vt 0 0.9765625
vt 0 0.7890625
vt 0.015625 0.7890625
vt 0.015625 0.7890625
vt 0.015625 0.9765625
vt 0 0.9765625
vt 0 0.7890625
vt 0 0.984375
vt 0.015625 0.984375
vt 0.015625 1
vt 0 1
vt 0.015625 0.984375
vt 0.015625 1
vt 0 1
vt 0 0.984375
vt 0.015625 0.7890625
vt 0.015625 0.9765625
vt 0 0.9765625
vt 0 0.7890625
vt 0.015625 0.9765625
vt 0 0.9765625
vt 0 0.7890625
vt 0.015625 0.7890625
vn -0.7071067811865475 0 0.7071067811865477
vn 0.7071067811865475 0 -0.7071067811865477
vn 0 1 0
vn 0 -1 0
vn -0.7071067811865477 0 -0.7071067811865475
vn 0.7071067811865477 0 0.7071067811865475
usemtl m_fff6acb4-e166-8d77-84d8-149e6e4eee3c
f 279/865/217 278/866/217 280/867/217 281/868/217
f 284/869/218 282/870/218 283/871/218 285/872/218
f 282/873/219 278/874/219 279/875/219 283/876/219
f 281/877/220 280/878/220 284/879/220 285/880/220
f 280/881/221 278/882/221 282/883/221 284/884/221
f 283/885/222 279/886/222 281/887/222 285/888/222
o rim
v 0.4419417382415922 0.75 0.35355339059327373
v 0.35355339059327373 0.75 0.26516504294495524
v 0.4419417382415922 -0.75 0.35355339059327373
v 0.35355339059327373 -0.75 0.26516504294495524
v 0.35355339059327384 0.75 0.4419417382415922
v 0.26516504294495535 0.75 0.35355339059327373
v 0.35355339059327384 -0.75 0.4419417382415922
v 0.26516504294495535 -0.75 0.35355339059327373
vt 0.015625 0.9765625
vt 0 0.9765625
vt 0 0.7890625
vt 0.015625 0.7890625
vt 0.015625 0.7890625
vt 0.015625 0.9765625
vt 0 0.9765625
vt 0 0.7890625
vt 0 0.984375
vt 0.015625 0.984375
vt 0.015625 1
vt 0 1
vt 0.015625 0.984375
vt 0.015625 1
vt 0 1
vt 0 0.984375
vt 0.015625 0.7890625
vt 0.015625 0.9765625
vt 0 0.9765625
vt 0 0.7890625
vt 0.015625 0.9765625
vt 0 0.9765625
vt 0 0.7890625
vt 0.015625 0.7890625
vn 0.7071067811865475 0 -0.7071067811865476
vn -0.7071067811865475 0 0.7071067811865476
vn 0 1 0
vn 0 -1 0
vn 0.7071067811865476 0 0.7071067811865475
vn -0.7071067811865476 0 -0.7071067811865475
usemtl m_fff6acb4-e166-8d77-84d8-149e6e4eee3c
f 287/889/223 286/890/223 288/891/223 289/892/223
f 292/893/224 290/894/224 291/895/224 293/896/224
f 290/897/225 286/898/225 287/899/225 291/900/225
f 289/901/226 288/902/226 292/903/226 293/904/226
f 288/905/227 286/906/227 290/907/227 292/908/227
f 291/909/228 287/910/228 289/911/228 293/912/228
o rim
v 0.5271570869686935 0.75 -0.20595607701323468
v 0.4064163586825598 0.75 -0.17360369637541959
v 0.5271570869686935 -0.75 -0.20595607701323468
v 0.4064163586825598 -0.75 -0.17360369637541959
v 0.5595094676065084 0.75 -0.08521534872710115
v 0.4387687393203749 0.75 -0.052862968089286054
v 0.5595094676065084 -0.75 -0.08521534872710115
v 0.4387687393203749 -0.75 -0.052862968089286054
vt 0.015625 0.9765625
vt 0 0.9765625
vt 0 0.7890625
vt 0.015625 0.7890625
vt 0.015625 0.7890625
vt 0.015625 0.9765625
vt 0 0.9765625
vt 0 0.7890625
vt 0 0.984375
vt 0.015625 0.984375
vt 0.015625 1
vt 0 1
vt 0.015625 0.984375
vt 0.015625 1
vt 0 1
vt 0 0.984375
vt 0.015625 0.7890625
vt 0.015625 0.9765625
vt 0 0.9765625
vt 0 0.7890625
vt 0.015625 0.9765625
vt 0 0.9765625
vt 0 0.7890625
vt 0.015625 0.7890625
vn -0.25881904510252074 0 -0.9659258262890683
vn 0.25881904510252074 0 0.9659258262890683
vn 0 1 0
vn 0 -1 0
vn 0.9659258262890683 0 -0.25881904510252074
vn -0.9659258262890683 0 0.25881904510252074
usemtl m_fff6acb4-e166-8d77-84d8-149e6e4eee3c
f 295/913/229 294/914/229 296/915/229 297/916/229
f 300/917/230 298/918/230 299/919/230 301/920/230
f 298/921/231 294/922/231 295/923/231 299/924/231
f 297/925/232 296/926/232 300/927/232 301/928/232
f 296/929/233 294/930/233 298/931/233 300/932/233
f 299/933/234 295/934/234 297/935/234 301/936/234
o rim
v -0.2059560770132346 0.75 -0.5271570869686933
v -0.1736036963754195 0.75 -0.4064163586825598
v -0.2059560770132346 -0.75 -0.5271570869686933
v -0.1736036963754195 -0.75 -0.4064163586825598
v -0.08521534872710107 0.75 -0.5595094676065083
v -0.05286296808928599 0.75 -0.4387687393203749
v -0.08521534872710107 -0.75 -0.5595094676065083
v -0.05286296808928599 -0.75 -0.4387687393203749
vt 0.015625 0.9765625
vt 0 0.9765625
vt 0 0.7890625
vt 0.015625 0.7890625
vt 0.015625 0.7890625
vt 0.015625 0.9765625
vt 0 0.9765625
vt 0 0.7890625
vt 0 0.984375
vt 0.015625 0.984375
vt 0.015625 1
vt 0 1
vt 0.015625 0.984375
vt 0.015625 1
vt 0 1
vt 0 0.984375
vt 0.015625 0.7890625
vt 0.015625 0.9765625
vt 0 0.9765625
vt 0 0.7890625
vt 0.015625 0.9765625
vt 0 0.9765625
vt 0 0.7890625
vt 0.015625 0.7890625
vn -0.9659258262890684 0 0.25881904510252063
vn 0.9659258262890684 0 -0.25881904510252063
vn 0 1 0
vn 0 -1 0
vn -0.25881904510252063 0 -0.9659258262890684
vn 0.25881904510252063 0 0.9659258262890684
usemtl m_fff6acb4-e166-8d77-84d8-149e6e4eee3c
f 303/937/235 302/938/235 304/939/235 305/940/235
f 308/941/236 306/942/236 307/943/236 309/944/236
f 306/945/237 302/946/237 303/947/237 307/948/237
f 305/949/238 304/950/238 308/951/238 309/952/238
f 304/953/239 302/954/239 306/955/239 308/956/239
f 307/957/240 303/958/240 305/959/240 309/960/240
o rim
v -0.5595094676065084 0.75 -0.08521534872710115
v -0.4387687393203749 0.75 -0.052862968089286054
v -0.5595094676065084 -0.75 -0.08521534872710115
v -0.4387687393203749 -0.75 -0.052862968089286054
v -0.5271570869686935 0.75 -0.20595607701323468
v -0.4064163586825598 0.75 -0.17360369637541959
v -0.5271570869686935 -0.75 -0.20595607701323468
v -0.4064163586825598 -0.75 -0.17360369637541959
vt 0.015625 0.9765625
vt 0 0.9765625
vt 0 0.7890625
vt 0.015625 0.7890625
vt 0.015625 0.7890625
vt 0.015625 0.9765625
vt 0 0.9765625
vt 0 0.7890625
vt 0 0.984375
vt 0.015625 0.984375
vt 0.015625 1
vt 0 1
vt 0.015625 0.984375
vt 0.015625 1
vt 0 1
vt 0 0.984375
vt 0.015625 0.7890625
vt 0.015625 0.9765625
vt 0 0.9765625
vt 0 0.7890625
vt 0.015625 0.9765625
vt 0 0.9765625
vt 0 0.7890625
vt 0.015625 0.7890625
vn -0.25881904510252074 0 0.9659258262890683
vn 0.25881904510252074 0 -0.9659258262890683
vn 0 1 0
vn 0 -1 0
vn -0.9659258262890683 0 -0.25881904510252074
vn 0.9659258262890683 0 0.25881904510252074
usemtl m_fff6acb4-e166-8d77-84d8-149e6e4eee3c
f 311/961/241 310/962/241 312/963/241 313/964/241
f 316/965/242 314/966/242 315/967/242 317/968/242
f 314/969/243 310/970/243 311/971/243 315/972/243
f 313/973/244 312/974/244 316/975/244 317/976/244
f 312/977/245 310/978/245 314/979/245 316/980/245
f 315/981/246 311/982/246 313/983/246 317/984/246
o rim
v -0.35355339059327384 0.75 0.4419417382415922
v -0.26516504294495535 0.75 0.35355339059327373
v -0.35355339059327384 -0.75 0.4419417382415922
v -0.26516504294495535 -0.75 0.35355339059327373
v -0.4419417382415922 0.75 0.35355339059327373
v -0.35355339059327373 0.75 0.26516504294495524
v -0.4419417382415922 -0.75 0.35355339059327373
v -0.35355339059327373 -0.75 0.26516504294495524
vt 0.015625 0.9765625
vt 0 0.9765625
vt 0 0.7890625
vt 0.015625 0.7890625
vt 0.015625 0.7890625
vt 0.015625 0.9765625
vt 0 0.9765625
vt 0 0.7890625
vt 0 0.984375
vt 0.015625 0.984375
vt 0.015625 1
vt 0 1
vt 0.015625 0.984375
vt 0.015625 1
vt 0 1
vt 0 0.984375
vt 0.015625 0.7890625
vt 0.015625 0.9765625
vt 0 0.9765625
vt 0 0.7890625
vt 0.015625 0.9765625
vt 0 0.9765625
vt 0 0.7890625
vt 0.015625 0.7890625
vn 0.7071067811865475 0 0.7071067811865476
vn -0.7071067811865475 0 -0.7071067811865476
vn 0 1 0
vn 0 -1 0
vn -0.7071067811865476 0 0.7071067811865475
vn 0.7071067811865476 0 -0.7071067811865475
usemtl m_fff6acb4-e166-8d77-84d8-149e6e4eee3c
f 319/985/247 318/986/247 320/987/247 321/988/247
f 324/989/248 322/990/248 323/991/248 325/992/248
f 322/993/249 318/994/249 319/995/249 323/996/249
f 321/997/250 320/998/250 324/999/250 325/1000/250
f 320/1001/251 318/1002/251 322/1003/251 324/1004/251
f 323/1005/252 319/1006/252 321/1007/252 325/1008/252
o rim
v 0.20595607701323468 0.75 0.5271570869686935
v 0.17360369637541959 0.75 0.4064163586825598
v 0.20595607701323468 -0.75 0.5271570869686935
v 0.17360369637541959 -0.75 0.4064163586825598
v 0.08521534872710115 0.75 0.5595094676065084
v 0.052862968089286054 0.75 0.4387687393203749
v 0.08521534872710115 -0.75 0.5595094676065084
v 0.052862968089286054 -0.75 0.4387687393203749
vt 0.015625 0.9765625
vt 0 0.9765625
vt 0 0.7890625
vt 0.015625 0.7890625
vt 0.015625 0.7890625
vt 0.015625 0.9765625
vt 0 0.9765625
vt 0 0.7890625
vt 0 0.984375
vt 0.015625 0.984375
vt 0.015625 1
vt 0 1
vt 0.015625 0.984375
vt 0.015625 1
vt 0 1
vt 0 0.984375
vt 0.015625 0.7890625
vt 0.015625 0.9765625
vt 0 0.9765625
vt 0 0.7890625
vt 0.015625 0.9765625
vt 0 0.9765625
vt 0 0.7890625
vt 0.015625 0.7890625
vn 0.9659258262890683 0 -0.25881904510252074
vn -0.9659258262890683 0 0.25881904510252074
vn 0 1 0
vn 0 -1 0
vn 0.25881904510252074 0 0.9659258262890683
vn -0.25881904510252074 0 -0.9659258262890683
usemtl m_fff6acb4-e166-8d77-84d8-149e6e4eee3c
f 327/1009/253 326/1010/253 328/1011/253 329/1012/253
f 332/1013/254 330/1014/254 331/1015/254 333/1016/254
f 330/1017/255 326/1018/255 327/1019/255 331/1020/255
f 329/1021/256 328/1022/256 332/1023/256 333/1024/256
f 328/1025/257 326/1026/257 330/1027/257 332/1028/257
f 331/1029/258 327/1030/258 329/1031/258 333/1032/258
o rim
v 0.5595094676065084 0.75 0.08521534872710115
v 0.4387687393203749 0.75 0.052862968089286054
v 0.5595094676065084 -0.75 0.08521534872710115
v 0.4387687393203749 -0.75 0.052862968089286054
v 0.5271570869686935 0.75 0.20595607701323468
v 0.4064163586825598 0.75 0.17360369637541959
v 0.5271570869686935 -0.75 0.20595607701323468
v 0.4064163586825598 -0.75 0.17360369637541959
vt 0.015625 0.9765625
vt 0 0.9765625
vt 0 0.7890625
vt 0.015625 0.7890625
vt 0.015625 0.7890625
vt 0.015625 0.9765625
vt 0 0.9765625
vt 0 0.7890625
vt 0 0.984375
vt 0.015625 0.984375
vt 0.015625 1
vt 0 1
vt 0.015625 0.984375
vt 0.015625 1
vt 0 1
vt 0 0.984375
vt 0.015625 0.7890625
vt 0.015625 0.9765625
vt 0 0.9765625
vt 0 0.7890625
vt 0.015625 0.9765625
vt 0 0.9765625
vt 0 0.7890625
vt 0.015625 0.7890625
vn 0.25881904510252074 0 -0.9659258262890683
vn -0.25881904510252074 0 0.9659258262890683
vn 0 1 0
vn 0 -1 0
vn 0.9659258262890683 0 0.25881904510252074
vn -0.9659258262890683 0 -0.25881904510252074
usemtl m_fff6acb4-e166-8d77-84d8-149e6e4eee3c
f 335/1033/259 334/1034/259 336/1035/259 337/1036/259
f 340/1037/260 338/1038/260 339/1039/260 341/1040/260
f 338/1041/261 334/1042/261 335/1043/261 339/1044/261
f 337/1045/262 336/1046/262 340/1047/262 341/1048/262
f 336/1049/263 334/1050/263 338/1051/263 340/1052/263
f 339/1053/264 335/1054/264 337/1055/264 341/1056/264
o rim
v 0.35355339059327384 0.75 -0.4419417382415922
v 0.26516504294495535 0.75 -0.35355339059327373
v 0.35355339059327384 -0.75 -0.4419417382415922
v 0.26516504294495535 -0.75 -0.35355339059327373
v 0.44194173824159233 0.75 -0.35355339059327373
v 0.35355339059327384 0.75 -0.26516504294495524
v 0.44194173824159233 -0.75 -0.35355339059327373
v 0.35355339059327384 -0.75 -0.26516504294495524
vt 0.015625 0.9765625
vt 0 0.9765625
vt 0 0.7890625
vt 0.015625 0.7890625
vt 0.015625 0.7890625
vt 0.015625 0.9765625
vt 0 0.9765625
vt 0 0.7890625
vt 0 0.984375
vt 0.015625 0.984375
vt 0.015625 1
vt 0 1
vt 0.015625 0.984375
vt 0.015625 1
vt 0 1
vt 0 0.984375
vt 0.015625 0.7890625
vt 0.015625 0.9765625
vt 0 0.9765625
vt 0 0.7890625
vt 0.015625 0.9765625
vt 0 0.9765625
vt 0 0.7890625
vt 0.015625 0.7890625
vn -0.7071067811865475 0 -0.7071067811865477
vn 0.7071067811865475 0 0.7071067811865477
vn 0 1 0
vn 0 -1 0
vn 0.7071067811865477 0 -0.7071067811865475
vn -0.7071067811865477 0 0.7071067811865475
usemtl m_fff6acb4-e166-8d77-84d8-149e6e4eee3c
f 343/1057/265 342/1058/265 344/1059/265 345/1060/265
f 348/1061/266 346/1062/266 347/1063/266 349/1064/266
f 346/1065/267 342/1066/267 343/1067/267 347/1068/267
f 345/1069/268 344/1070/268 348/1071/268 349/1072/268
f 344/1073/269 342/1074/269 346/1075/269 348/1076/269
f 347/1077/270 343/1078/270 345/1079/270 349/1080/270
o rim
v 0 -0.375 0
v 0 0.375 0
v 0.22022 -0.375 0.75
v 0.22022 0.375 0.75
v 0.59074125 -0.375 0.51188
v 0.59074125 0.375 0.51188
v 0.773706875 -0.375 0.1112425
v 0.773706875 0.375 0.1112425
v 0.711025625 -0.375 -0.324714375
v 0.711025625 0.375 -0.324714375
v 0.42259875 -0.375 -0.657576875
v 0.42259875 0.375 -0.657576875
v 0 -0.375 -0.781663125
v 0 0.375 -0.781663125
v -0.42259875 -0.375 -0.657576875
v -0.42259875 0.375 -0.657576875
v -0.711025625 -0.375 -0.324714375
v -0.711025625 0.375 -0.324714375
v -0.773706875 -0.375 0.1112425
v -0.773706875 0.375 0.1112425
v -0.59074125 -0.375 0.51188
v -0.59074125 0.375 0.51188
v -0.22022 -0.375 0.75
v -0.22022 0.375 0.75
vt 0.6640625 0.85156234375
vt 0.609375 0.85156234375
vt 0.636718125 0.75781234375
vt 0.53125 0.90625
vt 0.5859375 0.90625
vt 0.5859375 1
vt 0.53125 1
vt 0.6640625 0.85156234375
vt 0.609375 0.85156234375
vt 0.636719375 0.75781234375
vt 0.6640625 0.8515625
vt 0.609375 0.8515625
vt 0.636719375 0.75781234375
vt 0.53125 0.90625
vt 0.5859375 0.90625
vt 0.5859375 1
vt 0.53125 1
vt 0.6640625 0.8515625
vt 0.609375 0.8515625
vt 0.636718125 0.75781234375
vt 0.6640625 0.8515621875
vt 0.609375 0.8515621875
vt 0.6367190625 0.75781234375
vt 0.53125 0.90625
vt 0.5859375 0.90625
vt 0.5859375 1
vt 0.53125 1
vt 0.6640625 0.8515621875
vt 0.609375 0.8515621875
vt 0.6367184375 0.75781234375
vt 0.6640625 0.8515621875
vt 0.609375 0.8515621875
vt 0.63671859375 0.75781234375
vt 0.53125 0.90625
vt 0.5859375 0.90625
vt 0.5859375 1
vt 0.53125 1
vt 0.6640625 0.8515621875
vt 0.609375 0.8515621875
vt 0.63671890625 0.75781234375
vt 0.6640625 0.8515621875
vt 0.609375 0.8515621875
vt 0.63671859375 0.75781234375
vt 0.53125 0.90625
vt 0.5859375 0.90625
vt 0.5859375 1
vt 0.53125 1
vt 0.6640625 0.8515621875
vt 0.609375 0.8515621875
vt 0.63671890625 0.75781234375
vt 0.6640625 0.8515621875
vt 0.609375 0.8515621875
vt 0.63671890625 0.75781234375
vt 0.53125 0.90625
vt 0.5859375 0.90625
vt 0.5859375 1
vt 0.53125 1
vt 0.6640625 0.8515621875
vt 0.609375 0.8515621875
vt 0.63671859375 0.75781234375
vt 0.6640625 0.8515621875
vt 0.609375 0.8515621875
vt 0.63671890625 0.75781234375
vt 0.53125 0.90625
vt 0.5859375 0.90625
vt 0.5859375 1
vt 0.53125 1
vt 0.6640625 0.8515621875
vt 0.609375 0.8515621875
vt 0.63671859375 0.75781234375
vt 0.6640625 0.8515621875
vt 0.609375 0.8515621875
vt 0.6367184375 0.75781234375
vt 0.53125 0.90625
vt 0.5859375 0.90625
vt 0.5859375 1
vt 0.53125 1
vt 0.6640625 0.8515621875
vt 0.609375 0.8515621875
vt 0.6367190625 0.75781234375
vt 0.6640625 0.8515625
vt 0.609375 0.8515625
vt 0.636718125 0.75781234375
vt 0.53125 0.90625
vt 0.5859375 0.90625
vt 0.5859375 1
vt 0.53125 1
vt 0.6640625 0.8515625
vt 0.609375 0.8515625
vt 0.636719375 0.75781234375
vt 0.6640625 0.85156234375
vt 0.609375 0.85156234375
vt 0.636719375 0.75781234375
vt 0.53125 0.90625
vt 0.5859375 0.90625
vt 0.5859375 1
vt 0.53125 1
vt 0.6640625 0.85156234375
vt 0.609375 0.85156234375
vt 0.636718125 0.75781234375
vt 0.6640625 0.85156234375
vt 0.609375 0.85156234375
vt 0.63671875 0.75781234375
vt 0.53125 0.90625
vt 0.5859375 0.90625
vt 0.5859375 1
vt 0.53125 1
vt 0.6640625 0.85156234375
vt 0.609375 0.85156234375
vt 0.63671875 0.75781234375
vn 0 -1 0
vn 0.5406415427956145 0 0.8412530666830152
vn 0 1 0
vn 0 -1 0
vn 0.9096314725676202 0 0.4154161577436087
vn 0 1 0
vn 0 -1 0
vn 0.9898214053379484 0 -0.14231509243509302
vn 0 1 0
vn 0 -1 0
vn 0.75574971268808 0 -0.6548605742995104
vn 0 1 0
vn 0 -1 0
vn 0.281732684591682 0 -0.9594929361036296
vn 0 1 0
vn 0 -1 0
vn -0.281732684591682 0 -0.9594929361036296
vn 0 1 0
vn 0 -1 0
vn -0.75574971268808 0 -0.6548605742995104
vn 0 1 0
vn 0 -1 0
vn -0.9898214053379484 0 -0.14231509243509302
vn 0 1 0
vn 0 -1 0
vn -0.9096314725676202 0 0.4154161577436087
vn 0 1 0
vn 0 -1 0
vn -0.5406415427956145 0 0.8412530666830152
vn 0 1 0
vn 0 -1 0
vn 0 0 1
vn 0 1 0
usemtl m_fff6acb4-e166-8d77-84d8-149e6e4eee3c
f 354/1081/271 352/1082/271 350/1083/271
f 352/1084/272 354/1085/272 355/1086/272 353/1087/272
f 353/1088/273 355/1089/273 351/1090/273
f 356/1091/274 354/1092/274 350/1093/274
f 354/1094/275 356/1095/275 357/1096/275 355/1097/275
f 355/1098/276 357/1099/276 351/1100/276
f 358/1101/277 356/1102/277 350/1103/277
f 356/1104/278 358/1105/278 359/1106/278 357/1107/278
f 357/1108/279 359/1109/279 351/1110/279
f 360/1111/280 358/1112/280 350/1113/280
f 358/1114/281 360/1115/281 361/1116/281 359/1117/281
f 359/1118/282 361/1119/282 351/1120/282
f 362/1121/283 360/1122/283 350/1123/283
f 360/1124/284 362/1125/284 363/1126/284 361/1127/284
f 361/1128/285 363/1129/285 351/1130/285
f 364/1131/286 362/1132/286 350/1133/286
f 362/1134/287 364/1135/287 365/1136/287 363/1137/287
f 363/1138/288 365/1139/288 351/1140/288
f 366/1141/289 364/1142/289 350/1143/289
f 364/1144/290 366/1145/290 367/1146/290 365/1147/290
f 365/1148/291 367/1149/291 351/1150/291
f 368/1151/292 366/1152/292 350/1153/292
f 366/1154/293 368/1155/293 369/1156/293 367/1157/293
f 367/1158/294 369/1159/294 351/1160/294
f 370/1161/295 368/1162/295 350/1163/295
f 368/1164/296 370/1165/296 371/1166/296 369/1167/296
f 369/1168/297 371/1169/297 351/1170/297
f 372/1171/298 370/1172/298 350/1173/298
f 370/1174/299 372/1175/299 373/1176/299 371/1177/299
f 371/1178/300 373/1179/300 351/1180/300
f 352/1181/301 372/1182/301 350/1183/301
f 372/1184/302 352/1185/302 353/1186/302 373/1187/302
f 373/1188/303 353/1189/303 351/1190/303
o rim
v 0.262078125 1.192776875 0.89983375
v 0.2957725 1.15462 1.01485625
v 0.30972875 1.0625 1.0625
v 0.2957725 0.97038 1.01485625
v 0.262078125 0.932223125 0.89983375
v 0.228384375 0.97038 0.78481125
v 0.2144275 1.0625 0.737166875
v 0.228384375 1.15462 0.78481125
v 0.703026875 1.192776875 0.61578375
v 0.793411875 1.15462 0.6942875
v 0.83085 1.0625 0.726804375
v 0.793411875 0.97038 0.6942875
v 0.703026875 0.932223125 0.61578375
v 0.6126425 0.97038 0.53728
v 0.57520375 1.0625 0.5047625
v 0.6126425 1.15462 0.53728
v 0.920769375 1.192776875 0.1378675
v 1.039148125 1.15462 0.154928125
v 1.0881825 1.0625 0.161994375
v 1.039148125 0.97038 0.154928125
v 0.920769375 0.932223125 0.1378675
v 0.802390625 0.97038 0.120806875
v 0.753356875 1.0625 0.113740625
v 0.802390625 1.15462 0.120806875
v 0.846174375 1.192776875 -0.38218
v 0.9549625 1.15462 -0.43197875
v 1.000024375 1.0625 -0.452606875
v 0.9549625 0.97038 -0.43197875
v 0.846174375 0.932223125 -0.38218
v 0.73738625 0.97038 -0.332380625
v 0.692324375 1.0625 -0.311753125
v 0.73738625 1.15462 -0.332380625
v 0.502924375 1.192776875 -0.779246875
v 0.567583125 1.15462 -0.880095
v 0.594365625 1.0625 -0.9218675
v 0.567583125 0.97038 -0.880095
v 0.502924375 0.932223125 -0.779246875
v 0.43826625 0.97038 -0.67839875
v 0.41148375 1.0625 -0.636625625
v 0.43826625 1.15462 -0.67839875
v 0 1.192776875 -0.9272675
v 0 1.15462 -1.04714625
v 0 1.0625 -1.09680125
v 0 0.97038 -1.04714625
v 0 0.932223125 -0.9272675
v 0 0.97038 -0.807389375
v 0 1.0625 -0.75773375
v 0 1.15462 -0.807389375
v -0.502924375 1.192776875 -0.779246875
v -0.567583125 1.15462 -0.880095
v -0.594365625 1.0625 -0.9218675
v -0.567583125 0.97038 -0.880095
v -0.502924375 0.932223125 -0.779246875
v -0.43826625 0.97038 -0.67839875
v -0.41148375 1.0625 -0.636625625
v -0.43826625 1.15462 -0.67839875
v -0.846174375 1.192776875 -0.38218
v -0.9549625 1.15462 -0.43197875
v -1.000024375 1.0625 -0.452606875
v -0.9549625 0.97038 -0.43197875
v -0.846174375 0.932223125 -0.38218
v -0.73738625 0.97038 -0.332380625
v -0.692324375 1.0625 -0.311753125
v -0.73738625 1.15462 -0.332380625
v -0.920769375 1.192776875 0.1378675
v -1.039148125 1.15462 0.154928125
v -1.0881825 1.0625 0.161994375
v -1.039148125 0.97038 0.154928125
v -0.920769375 0.932223125 0.1378675
v -0.802390625 0.97038 0.120806875
v -0.753356875 1.0625 0.113740625
v -0.802390625 1.15462 0.120806875
v -0.703026875 1.192776875 0.61578375
v -0.793411875 1.15462 0.6942875
v -0.83085 1.0625 0.726804375
v -0.793411875 0.97038 0.6942875
v -0.703026875 0.932223125 0.61578375
v -0.6126425 0.97038 0.53728
v -0.57520375 1.0625 0.5047625
v -0.6126425 1.15462 0.53728
v -0.262078125 1.192776875 0.89983375
v -0.2957725 1.15462 1.01485625
v -0.30972875 1.0625 1.0625
v -0.2957725 0.97038 1.01485625
v -0.262078125 0.932223125 0.89983375
v -0.228384375 0.97038 0.78481125
v -0.2144275 1.0625 0.737166875
v -0.228384375 1.15462 0.78481125
vt 0.606045625 0.984375
vt 0.6015625 1
vt 0.6796875 1
vt 0.6752703125 0.984375
vt 0.603335625 0.984375
vt 0.6015625 1
vt 0.6796875 1
vt 0.67794046875 0.984375
vt 0.6015625 1
vt 0.603335625 0.984375
vt 0.67794046875 0.984375
vt 0.6796875 1
vt 0.6015625 1
vt 0.606045625 0.984375
vt 0.6752703125 0.984375
vt 0.6796875 1
vt 0.6171875 0.9765625
vt 0.621234375 0.9609375
vt 0.67569875 0.9609375
vt 0.6796875 0.9765625
vt 0.6796875 0.953125
vt 0.67800421875 0.9375
vt 0.62665859375 0.9375
vt 0.625 0.953125
vt 0.67800421875 0.9140625
vt 0.6796875 0.9296875
vt 0.625 0.9296875
vt 0.62665859375 0.9140625
vt 0.675640625 0.890625
vt 0.6796875 0.90625
vt 0.6171875 0.90625
vt 0.62117625 0.890625
vt 0.60603921875 0.984375
vt 0.6015625 1
vt 0.6796875 1
vt 0.675264375 0.984375
vt 0.6033334375 0.984375
vt 0.6015625 1
vt 0.6796875 1
vt 0.6779378125 0.984375
vt 0.6015625 1
vt 0.6033334375 0.984375
vt 0.6779378125 0.984375
vt 0.6796875 1
vt 0.6015625 1
vt 0.60603921875 0.984375
vt 0.675264375 0.984375
vt 0.6796875 1
vt 0.6171875 0.9765625
vt 0.62122921875 0.9609375
vt 0.6756940625 0.9609375
vt 0.6796875 0.9765625
vt 0.6796875 0.953125
vt 0.67800640625 0.9375
vt 0.6266609375 0.9375
vt 0.625 0.953125
vt 0.67800640625 0.9140625
vt 0.6796875 0.9296875
vt 0.625 0.9296875
vt 0.6266609375 0.9140625
vt 0.675645 0.89062578125
vt 0.6796875 0.90625
vt 0.6171875 0.90625
vt 0.6211809375 0.890625
vt 0.60600296875 0.984375
vt 0.6015625 1
vt 0.6796875 1
vt 0.67522734375 0.984375
vt 0.60331859375 0.984375
vt 0.6015625 1
vt 0.6796875 1
vt 0.67792359375 0.984375
vt 0.6015625 1
vt 0.60331859375 0.984375
vt 0.67792359375 0.984375
vt 0.6796875 1
vt 0.6015625 1
vt 0.6060021875 0.984375
vt 0.6752271875 0.984375
vt 0.6796875 1
vt 0.6171875 0.9765625
vt 0.62119578125 0.9609375
vt 0.675660625 0.9609375
vt 0.6796875 0.9765625
vt 0.6796875 0.953125
vt 0.67802046875 0.9375
vt 0.62667453125 0.9375
vt 0.625 0.953125
vt 0.67802046875 0.9140634375
vt 0.6796875 0.9296875
vt 0.625 0.9296875
vt 0.62667453125 0.9140625
vt 0.67567921875 0.890625
vt 0.6796875 0.90625
vt 0.6171875 0.90625
vt 0.621214375 0.890625
vt 0.60597671875 0.984375
vt 0.6015625 1
vt 0.6796875 1
vt 0.67520234375 0.984375
vt 0.60330921875 0.984375
vt 0.6015625 1
vt 0.6796875 1
vt 0.6779140625 0.9843759375
vt 0.6015625 1
vt 0.6033084375 0.984375
vt 0.677913125 0.984375
vt 0.6796875 1
vt 0.6015625 1
vt 0.60597671875 0.984375
vt 0.6752015625 0.984375
vt 0.6796875 1
vt 0.6171875 0.9765625
vt 0.62117359375 0.9609375
vt 0.675638125 0.9609375
vt 0.6796875 0.9765625
vt 0.6796875 0.953125
vt 0.67802921875 0.9375
vt 0.626684375 0.9375
vt 0.625 0.953125
vt 0.67803 0.9140625
vt 0.6796875 0.9296875
vt 0.625 0.9296875
vt 0.626684375 0.9140625
vt 0.67570140625 0.890625
vt 0.6796875 0.90625
vt 0.6171875 0.90625
vt 0.621236875 0.890625
vt 0.6059934375 0.984375
vt 0.6015625 1
vt 0.6796875 1
vt 0.67521859375 0.984375
vt 0.60331515625 0.984375
vt 0.6015625 1
vt 0.6796875 1
vt 0.67791984375 0.984375
vt 0.6015625 1
vt 0.60331515625 0.984375
vt 0.67791984375 0.984375
vt 0.6796875 1
vt 0.6015625 1
vt 0.6059934375 0.984375
vt 0.6752178125 0.984375
vt 0.6796875 1
vt 0.6171875 0.9765625
vt 0.6211871875 0.9609375
vt 0.67565203125 0.9609375
vt 0.6796875 0.9765625
vt 0.6796875 0.953125
vt 0.67802359375 0.9375
vt 0.626678125 0.9375
vt 0.625 0.953125
vt 0.67802359375 0.9140625
vt 0.6796875 0.9296875
vt 0.625 0.9296875
vt 0.626678125 0.9140625
vt 0.6756878125 0.890625
vt 0.6796875 0.90625
vt 0.6171875 0.90625
vt 0.62122234375 0.890625
vt 0.60603140625 0.984375
vt 0.6015625 1
vt 0.6796875 1
vt 0.6752565625 0.984375
vt 0.60333015625 0.984375
vt 0.6015625 1
vt 0.6796875 1
vt 0.67793484375 0.984375
vt 0.6015625 1
vt 0.60333015625 0.984375
vt 0.67793484375 0.984375
vt 0.6796875 1
vt 0.6015625 1
vt 0.6060321875 0.984375
vt 0.6752565625 0.984375
vt 0.6796875 1
vt 0.6171875 0.9765625
vt 0.62122296875 0.9609375
vt 0.6756878125 0.9609375
vt 0.6796875 0.9765625
vt 0.6796875 0.953125
vt 0.678009375 0.9375
vt 0.62666390625 0.9375
vt 0.625 0.953125
vt 0.678009375 0.9140634375
vt 0.6796875 0.9296875
vt 0.625 0.9296875
vt 0.62666390625 0.9140625
vt 0.67565265625 0.890625
vt 0.6796875 0.90625
vt 0.6171875 0.90625
vt 0.6211871875 0.890625
vt 0.60604765625 0.984375
vt 0.6015625 1
vt 0.6796875 1
vt 0.67527328125 0.984375
vt 0.6033359375 0.984375
vt 0.6015625 1
vt 0.6796875 1
vt 0.67794078125 0.984375
vt 0.6015625 1
vt 0.603336875 0.984375
vt 0.6779415625 0.984375
vt 0.6796875 1
vt 0.6015625 1
vt 0.6060484375 0.984375
vt 0.67527328125 0.984375
vt 0.6796875 1
vt 0.6171875 0.9765625
vt 0.621236875 0.9609375
vt 0.67570140625 0.9609375
vt 0.6796875 0.9765625
vt 0.6796875 0.953125
vt 0.678003125 0.9375
vt 0.62665828125 0.9375
vt 0.625 0.953125
vt 0.678003125 0.9140625
vt 0.6796875 0.9296875
vt 0.625 0.9296875
vt 0.6266575 0.9140625
vt 0.675638125 0.890625
vt 0.6796875 0.90625
vt 0.6171875 0.90625
vt 0.62117359375 0.890625
vt 0.60602265625 0.984375
vt 0.6015625 1
vt 0.6796875 1
vt 0.67524703125 0.984375
vt 0.60332640625 0.984375
vt 0.6015625 1
vt 0.6796875 1
vt 0.67793140625 0.984375
vt 0.6015625 1
vt 0.60332640625 0.984375
vt 0.67793140625 0.984375
vt 0.6796875 1
vt 0.6015625 1
vt 0.6060228125 0.984375
vt 0.6752478125 0.984375
vt 0.6796875 1
vt 0.6171875 0.9765625
vt 0.621214375 0.9609375
vt 0.67567921875 0.9609375
vt 0.6796875 0.9765625
vt 0.6796875 0.953125
vt 0.67801296875 0.9375
vt 0.62666703125 0.9375
vt 0.625 0.953125
vt 0.67801296875 0.9140625
vt 0.6796875 0.9296875
vt 0.625 0.9296875
vt 0.62666703125 0.9140625
vt 0.675660625 0.890625
vt 0.6796875 0.90625
vt 0.6171875 0.90625
vt 0.62119578125 0.890625
vt 0.605985625 0.984375
vt 0.6015625 1
vt 0.6796875 1
vt 0.67521078125 0.984375
vt 0.6033121875 0.984375
vt 0.6015625 1
vt 0.6796875 1
vt 0.6779165625 0.984375
vt 0.6015625 1
vt 0.6033121875 0.984375
vt 0.6779165625 0.984375
vt 0.6796875 1
vt 0.6015625 1
vt 0.605985625 0.984375
vt 0.67521078125 0.984375
vt 0.6796875 1
vt 0.6171875 0.9765625
vt 0.6211809375 0.9609375
vt 0.67564578125 0.9609375
vt 0.6796875 0.9765625
vt 0.6796875 0.953125
vt 0.6780265625 0.9375
vt 0.62668109375 0.9375
vt 0.625 0.953125
vt 0.6780265625 0.9140625
vt 0.6796875 0.9296875
vt 0.625 0.9296875
vt 0.62668109375 0.9140625
vt 0.6756940625 0.890625
vt 0.6796875 0.90625
vt 0.6171875 0.90625
vt 0.62123 0.89062578125
vt 0.6059796875 0.984375
vt 0.6015625 1
vt 0.6796875 1
vt 0.675204375 0.984375
vt 0.60330953125 0.984375
vt 0.6015625 1
vt 0.6796875 1
vt 0.677914375 0.984375
vt 0.6015625 1
vt 0.60330953125 0.984375
vt 0.677914375 0.984375
vt 0.6796875 1
vt 0.6015625 1
vt 0.6059796875 0.984375
vt 0.675204375 0.984375
vt 0.6796875 1
vt 0.6171875 0.9765625
vt 0.62117625 0.9609375
vt 0.675640625 0.9609375
vt 0.6796875 0.9765625
vt 0.6796875 0.953125
vt 0.67802890625 0.9375
vt 0.62668328125 0.9375
vt 0.625 0.953125
vt 0.67802890625 0.9140625
vt 0.6796875 0.9296875
vt 0.625 0.9296875
vt 0.62668328125 0.9140625
vt 0.67569875 0.890625
vt 0.6796875 0.90625
vt 0.6171875 0.90625
vt 0.621234375 0.890625
vt 0.60601234375 0.984375
vt 0.6015625 1
vt 0.6796875 1
vt 0.675236875 0.984375
vt 0.60332265625 0.984375
vt 0.6015625 1
vt 0.6796875 1
vt 0.67792734375 0.984375
vt 0.6015625 1
vt 0.60332265625 0.984375
vt 0.67792734375 0.984375
vt 0.6796875 1
vt 0.6015625 1
vt 0.60601234375 0.984375
vt 0.675236875 0.984375
vt 0.6796875 1
vt 0.6171875 0.9765625
vt 0.62120515625 0.9609375
vt 0.67566984375 0.9609375
vt 0.6796875 0.9765625
vt 0.6796875 0.953125
vt 0.67801578125 0.9375
vt 0.6266709375 0.9375
vt 0.625 0.953125
vt 0.67801578125 0.9140625
vt 0.6796875 0.9296875
vt 0.625 0.9296875
vt 0.6266709375 0.9140625
vt 0.67566984375 0.890625
vt 0.6796875 0.90625
vt 0.6171875 0.90625
vt 0.62120515625 0.890625
vn 0.1706169846791165 0.9490728137972095 0.2648596584043207
vn 0.48108892170087825 0.45913709224729854 0.7468243300397905
vn 0.4810885548290062 -0.4591371428157373 0.7468245352822439
vn 0.17061705949298503 -0.9490728070852058 0.26485963426195175
vn -0.17061760891791244 -0.9490725209907599 -0.26486030549589323
vn -0.4810866425678763 -0.4591437274277274 -0.7468217189574372
vn -0.48108714451262463 0.45914365824272074 -0.7468214381498304
vn -0.17061751202857708 0.9490725296834538 -0.2648603367615245
vn 0.28702790624449015 0.9489539700878968 0.1307721059374793
vn 0.8086297133885015 0.4586779543103274 0.36841894747002824
vn 0.8086301744094959 -0.4586778363387024 0.36841808246354407
vn 0.2870278319277054 -0.9489539801040882 0.1307721963702184
vn -0.28702927380038473 -0.9489534906309176 -0.1307725835220091
vn -0.8086267045064737 -0.4586842720161675 -0.36841768600869174
vn -0.8086273882122972 0.4586840970592282 -0.36841640318791397
vn -0.2870291124944558 0.9489535123715267 -0.1307727798067633
vn 0.31232055873951586 0.9489198643591147 -0.04479910281820326
vn 0.8796625658071662 0.45855510209977823 -0.12617840011592713
vn 0.8796625695735126 -0.45855510767205193 -0.12617835360789081
vn 0.31232053381996283 -0.9489198826560505 -0.04479888898667932
vn -0.3123205088700262 -0.9489199009752403 0.04479867489455911
vn -0.8796649948629426 -0.4585504208778819 0.1261784780598365
vn -0.8796650718490177 0.458550534777339 0.12617752741387506
vn -0.3123205338199631 0.9489198826560505 0.04479888898667936
vn 0.23848738208325387 0.9490102695134044 -0.20616322888714056
vn 0.6721509039301728 0.45890525896672146 -0.5810500199109696
vn 0.6721514771985677 -0.45890537106712687 -0.5810492682256179
vn 0.2384872043144765 -0.9490102354864263 -0.206163591160668
vn -0.23848648653596682 -0.9490105799815971 0.20616283569722937
vn -0.6721519680247932 -0.4589021172521493 0.5810512702523697
vn -0.6721521996655031 0.4589021625504664 0.5810509665178529
vn -0.2384864400320871 0.9490105710804568 0.20616293046609316
vn 0.08891456253991037 0.9491201111093865 -0.3021013327611153
vn 0.2507988375781517 0.4593204423542663 -0.8521294938593132
vn 0.25079901131946275 -0.45932046431207124 -0.8521294308878923
vn 0.08891443979136342 -0.9491200990151295 -0.3021014068853348
vn -0.08891466187112605 -0.9491199643538063 0.30210176459162374
vn -0.2507985209049748 -0.4593250481375012 0.8521271044071765
vn -0.25079827455197884 0.45932501700345396 0.85212719369618
vn -0.08891456269749472 0.9491199545825152 0.30210182447909434
vn -0.08891440174003691 0.9491203000720283 -0.30210078641803395
vn -0.2507989740489194 0.45931950761708756 -0.8521299575407533
vn -0.25079915422995785 -0.45931948546758294 -0.8521299164489726
vn -0.08891425831841364 -0.949120312271885 -0.3021007903011943
vn 0.08891479178834388 -0.9491198116821031 0.30210220600612103
vn 0.2507986703242718 -0.4593240247255384 0.8521276120825508
vn 0.2507984148401177 0.45932405613222893 0.8521276703475374
vn 0.08891467591187009 0.9491198215389304 0.3021022091435218
vn -0.23848616692956176 0.9490108030823042 -0.2061621784332064
vn -0.672152775389636 0.45890046942592816 -0.5810516377196372
vn -0.6721534369664829 -0.45890035552713476 -0.5810509623700951
vn -0.23848583293604722 -0.949010837653597 -0.20616240565345123
vn 0.23848680441567957 -0.9490104404017969 0.20616311049260225
vn 0.6721513841152202 -0.45890361162563265 0.5810507654834853
vn 0.6721516514390096 0.4589035656013322 0.581050492596122
vn 0.2384867170435614 0.9490104494457141 0.206163169932527
vn -0.31232140802185937 0.9489195790808633 -0.04479922463883261
vn -0.8796626867183851 0.45855486537909446 -0.1261784174593776
vn -0.8796626961901711 -0.45855485978122734 -0.12617837176972022
vn -0.3123214922896042 -0.9489195607012616 -0.044799026468434165
vn 0.3123213591872806 -0.9489196153495211 0.04479879686249
vn 0.8796630864878463 -0.45855415713332726 0.12617820432396368
vn 0.8796632800919073 0.458554042715191 0.1261772704075562
vn 0.3123212748158865 0.948919633751877 0.044798995274260595
vn -0.28702833027028907 0.9489538152108995 0.13077229912687133
vn -0.8086273787905489 0.45868292442823316 0.36841788380626933
vn -0.8086277296469637 -0.45868304098301943 0.3684169686110653
vn -0.2870283104680667 -0.9489538053154162 0.13077241439706852
vn 0.2870283534487607 -0.9489538267935338 -0.13077216420324758
vn 0.808629377942326 -0.4586785805625885 -0.36841890405039734
vn 0.8086298982745103 0.4586787534142823 -0.36841754679015387
vn 0.2870283104680669 0.9489538053154162 -0.13077241439706863
vn -0.1706168155800592 0.9490729174537947 0.2648593959010381
vn -0.4810895172290947 0.4591349645042562 0.7468252545153733
vn -0.4810891784578651 -0.45913491467120887 0.7468255033812103
vn -0.17061686865364675 -0.9490729240683933 0.2648593380099973
vn 0.1706173899223779 -0.9490726552338302 -0.2648599655355307
vn 0.4810872717212695 -0.45914147958522217 -0.7468226956326907
vn 0.48108773521902787 0.45914154776593435 -0.7468223551400486
vn 0.17061732118828213 0.9490726466675722 -0.26486004050808487
vn 0 0.9491377081774708 0.3148612566125255
vn 0 0.4593884903317354 0.8882354501767699
vn 0 -0.4593884903317354 0.8882354501767699
vn 0 -0.9491377081774708 0.3148612566125255
vn 0 -0.9491377081774707 -0.31486125661252545
vn 0 -0.45939324487267413 -0.8882329911489188
vn 0 0.4593932448726742 -0.888232991148919
vn 0 0.9491377081774707 -0.31486125661252545
usemtl m_fff6acb4-e166-8d77-84d8-149e6e4eee3c
f 374/1191/304 375/1192/304 383/1193/304 382/1194/304
f 375/1195/305 376/1196/305 384/1197/305 383/1198/305
f 376/1199/306 377/1200/306 385/1201/306 384/1202/306
f 377/1203/307 378/1204/307 386/1205/307 385/1206/307
f 378/1207/308 379/1208/308 387/1209/308 386/1210/308
f 379/1211/309 380/1212/309 388/1213/309 387/1214/309
f 380/1215/310 381/1216/310 389/1217/310 388/1218/310
f 381/1219/311 374/1220/311 382/1221/311 389/1222/311
f 382/1223/312 383/1224/312 391/1225/312 390/1226/312
f 383/1227/313 384/1228/313 392/1229/313 391/1230/313
f 384/1231/314 385/1232/314 393/1233/314 392/1234/314
f 385/1235/315 386/1236/315 394/1237/315 393/1238/315
f 386/1239/316 387/1240/316 395/1241/316 394/1242/316
f 387/1243/317 388/1244/317 396/1245/317 395/1246/317
f 388/1247/318 389/1248/318 397/1249/318 396/1250/318
f 389/1251/319 382/1252/319 390/1253/319 397/1254/319
f 390/1255/320 391/1256/320 399/1257/320 398/1258/320
f 391/1259/321 392/1260/321 400/1261/321 399/1262/321
f 392/1263/322 393/1264/322 401/1265/322 400/1266/322
f 393/1267/323 394/1268/323 402/1269/323 401/1270/323
f 394/1271/324 395/1272/324 403/1273/324 402/1274/324
f 395/1275/325 396/1276/325 404/1277/325 403/1278/325
f 396/1279/326 397/1280/326 405/1281/326 404/1282/326
f 397/1283/327 390/1284/327 398/1285/327 405/1286/327
f 398/1287/328 399/1288/328 407/1289/328 406/1290/328
f 399/1291/329 400/1292/329 408/1293/329 407/1294/329
f 400/1295/330 401/1296/330 409/1297/330 408/1298/330
f 401/1299/331 402/1300/331 410/1301/331 409/1302/331
f 402/1303/332 403/1304/332 411/1305/332 410/1306/332
f 403/1307/333 404/1308/333 412/1309/333 411/1310/333
f 404/1311/334 405/1312/334 413/1313/334 412/1314/334
f 405/1315/335 398/1316/335 406/1317/335 413/1318/335
f 406/1319/336 407/1320/336 415/1321/336 414/1322/336
f 407/1323/337 408/1324/337 416/1325/337 415/1326/337
f 408/1327/338 409/1328/338 417/1329/338 416/1330/338
f 409/1331/339 410/1332/339 418/1333/339 417/1334/339
f 410/1335/340 411/1336/340 419/1337/340 418/1338/340
f 411/1339/341 412/1340/341 420/1341/341 419/1342/341
f 412/1343/342 413/1344/342 421/1345/342 420/1346/342
f 413/1347/343 406/1348/343 414/1349/343 421/1350/343
f 414/1351/344 415/1352/344 423/1353/344 422/1354/344
f 415/1355/345 416/1356/345 424/1357/345 423/1358/345
f 416/1359/346 417/1360/346 425/1361/346 424/1362/346
f 417/1363/347 418/1364/347 426/1365/347 425/1366/347
f 418/1367/348 419/1368/348 427/1369/348 426/1370/348
f 419/1371/349 420/1372/349 428/1373/349 427/1374/349
f 420/1375/350 421/1376/350 429/1377/350 428/1378/350
f 421/1379/351 414/1380/351 422/1381/351 429/1382/351
f 422/1383/352 423/1384/352 431/1385/352 430/1386/352
f 423/1387/353 424/1388/353 432/1389/353 431/1390/353
f 424/1391/354 425/1392/354 433/1393/354 432/1394/354
f 425/1395/355 426/1396/355 434/1397/355 433/1398/355
f 426/1399/356 427/1400/356 435/1401/356 434/1402/356
f 427/1403/357 428/1404/357 436/1405/357 435/1406/357
f 428/1407/358 429/1408/358 437/1409/358 436/1410/358
f 429/1411/359 422/1412/359 430/1413/359 437/1414/359
f 430/1415/360 431/1416/360 439/1417/360 438/1418/360
f 431/1419/361 432/1420/361 440/1421/361 439/1422/361
f 432/1423/362 433/1424/362 441/1425/362 440/1426/362
f 433/1427/363 434/1428/363 442/1429/363 441/1430/363
f 434/1431/364 435/1432/364 443/1433/364 442/1434/364
f 435/1435/365 436/1436/365 444/1437/365 443/1438/365
f 436/1439/366 437/1440/366 445/1441/366 444/1442/366
f 437/1443/367 430/1444/367 438/1445/367 445/1446/367
f 438/1447/368 439/1448/368 447/1449/368 446/1450/368
f 439/1451/369 440/1452/369 448/1453/369 447/1454/369
f 440/1455/370 441/1456/370 449/1457/370 448/1458/370
f 441/1459/371 442/1460/371 450/1461/371 449/1462/371
f 442/1463/372 443/1464/372 451/1465/372 450/1466/372
f 443/1467/373 444/1468/373 452/1469/373 451/1470/373
f 444/1471/374 445/1472/374 453/1473/374 452/1474/374
f 445/1475/375 438/1476/375 446/1477/375 453/1478/375
f 446/1479/376 447/1480/376 455/1481/376 454/1482/376
f 447/1483/377 448/1484/377 456/1485/377 455/1486/377
f 448/1487/378 449/1488/378 457/1489/378 456/1490/378
f 449/1491/379 450/1492/379 458/1493/379 457/1494/379
f 450/1495/380 451/1496/380 459/1497/380 458/1498/380
f 451/1499/381 452/1500/381 460/1501/381 459/1502/381
f 452/1503/382 453/1504/382 461/1505/382 460/1506/382
f 453/1507/383 446/1508/383 454/1509/383 461/1510/383
f 454/1511/384 455/1512/384 375/1513/384 374/1514/384
f 455/1515/385 456/1516/385 376/1517/385 375/1518/385
f 456/1519/386 457/1520/386 377/1521/386 376/1522/386
f 457/1523/387 458/1524/387 378/1525/387 377/1526/387
f 458/1527/388 459/1528/388 379/1529/388 378/1530/388
f 459/1531/389 460/1532/389 380/1533/389 379/1534/389
f 460/1535/390 461/1536/390 381/1537/390 380/1538/390
f 461/1539/391 454/1540/391 374/1541/391 381/1542/391
o rim
v 0.262078125 -0.900973125 0.89983375
v 0.2957725 -0.948283125 1.01485625
v 0.30972875 -1.0625 1.0625
v 0.2957725 -1.1767168749999999 1.01485625
v 0.262078125 -1.224026875 0.89983375
v 0.228384375 -1.1767168749999999 0.78481125
v 0.2144275 -1.0625 0.737166875
v 0.228384375 -0.948283125 0.78481125
v 0.703026875 -0.900973125 0.61578375
v 0.793411875 -0.948283125 0.6942875
v 0.83085 -1.0625 0.726804375
v 0.793411875 -1.1767168749999999 0.6942875
v 0.703026875 -1.224026875 0.61578375
v 0.6126425 -1.1767168749999999 0.53728
v 0.57520375 -1.0625 0.5047625
v 0.6126425 -0.948283125 0.53728
v 0.920769375 -0.900973125 0.1378675
v 1.039148125 -0.948283125 0.154928125
v 1.0881825 -1.0625 0.161994375
v 1.039148125 -1.1767168749999999 0.154928125
v 0.920769375 -1.224026875 0.1378675
v 0.802390625 -1.1767168749999999 0.120806875
v 0.753356875 -1.0625 0.113740625
v 0.802390625 -0.948283125 0.120806875
v 0.846174375 -0.900973125 -0.38218
v 0.9549625 -0.948283125 -0.43197875
v 1.000024375 -1.0625 -0.452606875
v 0.9549625 -1.1767168749999999 -0.43197875
v 0.846174375 -1.224026875 -0.38218
v 0.73738625 -1.1767168749999999 -0.332380625
v 0.692324375 -1.0625 -0.311753125
v 0.73738625 -0.948283125 -0.332380625
v 0.502924375 -0.900973125 -0.779246875
v 0.567583125 -0.948283125 -0.880095
v 0.594365625 -1.0625 -0.9218675
v 0.567583125 -1.1767168749999999 -0.880095
v 0.502924375 -1.224026875 -0.779246875
v 0.43826625 -1.1767168749999999 -0.67839875
v 0.41148375 -1.0625 -0.636625625
v 0.43826625 -0.948283125 -0.67839875
v 0 -0.900973125 -0.9272675
v 0 -0.948283125 -1.04714625
v 0 -1.0625 -1.09680125
v 0 -1.1767168749999999 -1.04714625
v 0 -1.224026875 -0.9272675
v 0 -1.1767168749999999 -0.807389375
v 0 -1.0625 -0.75773375
v 0 -0.948283125 -0.807389375
v -0.502924375 -0.900973125 -0.779246875
v -0.567583125 -0.948283125 -0.880095
v -0.594365625 -1.0625 -0.9218675
v -0.567583125 -1.1767168749999999 -0.880095
v -0.502924375 -1.224026875 -0.779246875
v -0.43826625 -1.1767168749999999 -0.67839875
v -0.41148375 -1.0625 -0.636625625
v -0.43826625 -0.948283125 -0.67839875
v -0.846174375 -0.900973125 -0.38218
v -0.9549625 -0.948283125 -0.43197875
v -1.000024375 -1.0625 -0.452606875
v -0.9549625 -1.1767168749999999 -0.43197875
v -0.846174375 -1.224026875 -0.38218
v -0.73738625 -1.1767168749999999 -0.332380625
v -0.692324375 -1.0625 -0.311753125
v -0.73738625 -0.948283125 -0.332380625
v -0.920769375 -0.900973125 0.1378675
v -1.039148125 -0.948283125 0.154928125
v -1.0881825 -1.0625 0.161994375
v -1.039148125 -1.1767168749999999 0.154928125
v -0.920769375 -1.224026875 0.1378675
v -0.802390625 -1.1767168749999999 0.120806875
v -0.753356875 -1.0625 0.113740625
v -0.802390625 -0.948283125 0.120806875
v -0.703026875 -0.900973125 0.61578375
v -0.793411875 -0.948283125 0.6942875
v -0.83085 -1.0625 0.726804375
v -0.793411875 -1.1767168749999999 0.6942875
v -0.703026875 -1.224026875 0.61578375
v -0.6126425 -1.1767168749999999 0.53728
v -0.57520375 -1.0625 0.5047625
v -0.6126425 -0.948283125 0.53728
v -0.262078125 -0.900973125 0.89983375
v -0.2957725 -0.948283125 1.01485625
v -0.30972875 -1.0625 1.0625
v -0.2957725 -1.1767168749999999 1.01485625
v -0.262078125 -1.224026875 0.89983375
v -0.228384375 -1.1767168749999999 0.78481125
v -0.2144275 -1.0625 0.737166875
v -0.228384375 -0.948283125 0.78481125
vt 0.606045625 0.984375
vt 0.6015625 1
vt 0.6796875 1
vt 0.6752703125 0.984375
vt 0.603335625 0.984375
vt 0.6015625 1
vt 0.6796875 1
vt 0.67794046875 0.984375
vt 0.6015625 1
vt 0.603335625 0.984375
vt 0.67794046875 0.984375
vt 0.6796875 1
vt 0.6015625 1
vt 0.606045625 0.984375
vt 0.6752703125 0.984375
vt 0.6796875 1
vt 0.6796875 0.90625
vt 0.675640625 0.890625
vt 0.62117625 0.890625
vt 0.6171875 0.90625
vt 0.6796875 0.9296875
vt 0.67800421875 0.9140625
vt 0.62665859375 0.9140625
vt 0.625 0.9296875
vt 0.67800421875 0.9375
vt 0.6796875 0.953125
vt 0.625 0.953125
vt 0.62665859375 0.9375
vt 0.675640625 0.9609375
vt 0.6796875 0.9765625
vt 0.6171875 0.9765625
vt 0.62117625 0.9609375
vt 0.60603921875 0.984375
vt 0.6015625 1
vt 0.6796875 1
vt 0.675264375 0.984375
vt 0.6033334375 0.984375
vt 0.6015625 1
vt 0.6796875 1
vt 0.6779378125 0.984375
vt 0.6015625 1
vt 0.6033334375 0.984375
vt 0.6779378125 0.984375
vt 0.6796875 1
vt 0.6015625 1
vt 0.60603921875 0.984375
vt 0.675264375 0.984375
vt 0.6796875 1
vt 0.6796875 0.90625
vt 0.67564578125 0.890625
vt 0.6211809375 0.890625
vt 0.6171875 0.90625
vt 0.6796875 0.9296875
vt 0.67800640625 0.9140625
vt 0.6266609375 0.9140625
vt 0.625 0.9296875
vt 0.67800640625 0.9375
vt 0.6796875 0.953125
vt 0.625 0.953125
vt 0.6266609375 0.9375
vt 0.675645 0.96093828125
vt 0.6796875 0.9765625
vt 0.6171875 0.9765625
vt 0.6211809375 0.9609375
vt 0.60600296875 0.984375
vt 0.6015625 1
vt 0.6796875 1
vt 0.67522734375 0.984375
vt 0.67785640625 0.984375
vt 0.6796125 1
vt 0.6014875 1
vt 0.60325140625 0.984375
vt 0.6015625 1
vt 0.60331859375 0.984375
vt 0.67792359375 0.984375
vt 0.6796875 1
vt 0.6015625 1
vt 0.6060021875 0.984375
vt 0.6752271875 0.984375
vt 0.6796875 1
vt 0.6796875 0.90625
vt 0.67567921875 0.890625
vt 0.621214375 0.890625
vt 0.6171875 0.90625
vt 0.6796875 0.9296875
vt 0.67802046875 0.9140625
vt 0.62667453125 0.9140625
vt 0.625 0.9296875
vt 0.67802046875 0.9375009375
vt 0.6796875 0.953125
vt 0.625 0.953125
vt 0.62667453125 0.9375
vt 0.67567921875 0.9609375
vt 0.6796875 0.9765625
vt 0.6171875 0.9765625
vt 0.621214375 0.9609375
vt 0.60597671875 0.984375
vt 0.6015625 1
vt 0.6796875 1
vt 0.67520234375 0.984375
vt 0.67794078125 0.984375
vt 0.6796875 1
vt 0.6015625 1
vt 0.6033359375 0.9843759375
vt 0.6015625 1
vt 0.6033084375 0.984375
vt 0.677913125 0.984375
vt 0.6796875 1
vt 0.6015625 1
vt 0.60597671875 0.984375
vt 0.6752015625 0.984375
vt 0.6796875 1
vt 0.6796875 0.90625
vt 0.67570140625 0.890625
vt 0.621236875 0.890625
vt 0.6171875 0.90625
vt 0.6796875 0.9296875
vt 0.67802921875 0.9140625
vt 0.626684375 0.9140625
vt 0.625 0.9296875
vt 0.67803 0.9375
vt 0.6796875 0.953125
vt 0.625 0.953125
vt 0.626684375 0.9375
vt 0.67570140625 0.9609375
vt 0.6796875 0.9765625
vt 0.6171875 0.9765625
vt 0.621236875 0.9609375
vt 0.6059934375 0.984375
vt 0.6015625 1
vt 0.6796875 1
vt 0.67521859375 0.984375
vt 0.60331515625 0.98437421875
vt 0.6015625 0.99999921875
vt 0.6796875 0.99999921875
vt 0.67791984375 0.98437421875
vt 0.6015625 1
vt 0.60331515625 0.984375
vt 0.67791984375 0.984375
vt 0.6796875 1
vt 0.6015625 1
vt 0.6059934375 0.984375
vt 0.6752178125 0.984375
vt 0.6796875 1
vt 0.6796875 0.90625
vt 0.6756878125 0.890625
vt 0.62122296875 0.890625
vt 0.6171875 0.90625
vt 0.6796875 0.9296875
vt 0.67802359375 0.9140625
vt 0.626678125 0.9140625
vt 0.625 0.9296875
vt 0.67802359375 0.9375
vt 0.6796875 0.953125
vt 0.625 0.953125
vt 0.626678125 0.9375
vt 0.6756878125 0.9609375
vt 0.6796875 0.9765625
vt 0.6171875 0.9765625
vt 0.62122234375 0.9609375
vt 0.60603140625 0.984375
vt 0.6015625 1
vt 0.6796875 1
vt 0.6752565625 0.984375
vt 0.60333015625 0.984375
vt 0.6015625 1
vt 0.6796875 1
vt 0.67793484375 0.984375
vt 0.6015625 1
vt 0.60333015625 0.984375
vt 0.67793484375 0.984375
vt 0.6796875 1
vt 0.6015625 1
vt 0.6060321875 0.984375
vt 0.6752565625 0.984375
vt 0.6796875 1
vt 0.6796875 0.90625
vt 0.67565203125 0.890625
vt 0.6211871875 0.890625
vt 0.6171875 0.90625
vt 0.6796875 0.9296875
vt 0.678009375 0.9140625
vt 0.62666390625 0.9140625
vt 0.625 0.9296875
vt 0.678009375 0.9375009375
vt 0.6796875 0.953125
vt 0.625 0.953125
vt 0.62666390625 0.9375
vt 0.67565265625 0.9609375
vt 0.6796875 0.9765625
vt 0.6171875 0.9765625
vt 0.6211871875 0.9609375
vt 0.60604765625 0.984375
vt 0.6015625 1
vt 0.6796875 1
vt 0.67527328125 0.984375
vt 0.6033359375 0.984375
vt 0.6015625 1
vt 0.6796875 1
vt 0.67794078125 0.984375
vt 0.6015625 1
vt 0.603336875 0.984375
vt 0.6779415625 0.984375
vt 0.6796875 1
vt 0.6015625 1
vt 0.6060484375 0.984375
vt 0.67527328125 0.984375
vt 0.6796875 1
vt 0.6796875 0.90625
vt 0.675638125 0.890625
vt 0.62117359375 0.890625
vt 0.6171875 0.90625
vt 0.6796875 0.9296875
vt 0.678003125 0.9140625
vt 0.62665828125 0.9140625
vt 0.625 0.9296875
vt 0.678003125 0.9375
vt 0.6796875 0.953125
vt 0.625 0.953125
vt 0.6266575 0.9375
vt 0.675638125 0.9609375
vt 0.6796875 0.9765625
vt 0.6171875 0.9765625
vt 0.62117359375 0.9609375
vt 0.60602265625 0.984375
vt 0.6015625 1
vt 0.6796875 1
vt 0.67524703125 0.984375
vt 0.60332640625 0.984375
vt 0.6015625 1
vt 0.6796875 1
vt 0.67793140625 0.984375
vt 0.6015625 1
vt 0.60332640625 0.984375
vt 0.67793140625 0.984375
vt 0.6796875 1
vt 0.6015625 1
vt 0.6060228125 0.984375
vt 0.6752478125 0.984375
vt 0.6796875 1
vt 0.6796875 0.90625
vt 0.675660625 0.890625
vt 0.62119578125 0.890625
vt 0.6171875 0.90625
vt 0.6796875 0.9296875
vt 0.67801296875 0.9140625
vt 0.62666703125 0.9140625
vt 0.625 0.9296875
vt 0.67801296875 0.9375
vt 0.6796875 0.953125
vt 0.625 0.953125
vt 0.62666703125 0.9375
vt 0.675660625 0.9609375
vt 0.6796875 0.9765625
vt 0.6171875 0.9765625
vt 0.62119578125 0.9609375
vt 0.605985625 0.984375
vt 0.6015625 1
vt 0.6796875 1
vt 0.67521078125 0.984375
vt 0.6033121875 0.984375
vt 0.6015625 1
vt 0.6796875 1
vt 0.6779165625 0.984375
vt 0.6015625 1
vt 0.6033121875 0.984375
vt 0.6779165625 0.984375
vt 0.6796875 1
vt 0.6015625 1
vt 0.605985625 0.984375
vt 0.67521078125 0.984375
vt 0.6796875 1
vt 0.6796875 0.90625
vt 0.6756940625 0.890625
vt 0.62122921875 0.890625
vt 0.6171875 0.90625
vt 0.6796875 0.9296875
vt 0.6780265625 0.9140625
vt 0.62668109375 0.9140625
vt 0.625 0.9296875
vt 0.6780265625 0.9375
vt 0.6796875 0.953125
vt 0.625 0.953125
vt 0.62668109375 0.9375
vt 0.6756940625 0.9609375
vt 0.6796875 0.9765625
vt 0.6171875 0.9765625
vt 0.62123 0.96093828125
vt 0.6059796875 0.984375
vt 0.6015625 1
vt 0.6796875 1
vt 0.675204375 0.984375
vt 0.60330953125 0.9843734375
vt 0.6015625 0.9999984375
vt 0.6796875 0.9999984375
vt 0.677914375 0.9843734375
vt 0.6015625 1
vt 0.60330953125 0.984375
vt 0.677914375 0.984375
vt 0.6796875 1
vt 0.6015625 1
vt 0.6059796875 0.984375
vt 0.675204375 0.984375
vt 0.6796875 1
vt 0.6796875 0.90625
vt 0.67569875 0.890625
vt 0.621234375 0.890625
vt 0.6171875 0.90625
vt 0.6796875 0.9296875
vt 0.67802890625 0.9140625
vt 0.62668328125 0.9140625
vt 0.625 0.9296875
vt 0.67802890625 0.9375
vt 0.6796875 0.953125
vt 0.625 0.953125
vt 0.62668328125 0.9375
vt 0.67569875 0.9609375
vt 0.6796875 0.9765625
vt 0.6171875 0.9765625
vt 0.621234375 0.9609375
vt 0.60601234375 0.984375
vt 0.6015625 1
vt 0.6796875 1
vt 0.675236875 0.984375
vt 0.60332265625 0.984375
vt 0.6015625 1
vt 0.6796875 1
vt 0.67792734375 0.984375
vt 0.6015625 1
vt 0.60332265625 0.984375
vt 0.67792734375 0.984375
vt 0.6796875 1
vt 0.6015625 1
vt 0.60601234375 0.984375
vt 0.675236875 0.984375
vt 0.6796875 1
vt 0.6796875 0.90625
vt 0.67566984375 0.890625
vt 0.62120515625 0.890625
vt 0.6171875 0.90625
vt 0.6796875 0.9296875
vt 0.67801578125 0.9140625
vt 0.6266709375 0.9140625
vt 0.625 0.9296875
vt 0.67801578125 0.9375
vt 0.6796875 0.953125
vt 0.625 0.953125
vt 0.6266709375 0.9375
vt 0.67566984375 0.9609375
vt 0.6796875 0.9765625
vt 0.6171875 0.9765625
vt 0.62120515625 0.9609375
vn 0.20611969020067497 0.9247335259378372 0.31997277902683113
vn 0.49985510510676834 0.3847554771308449 0.7759562466508776
vn 0.4998547283028132 -0.3847555228775199 0.7759564666967904
vn 0.20611977991235825 -0.9247335163931063 0.31997274882108606
vn -0.20612041511529838 -0.924733109555735 -0.31997351541038255
vn -0.4998533116172799 -0.3847614796488114 -0.7759544256228555
vn -0.499853827151487 0.3847614170604675 -0.7759541245612606
vn -0.20612029893225753 0.9247331219170795 -0.31997355452844667
vn 0.34673394237653865 0.9245645401314248 0.15797463193687278
vn 0.8401057336853519 0.3843401681060921 0.38275970452645297
vn 0.8401061955027919 -0.38434006140866106 0.38275879803632423
vn 0.3467338542816977 -0.9245645543723815 0.15797474194680042
vn -0.3467355139407527 -0.9245638584427976 -0.15797517220629592
vn -0.8401035260548976 -0.38434588205730685 -0.38275881238152965
vn -0.8401042109420075 0.3843457238199602 -0.3827574680379447
vn -0.3467353227294077 0.9245638893534353 -0.15797541098342663
vn 0.3772816117090269 0.9245160500251715 -0.054117083366474056
vn 0.9138841256035266 0.38422906005131824 -0.13108712515711848
vn 0.9138841303972665 -0.38422906509074534 -0.13108707696612926
vn 0.37728158494724773 -0.9245160760383498 -0.05411682553832089
vn -0.3772815581528285 -0.9245161020831676 0.05411656739594708
vn -0.9138859091470516 -0.3842248264746988 0.1310870999868211
vn -0.9138860071332299 0.3842249294823146 0.13108611494125755
vn -0.37728158494724806 0.9245160760383497 0.05411682553832094
vn 0.2881041245275281 0.9246445895663034 -0.24905500680771123
vn 0.698341941857693 0.3845457620768776 -0.6036912200050121
vn 0.6983425510174807 -0.3845458634761572 -0.6036904507458887
vn 0.2881039050289714 -0.9246445411830094 -0.24905544034917151
vn -0.28810308596148815 -0.9246450310241809 0.24905456924489236
vn -0.6983426675706947 -0.3845429202733742 0.6036921907047262
vn -0.6983429137141042 0.38454296124743786 0.6036918798694803
vn -0.2881030285412268 0.9246450183675562 0.24905468265711186
vn 0.10741874140726948 0.9248007868705729 -0.36497221620014775
vn 0.26059020782650966 0.3849213524780669 -0.8853972532097627
vn 0.26059038934249745 -0.38492137234406093 -0.8853971911493116
vn 0.10741859248428183 -0.9248007696708864 -0.36497230361334526
vn -0.10741885377790393 -0.9248005781640997 0.36497271196678305
vn -0.2605900868038215 -0.3849255194961897 0.8853954772304664
vn -0.26058982942668785 0.3849254913280614 0.8853955652278931
vn -0.10741873345687494 0.9248005642679913 0.36497278259087484
vn -0.10741855697073424 0.9248010556013159 -0.3649715895477578
vn -0.26059030740936145 0.3849205067888638 -0.8853975915585601
vn -0.26059049362442466 -0.38492048674944235 -0.8853975454637038
vn -0.10741838433584618 -0.9248010729511846 -0.36497159639486204
vn 0.10741900279214109 -0.924800361044139 0.36497321826645346
vn 0.2605901958354865 -0.38492459357763253 0.8853958476825591
vn 0.26058993179532186 0.38492462199241667 0.8853959130416769
vn 0.10741886331305617 0.9248003750618888 0.36497322379856983
vn -0.288102730975172 0.9246453482534661 -0.24905380213494888
vn -0.6983433071675111 0.3845414297520694 -0.6036924002657129
vn -0.6983439807520951 -0.38454132672633873 -0.6036916866968309
vn -0.288102332316273 -0.9246453974107668 -0.24905408079573682
vn 0.28810345050961794 -0.9246448325542201 0.24905488438340304
vn 0.6983422415836571 -0.38454427199196173 0.6036918224542098
vn 0.698342513759401 0.3845442303611871 0.6036915341232832
vn 0.28810334622118833 0.9246448454138584 0.24905495727998694
vn -0.3772825855474483 0.9245156444385486 -0.05411722305336417
vn -0.9138842137975087 0.38422884596697654 -0.13108713780762335
vn -0.9138842227528594 -0.3842288409044041 -0.13108709021356876
vn -0.3772826839864186 -0.9245156183078539 -0.05411698318320323
vn 0.377282533177993 -0.9245156960025206 0.05411670725174943
vn 0.9138845171590686 -0.38422820544714864 0.13108690032112313
vn 0.9138847002075785 0.3842281019702588 0.13108592747826456
vn 0.37728243461796607 0.9245157221655677 0.05411694741408653
vn -0.34673442861424986 0.9245643199283259 0.15797485347048712
vn -0.8401040306928672 0.3843446632506955 0.3827589286278082
vn -0.840104412149811 -0.38434476866696926 0.38275798552708784
vn -0.34673440303219966 -0.9245643058589942 0.1579749919619572
vn 0.3467344585579993 -0.9245643363964376 -0.15797469136638911
vn 0.8401054762165914 -0.3843407345094152 -0.38275970089294603
vn 0.8401060419293379 0.3843408908422546 -0.38275830224882657
vn 0.34673440303219993 0.9245643058589942 -0.15797499196195736
vn -0.2061194962583589 0.924733673341555 0.3199724779577689
vn -0.49985553962273727 0.38475355227184593 0.775956921177109
vn -0.4998551833218877 -0.3847535071904929 0.7759571730520038
vn -0.20611956103577872 -0.9247336827477736 0.3199724090451516
vn 0.20612016394604452 -0.9247333004545538 -0.3199731255047582
vn 0.4998537706687956 -0.38475944613509605 -0.7759551382380306
vn 0.49985425815078327 0.38475950781483326 -0.7759547936282226
vn 0.20612008005466886 0.9247332882730036 -0.31997321475094587
vn 0 0.9248258126266006 0.38039087304974645
vn 0 0.38498291895175824 0.9229236978837332
vn 0 -0.38498291895175824 0.9229236978837332
vn 0 -0.9248258126266006 0.38039087304974634
vn 0 -0.9248258126266006 -0.3803908730497464
vn 0 -0.3849872207087142 -0.9229219034625735
vn 0 0.3849872207087143 -0.9229219034625736
vn 0 0.9248258126266005 -0.38039087304974634
usemtl m_fff6acb4-e166-8d77-84d8-149e6e4eee3c
f 462/1543/392 463/1544/392 471/1545/392 470/1546/392
f 463/1547/393 464/1548/393 472/1549/393 471/1550/393
f 464/1551/394 465/1552/394 473/1553/394 472/1554/394
f 465/1555/395 466/1556/395 474/1557/395 473/1558/395
f 466/1559/396 467/1560/396 475/1561/396 474/1562/396
f 467/1563/397 468/1564/397 476/1565/397 475/1566/397
f 468/1567/398 469/1568/398 477/1569/398 476/1570/398
f 469/1571/399 462/1572/399 470/1573/399 477/1574/399
f 470/1575/400 471/1576/400 479/1577/400 478/1578/400
f 471/1579/401 472/1580/401 480/1581/401 479/1582/401
f 472/1583/402 473/1584/402 481/1585/402 480/1586/402
f 473/1587/403 474/1588/403 482/1589/403 481/1590/403
f 474/1591/404 475/1592/404 483/1593/404 482/1594/404
f 475/1595/405 476/1596/405 484/1597/405 483/1598/405
f 476/1599/406 477/1600/406 485/1601/406 484/1602/406
f 477/1603/407 470/1604/407 478/1605/407 485/1606/407
f 478/1607/408 479/1608/408 487/1609/408 486/1610/408
f 479/1611/409 480/1612/409 488/1613/409 487/1614/409
f 480/1615/410 481/1616/410 489/1617/410 488/1618/410
f 481/1619/411 482/1620/411 490/1621/411 489/1622/411
f 482/1623/412 483/1624/412 491/1625/412 490/1626/412
f 483/1627/413 484/1628/413 492/1629/413 491/1630/413
f 484/1631/414 485/1632/414 493/1633/414 492/1634/414
f 485/1635/415 478/1636/415 486/1637/415 493/1638/415
f 486/1639/416 487/1640/416 495/1641/416 494/1642/416
f 487/1643/417 488/1644/417 496/1645/417 495/1646/417
f 488/1647/418 489/1648/418 497/1649/418 496/1650/418
f 489/1651/419 490/1652/419 498/1653/419 497/1654/419
f 490/1655/420 491/1656/420 499/1657/420 498/1658/420
f 491/1659/421 492/1660/421 500/1661/421 499/1662/421
f 492/1663/422 493/1664/422 501/1665/422 500/1666/422
f 493/1667/423 486/1668/423 494/1669/423 501/1670/423
f 494/1671/424 495/1672/424 503/1673/424 502/1674/424
f 495/1675/425 496/1676/425 504/1677/425 503/1678/425
f 496/1679/426 497/1680/426 505/1681/426 504/1682/426
f 497/1683/427 498/1684/427 506/1685/427 505/1686/427
f 498/1687/428 499/1688/428 507/1689/428 506/1690/428
f 499/1691/429 500/1692/429 508/1693/429 507/1694/429
f 500/1695/430 501/1696/430 509/1697/430 508/1698/430
f 501/1699/431 494/1700/431 502/1701/431 509/1702/431
f 502/1703/432 503/1704/432 511/1705/432 510/1706/432
f 503/1707/433 504/1708/433 512/1709/433 511/1710/433
f 504/1711/434 505/1712/434 513/1713/434 512/1714/434
f 505/1715/435 506/1716/435 514/1717/435 513/1718/435
f 506/1719/436 507/1720/436 515/1721/436 514/1722/436
f 507/1723/437 508/1724/437 516/1725/437 515/1726/437
f 508/1727/438 509/1728/438 517/1729/438 516/1730/438
f 509/1731/439 502/1732/439 510/1733/439 517/1734/439
f 510/1735/440 511/1736/440 519/1737/440 518/1738/440
f 511/1739/441 512/1740/441 520/1741/441 519/1742/441
f 512/1743/442 513/1744/442 521/1745/442 520/1746/442
f 513/1747/443 514/1748/443 522/1749/443 521/1750/443
f 514/1751/444 515/1752/444 523/1753/444 522/1754/444
f 515/1755/445 516/1756/445 524/1757/445 523/1758/445
f 516/1759/446 517/1760/446 525/1761/446 524/1762/446
f 517/1763/447 510/1764/447 518/1765/447 525/1766/447
f 518/1767/448 519/1768/448 527/1769/448 526/1770/448
f 519/1771/449 520/1772/449 528/1773/449 527/1774/449
f 520/1775/450 521/1776/450 529/1777/450 528/1778/450
f 521/1779/451 522/1780/451 530/1781/451 529/1782/451
f 522/1783/452 523/1784/452 531/1785/452 530/1786/452
f 523/1787/453 524/1788/453 532/1789/453 531/1790/453
f 524/1791/454 525/1792/454 533/1793/454 532/1794/454
f 525/1795/455 518/1796/455 526/1797/455 533/1798/455
f 526/1799/456 527/1800/456 535/1801/456 534/1802/456
f 527/1803/457 528/1804/457 536/1805/457 535/1806/457
f 528/1807/458 529/1808/458 537/1809/458 536/1810/458
f 529/1811/459 530/1812/459 538/1813/459 537/1814/459
f 530/1815/460 531/1816/460 539/1817/460 538/1818/460
f 531/1819/461 532/1820/461 540/1821/461 539/1822/461
f 532/1823/462 533/1824/462 541/1825/462 540/1826/462
f 533/1827/463 526/1828/463 534/1829/463 541/1830/463
f 534/1831/464 535/1832/464 543/1833/464 542/1834/464
f 535/1835/465 536/1836/465 544/1837/465 543/1838/465
f 536/1839/466 537/1840/466 545/1841/466 544/1842/466
f 537/1843/467 538/1844/467 546/1845/467 545/1846/467
f 538/1847/468 539/1848/468 547/1849/468 546/1850/468
f 539/1851/469 540/1852/469 548/1853/469 547/1854/469
f 540/1855/470 541/1856/470 549/1857/470 548/1858/470
f 541/1859/471 534/1860/471 542/1861/471 549/1862/471
f 542/1863/472 543/1864/472 463/1865/472 462/1866/472
f 543/1867/473 544/1868/473 464/1869/473 463/1870/473
f 544/1871/474 545/1872/474 465/1873/474 464/1874/474
f 545/1875/475 546/1876/475 466/1877/475 465/1878/475
f 546/1879/476 547/1880/476 467/1881/476 466/1882/476
f 547/1883/477 548/1884/477 468/1885/477 467/1886/477
f 548/1887/478 549/1888/478 469/1889/478 468/1890/478
f 549/1891/479 542/1892/479 462/1893/479 469/1894/479
o rim
v 0 -0.625 0
v 0 0.625 0
v 0.12560125 -0.625 0.46875
v 0.12560125 0.625 0.46875
v 0.34314875 -0.625 0.34314875
v 0.34314875 0.625 0.34314875
v 0.46875 -0.625 0.12560125
v 0.46875 0.625 0.12560125
v 0.46875 -0.625 -0.12560125
v 0.46875 0.625 -0.12560125
v 0.34314875 -0.625 -0.34314875
v 0.34314875 0.625 -0.34314875
v 0.12560125 -0.625 -0.46875
v 0.12560125 0.625 -0.46875
v -0.12560125 -0.625 -0.46875
v -0.12560125 0.625 -0.46875
v -0.34314875 -0.625 -0.34314875
v -0.34314875 0.625 -0.34314875
v -0.46875 -0.625 -0.12560125
v -0.46875 0.625 -0.12560125
v -0.46875 -0.625 0.12560125
v -0.46875 0.625 0.12560125
v -0.34314875 -0.625 0.34314875
v -0.34314875 0.625 0.34314875
v -0.12560125 -0.625 0.46875
v -0.12560125 0.625 0.46875
vt 0.374925 0.937425
vt 0.34773125 0.953125
vt 0.33203125 0.89453125
vt 0.421875 0.84375
vt 0.453125 0.84375
vt 0.453125 1
vt 0.421875 1
vt 0.34773125 0.8359375
vt 0.374925 0.8516375
vt 0.33203125 0.89453125
vt 0.390625 0.91023125
vt 0.374925 0.937425
vt 0.33203125 0.89453125
vt 0.421875 0.84375
vt 0.453125 0.84375
vt 0.453125 1
vt 0.421875 1
vt 0.374925 0.8516375
vt 0.390625 0.87883125
vt 0.33203125 0.89453125
vt 0.390625 0.87883125
vt 0.390625 0.91023125
vt 0.33203125 0.89453125
vt 0.421875 0.84375
vt 0.453125 0.84375
vt 0.453125 1
vt 0.421875 1
vt 0.390625 0.87883125
vt 0.390625 0.91023125
vt 0.33203125 0.89453125
vt 0.374925 0.8516375
vt 0.390625 0.87883125
vt 0.33203125 0.89453125
vt 0.421875 0.84375
vt 0.453125 0.84375
vt 0.453125 1
vt 0.421875 1
vt 0.390625 0.91023125
vt 0.374925 0.937425
vt 0.33203125 0.89453125
vt 0.34773125 0.8359375
vt 0.374925 0.8516375
vt 0.33203125 0.89453125
vt 0.421875 0.84375
vt 0.453125 0.84375
vt 0.453125 1
vt 0.421875 1
vt 0.374925 0.937425
vt 0.34773125 0.953125
vt 0.33203125 0.89453125
vt 0.31633125 0.8359375
vt 0.34773125 0.8359375
vt 0.33203125 0.89453125
vt 0.421875 0.84375
vt 0.453125 0.84375
vt 0.453125 1
vt 0.421875 1
vt 0.34773125 0.953125
vt 0.31633125 0.953125
vt 0.33203125 0.89453125
vt 0.2891375 0.8516375
vt 0.31633125 0.8359375
vt 0.33203125 0.89453125
vt 0.421875 0.84375
vt 0.453125 0.84375
vt 0.453125 1
vt 0.421875 1
vt 0.31633125 0.953125
vt 0.2891375 0.937425
vt 0.33203125 0.89453125
vt 0.2734375 0.87883125
vt 0.2891375 0.8516375
vt 0.33203125 0.89453125
vt 0.421875 0.84375
vt 0.453125 0.84375
vt 0.453125 1
vt 0.421875 1
vt 0.2891375 0.937425
vt 0.2734375 0.91023125
vt 0.33203125 0.89453125
vt 0.2734375 0.91023125
vt 0.2734375 0.87883125
vt 0.33203125 0.89453125
vt 0.421875 0.84375
vt 0.453125 0.84375
vt 0.453125 1
vt 0.421875 1
vt 0.2734375 0.91023125
vt 0.2734375 0.87883125
vt 0.33203125 0.89453125
vt 0.2891375 0.937425
vt 0.2734375 0.91023125
vt 0.33203125 0.89453125
vt 0.421875 0.84375
vt 0.453125 0.84375
vt 0.453125 1
vt 0.421875 1
vt 0.2734375 0.87883125
vt 0.2891375 0.8516375
vt 0.33203125 0.89453125
vt 0.31633125 0.953125
vt 0.2891375 0.937425
vt 0.33203125 0.89453125
vt 0.421875 0.84375
vt 0.453125 0.84375
vt 0.453125 1
vt 0.421875 1
vt 0.2891375 0.8516375
vt 0.31633125 0.8359375
vt 0.33203125 0.89453125
vt 0.34773125 0.953125
vt 0.31633125 0.953125
vt 0.33203125 0.89453125
vt 0.421875 0.84375
vt 0.453125 0.84375
vt 0.453125 1
vt 0.421875 1
vt 0.31633125 0.8359375
vt 0.34773125 0.8359375
vt 0.33203125 0.89453125
vn 0 -1 0
vn 0.5000004248969576 0 0.8660251584699269
vn 0 1 0
vn 0 -1 0
vn 0.8660251584699269 0 0.5000004248969576
vn 0 1 0
vn 0 -1 0
vn 1 0 0
vn 0 1 0
vn 0 -1 0
vn 0.8660251584699269 0 -0.5000004248969576
vn 0 1 0
vn 0 -1 0
vn 0.5000004248969576 0 -0.8660251584699269
vn 0 1 0
vn 0 -1 0
vn 0 0 -1
vn 0 1 0
vn 0 -1 0
vn -0.5000004248969576 0 -0.8660251584699269
vn 0 1 0
vn 0 -1 0
vn -0.8660251584699269 0 -0.5000004248969576
vn 0 1 0
vn 0 -1 0
vn -1 0 0
vn 0 1 0
vn 0 -1 0
vn -0.8660251584699269 0 0.5000004248969576
vn 0 1 0
vn 0 -1 0
vn -0.5000004248969576 0 0.8660251584699269
vn 0 1 0
vn 0 -1 0
vn 0 0 1
vn 0 1 0
usemtl m_fff6acb4-e166-8d77-84d8-149e6e4eee3c
f 554/1895/480 552/1896/480 550/1897/480
f 552/1898/481 554/1899/481 555/1900/481 553/1901/481
f 553/1902/482 555/1903/482 551/1904/482
f 556/1905/483 554/1906/483 550/1907/483
f 554/1908/484 556/1909/484 557/1910/484 555/1911/484
f 555/1912/485 557/1913/485 551/1914/485
f 558/1915/486 556/1916/486 550/1917/486
f 556/1918/487 558/1919/487 559/1920/487 557/1921/487
f 557/1922/488 559/1923/488 551/1924/488
f 560/1925/489 558/1926/489 550/1927/489
f 558/1928/490 560/1929/490 561/1930/490 559/1931/490
f 559/1932/491 561/1933/491 551/1934/491
f 562/1935/492 560/1936/492 550/1937/492
f 560/1938/493 562/1939/493 563/1940/493 561/1941/493
f 561/1942/494 563/1943/494 551/1944/494
f 564/1945/495 562/1946/495 550/1947/495
f 562/1948/496 564/1949/496 565/1950/496 563/1951/496
f 563/1952/497 565/1953/497 551/1954/497
f 566/1955/498 564/1956/498 550/1957/498
f 564/1958/499 566/1959/499 567/1960/499 565/1961/499
f 565/1962/500 567/1963/500 551/1964/500
f 568/1965/501 566/1966/501 550/1967/501
f 566/1968/502 568/1969/502 569/1970/502 567/1971/502
f 567/1972/503 569/1973/503 551/1974/503
f 570/1975/504 568/1976/504 550/1977/504
f 568/1978/505 570/1979/505 571/1980/505 569/1981/505
f 569/1982/506 571/1983/506 551/1984/506
f 572/1985/507 570/1986/507 550/1987/507
f 570/1988/508 572/1989/508 573/1990/508 571/1991/508
f 571/1992/509 573/1993/509 551/1994/509
f 574/1995/510 572/1996/510 550/1997/510
f 572/1998/511 574/1999/511 575/2000/511 573/2001/511
f 573/2002/512 575/2003/512 551/2004/512
f 552/2005/513 574/2006/513 550/2007/513
f 574/2008/514 552/2009/514 553/2010/514 575/2011/514
f 575/2012/515 553/2013/515 551/2014/515
o rim
v 0.25116625 -1.1656425 0.85507
v 0.20074375 0 0.687176875
v 0.25116625 1.1656425 0.85507
v 0.673755 -1.1656425 0.58348875
v 0.53849625 0 0.46972125
v 0.673755 1.1656425 0.58348875
v 0.88243125 -1.1656425 0.12655125
v 0.70528 0 0.10385
v 0.88243125 1.1656425 0.12655125
v 0.810941875 -1.1656425 -0.3706675
v 0.6481425 0 -0.294275
v 0.810941875 1.1656425 -0.3706675
v 0.481984375 -1.1656425 -0.750305
v 0.385224375 0 -0.598251875
v 0.481984375 1.1656425 -0.750305
v 0 -1.1656425 -0.89182875
v 0 0 -0.71157
v 0 1.1656425 -0.89182875
v -0.481984375 -1.1656425 -0.750305
v -0.385224375 0 -0.598251875
v -0.481984375 1.1656425 -0.750305
v -0.810941875 -1.1656425 -0.3706675
v -0.6481425 0 -0.294275
v -0.810941875 1.1656425 -0.3706675
v -0.88243125 -1.1656425 0.12655125
v -0.70528 0 0.10385
v -0.88243125 1.1656425 0.12655125
v -0.673755 -1.1656425 0.58348875
v -0.53849625 0 0.46972125
v -0.673755 1.1656425 0.58348875
v -0.25116625 -1.1656425 0.85507
v -0.20074375 0 0.687176875
v -0.25116625 1.1656425 0.85507
v 0.31008125 -1.302646875 1.05571625
v 0.831795 -1.302646875 0.72043125
v 1.089419375 -1.302646875 0.156311875
v 1.00116125 -1.302646875 -0.4575375
v 0.59504125 -1.302646875 -0.926225
v 0 -1.302646875 -1.100945625
v -0.59504125 -1.302646875 -0.926225
v -1.00116125 -1.302646875 -0.4575375
v -1.089419375 -1.302646875 0.156311875
v -0.831795 -1.302646875 0.72043125
v -0.31008125 -1.302646875 1.05571625
v 0.31150375 1.305955625 1.060561875
v 0.835611875 1.305955625 0.72373875
v 1.094418125 1.305955625 0.157030625
v 1.005755 1.305955625 -0.459635625
v 0.597771875 1.305955625 -0.93047375
v 0 1.305955625 -1.105995625
v -0.597771875 1.305955625 -0.93047375
v -1.005755 1.305955625 -0.459635625
v -1.094418125 1.305955625 0.157030625
v -0.835611875 1.305955625 0.72373875
v -0.31150375 1.305955625 1.060561875
vt 0.356296171875 0.578125
vt 0.3638203125 0.609160859375
vt 0.2846171875 0.609160859375
vt 0.292141328125 0.578125
vt 0.5234375 0.9999921875
vt 0.51740390625 0.8515625
vt 0.467424375 0.8515625
vt 0.4609375 1
vt 0.51742109375 0.85156796875
vt 0.5234375 1
vt 0.4609375 1
vt 0.4674421875 0.8515625
vt 0.081203828125 0.7109375
vt 0.0736796875 0.741973359375
vt 0.1528828125 0.741973359375
vt 0.145358671875 0.7109375
vt 0.5234375 0.99999375
vt 0.51753765625 0.8515625
vt 0.46750921875 0.8515625
vt 0.4609375 1
vt 0.5175525 0.8515671874999999
vt 0.5234375 1
vt 0.4609375 1
vt 0.4675246875 0.8515625
vt 0.081203828125 0.7109375
vt 0.0736796875 0.741973359375
vt 0.152882265625 0.741973359375
vt 0.145357890625 0.7109375
vt 0.5234375 1
vt 0.51751046875 0.8515625
vt 0.46746875 0.8515625
vt 0.4609375 0.99999765625
vt 0.517505 0.8515625
vt 0.5234375 1
vt 0.4609375 1
vt 0.46746328125 0.8515640625
vt 0.121921015625 0.578125
vt 0.129445234375 0.609160859375
vt 0.050242265625 0.609160859375
vt 0.057766484375 0.578125
vt 0.5234375 1
vt 0.5173759375 0.8515625
vt 0.46737078125 0.8515625
vt 0.4609375 0.9999921875
vt 0.51735640625 0.8515625
vt 0.5234375 1
vt 0.4609375 1
vt 0.46735140625 0.85156953125
vt 0.239108515625 0.578125
vt 0.246632734375 0.609160859375
vt 0.167429765625 0.609160859375
vt 0.174953984375 0.578125
vt 0.5234375 1
vt 0.51722671875 0.8515625
vt 0.46726734375 0.8515625
vt 0.4609375 0.9999953125
vt 0.5172165625 0.8515625
vt 0.5234375 1
vt 0.4609375 1
vt 0.467255625 0.851565625
vt 0.356296015625 0.578125
vt 0.363820234375 0.609160859375
vt 0.284617265625 0.609160859375
vt 0.292141484375 0.578125
vt 0.5234375 0.9999953125
vt 0.51710765625 0.8515625
vt 0.46714828125 0.8515625
vt 0.4609375 1
vt 0.517119375 0.851565625
vt 0.5234375 1
vt 0.4609375 1
vt 0.4671584375 0.8515625
vt 0.081203984375 0.7109375
vt 0.073679765625 0.741973359375
vt 0.152882734375 0.741973359375
vt 0.145358515625 0.7109375
vt 0.5234375 0.9999921875
vt 0.51700421875 0.8515625
vt 0.4669990625 0.8515625
vt 0.4609375 1
vt 0.51702359375 0.85156953125
vt 0.5234375 1
vt 0.4609375 1
vt 0.46701859375 0.8515625
vt 0.081204609375 0.7109375
vt 0.073680234375 0.741973359375
vt 0.1528828125 0.741973359375
vt 0.145358671875 0.7109375
vt 0.5234375 0.999996875
vt 0.51690625 0.8515625
vt 0.46686453125 0.8515625
vt 0.4609375 1
vt 0.51691171875 0.85156484375
vt 0.5234375 1
vt 0.4609375 1
vt 0.46687 0.8515625
vt 0.081203828125 0.7109375
vt 0.0736796875 0.741973359375
vt 0.1528828125 0.741973359375
vt 0.145358671875 0.7109375
vt 0.5234375 1
vt 0.51686578125 0.8515625
vt 0.46683734375 0.8515625
vt 0.4609375 0.99999375
vt 0.5168503125 0.8515625
vt 0.5234375 1
vt 0.4609375 1
vt 0.4668225 0.8515671874999999
vt 0.121921171875 0.578125
vt 0.1294453125 0.609160859375
vt 0.0502421875 0.609160859375
vt 0.057766328125 0.578125
vt 0.5234375 1
vt 0.516950625 0.8515625
vt 0.46697109375 0.8515625
vt 0.4609375 0.9999921875
vt 0.5169328125 0.8515625
vt 0.5234375 1
vt 0.4609375 1
vt 0.46695390625 0.85156875
vt 0.239108671875 0.578125
vt 0.2466328125 0.609160859375
vt 0.1674296875 0.609160859375
vt 0.174953828125 0.578125
vt 0.5234375 1
vt 0.51716375 0.8515625
vt 0.46721125 0.8515625
vt 0.4609375 1
vt 0.51716375 0.8515625
vt 0.5234375 1
vt 0.4609375 1
vt 0.46721125 0.8515625
vt 0.121921171875 0.578125
vt 0.12962703125 0.6099103906250001
vt 0.05006046875 0.6099103906250001
vt 0.057766328125 0.578125
vt 0.145358671875 0.7109375
vt 0.15306453125 0.7427228906250001
vt 0.07349796875 0.7427228906250001
vt 0.081203828125 0.7109375
vt 0.145357890625 0.7109375
vt 0.153063984375 0.7427228906250001
vt 0.07349796875 0.7427228906250001
vt 0.081203828125 0.7109375
vt 0.356296015625 0.578125
vt 0.364001953125 0.6099103906250001
vt 0.284435546875 0.6099103906250001
vt 0.292141484375 0.578125
vt 0.239108515625 0.578125
vt 0.246814453125 0.6099103906250001
vt 0.167248046875 0.6099103906250001
vt 0.174953984375 0.578125
vt 0.121921015625 0.578125
vt 0.129626953125 0.6099103906250001
vt 0.050060546875 0.6099103906250001
vt 0.057766484375 0.578125
vt 0.145358515625 0.7109375
vt 0.153064453125 0.7427228906250001
vt 0.073498046875 0.7427228906250001
vt 0.081203984375 0.7109375
vt 0.145358671875 0.7109375
vt 0.15306453125 0.7427228906250001
vt 0.073498515625 0.7427228906250001
vt 0.081204609375 0.7109375
vt 0.145358671875 0.7109375
vt 0.15306453125 0.7427228906250001
vt 0.07349796875 0.7427228906250001
vt 0.081203828125 0.7109375
vt 0.356296171875 0.578125
vt 0.36400203125 0.6099103906250001
vt 0.28443546875 0.6099103906250001
vt 0.292141328125 0.578125
vt 0.239108671875 0.578125
vt 0.24681453125 0.6099103906250001
vt 0.16724796875 0.6099103906250001
vt 0.174953828125 0.578125
vn -0.3048667708295798 -0.8258437630153487 -0.47438205186599675
vn -0.535770709007554 -0.14303601628649984 -0.8321601080407731
vn -0.5350789959010657 0.1430693564710166 -0.8325993198318604
vn -0.5129409782322841 -0.8258435369078359 -0.23425201257975026
vn -0.9003631147958735 -0.1445348978399021 -0.4104338251429602
vn -0.900077078200606 0.14456196331019538 -0.41105120369822834
vn -0.5581595839373299 -0.8258435879555361 0.08025115009539416
vn -0.9792387461953024 -0.14608510294069152 0.14053690137704028
vn -0.9792041183508292 0.14607494000116494 0.1407885169622561
vn -0.4261670898181799 -0.8258431767212152 0.3692758576171953
vn -0.7481347217212718 -0.1468959227129103 0.6470827041772621
vn -0.7475555241641868 0.14685941855347207 0.6477600246030502
vn -0.15886940256255594 -0.8258435963449418 0.541057175634396
vn -0.27914100772902234 -0.14695649229916444 0.9489384000951545
vn -0.2786752955619814 0.14693609955852222 0.9490784278920108
vn 0.15886952632893475 -0.825843296381806 0.5410575971421646
vn 0.27914959887308016 -0.1467514391281928 0.9489676056445779
vn 0.2786821515263746 0.14677218783900625 0.949101777101688
vn 0.42616682535954914 -0.8258434156585532 0.3692756284625046
vn 0.7481768766606206 -0.1465201259362641 0.6471191651666484
vn 0.7475892253700172 0.14655875170065746 0.6477892268404923
vn 0.5581599313885203 -0.8258433482705371 0.0802512000512821
vn 0.9792543982507318 -0.14597798282258423 0.14053914770499526
vn 0.9792166501306349 0.14598917168596923 0.14079031876298456
vn 0.5129407592901293 -0.8258437012569005 -0.23425191259233927
vn 0.9003249203520474 -0.14482197643473577 -0.41041641406578355
vn 0.900046515296044 0.14479175607079617 -0.4110372460950263
vn 0.30486677638295523 -0.8258437560015757 -0.47438206050721937
vn 0.5357436177874152 -0.1433818688230843 -0.8321180299049241
vn 0.5350573598623862 0.1433459252360725 -0.8325656534924482
vn 0 -0.825843787560612 -0.563898961293194
vn 0 -0.1425636114671172 -0.9897856417858633
vn 0 0.14256361146711716 -0.9897856417858631
vn -0.3048665963147996 0.8258434607479507 -0.47438269023150204
vn -0.5129406114926185 0.8258439061890153 -0.23425151374547787
vn -0.5581602194797042 0.8258431499796255 0.08025123688827869
vn -0.42616701178781113 0.8258434099334966 0.36927542611614766
vn -0.15886899034752766 0.8258435103262485 0.5410574279667333
vn 0.15886908867049812 0.8258432720276397 0.5410577628236075
vn 0.4261669235006805 0.8258434897004933 0.3692753496149947
vn 0.5581598727334693 0.8258433891785 0.08025118703375081
vn 0.5129412823717777 0.8258434025933478 -0.23425182012492043
vn 0.30486614747797997 0.8258440276183213 -0.47438199182629603
vn 0 0.8258436340736964 -0.5638991860784608
usemtl m_fff6acb4-e166-8d77-84d8-149e6e4eee3c
f 579/2015/516 610/2016/516 609/2017/516 576/2018/516
f 576/2019/517 577/2020/517 580/2021/517 579/2022/517
f 577/2023/518 578/2024/518 581/2025/518 580/2026/518
f 582/2027/519 611/2028/519 610/2029/519 579/2030/519
f 579/2031/520 580/2032/520 583/2033/520 582/2034/520
f 580/2035/521 581/2036/521 584/2037/521 583/2038/521
f 585/2039/522 612/2040/522 611/2041/522 582/2042/522
f 582/2043/523 583/2044/523 586/2045/523 585/2046/523
f 583/2047/524 584/2048/524 587/2049/524 586/2050/524
f 588/2051/525 613/2052/525 612/2053/525 585/2054/525
f 585/2055/526 586/2056/526 589/2057/526 588/2058/526
f 586/2059/527 587/2060/527 590/2061/527 589/2062/527
f 591/2063/528 614/2064/528 613/2065/528 588/2066/528
f 588/2067/529 589/2068/529 592/2069/529 591/2070/529
f 589/2071/530 590/2072/530 593/2073/530 592/2074/530
f 594/2075/531 615/2076/531 614/2077/531 591/2078/531
f 591/2079/532 592/2080/532 595/2081/532 594/2082/532
f 592/2083/533 593/2084/533 596/2085/533 595/2086/533
f 597/2087/534 616/2088/534 615/2089/534 594/2090/534
f 594/2091/535 595/2092/535 598/2093/535 597/2094/535
f 595/2095/536 596/2096/536 599/2097/536 598/2098/536
f 600/2099/537 617/2100/537 616/2101/537 597/2102/537
f 597/2103/538 598/2104/538 601/2105/538 600/2106/538
f 598/2107/539 599/2108/539 602/2109/539 601/2110/539
f 603/2111/540 618/2112/540 617/2113/540 600/2114/540
f 600/2115/541 601/2116/541 604/2117/541 603/2118/541
f 601/2119/542 602/2120/542 605/2121/542 604/2122/542
f 606/2123/543 619/2124/543 618/2125/543 603/2126/543
f 603/2127/544 604/2128/544 607/2129/544 606/2130/544
f 604/2131/545 605/2132/545 608/2133/545 607/2134/545
f 576/2135/546 609/2136/546 619/2137/546 606/2138/546
f 606/2139/547 607/2140/547 577/2141/547 576/2142/547
f 607/2143/548 608/2144/548 578/2145/548 577/2146/548
f 578/2147/549 620/2148/549 621/2149/549 581/2150/549
f 581/2151/550 621/2152/550 622/2153/550 584/2154/550
f 584/2155/551 622/2156/551 623/2157/551 587/2158/551
f 587/2159/552 623/2160/552 624/2161/552 590/2162/552
f 590/2163/553 624/2164/553 625/2165/553 593/2166/553
f 593/2167/554 625/2168/554 626/2169/554 596/2170/554
f 596/2171/555 626/2172/555 627/2173/555 599/2174/555
f 599/2175/556 627/2176/556 628/2177/556 602/2178/556
f 602/2179/557 628/2180/557 629/2181/557 605/2182/557
f 605/2183/558 629/2184/558 630/2185/558 608/2186/558
f 608/2187/559 630/2188/559 620/2189/559 578/2190/559